date,regime_score,spy,sso,close,vix
2020-01-02,1.807,324.87,324.87,324.87,12.47
2020-01-03,1.807,322.41,319.95,322.41,14.02
2020-01-06,1.807,323.64,322.39,323.64,13.85
2020-01-07,1.807,322.73,320.58,322.73,13.79
2020-01-08,1.807,324.45,324.0,324.45,13.45
2020-01-09,1.807,326.65,328.39,326.65,12.54
2020-01-10,1.807,325.71,326.5,325.71,12.56
2020-01-13,1.807,327.95,330.99,327.95,12.32
2020-01-14,1.807,327.45,329.98,327.45,12.39
2020-01-15,1.807,328.19,331.47,328.19,12.42
2020-01-16,1.807,330.92,336.99,330.92,12.32
2020-01-17,1.807,331.95,339.08,331.95,12.1
2020-01-21,1.807,331.3,337.76,331.3,12.85
2020-01-22,1.807,331.34,337.84,331.34,12.91
2020-01-23,1.807,331.72,338.61,331.72,12.98
2020-01-24,1.807,328.77,332.59,328.77,14.56
2020-01-27,1.807,323.5,321.93,323.5,18.23
2020-01-28,1.807,326.89,328.68,326.89,16.28
2020-01-29,1.807,326.62,328.13,326.62,16.39
2020-01-30,1.807,327.68,330.26,327.68,15.49
2020-01-31,1.807,321.73,318.27,321.73,18.84
2020-02-03,3.106,324.12,323.0,324.12,17.97
2020-02-04,7.835,329.06,332.84,329.06,16.05
2020-02-05,8.128,332.86,340.53,332.86,15.15
2020-02-06,9.087,333.98,342.82,333.98,14.96
2020-02-07,7.84,332.2,339.17,332.2,15.47
2020-02-10,8.051,334.68,344.23,334.68,15.04
2020-02-11,7.946,335.26,345.42,335.26,15.18
2020-02-12,9.109,337.42,349.88,337.42,13.74
2020-02-13,9.041,337.06,349.13,337.06,14.15
2020-02-14,8.904,337.6,350.25,337.6,13.68
2020-02-18,8.788,336.73,348.44,336.73,14.83
2020-02-19,8.925,338.34,351.77,338.34,14.38
2020-02-20,7.839,336.95,348.88,336.95,15.56
2020-02-21,7.606,333.48,341.7,333.48,17.08
2020-02-24,1.614,322.42,319.03,322.42,25.03
2020-02-25,0.329,312.65,299.7,312.65,27.85
2020-02-26,0.0,311.5,297.49,311.5,27.56
2020-02-27,0.0,297.51,270.77,297.51,39.16
2020-02-28,0.0,296.26,268.5,296.26,40.11
2020-03-02,0.0,309.09,291.75,309.09,33.42
2020-03-03,0.0,300.24,275.04,300.24,36.82
2020-03-04,0.0,312.86,298.17,312.86,31.99
2020-03-05,0.0,302.46,278.34,302.46,39.62
2020-03-06,0.0,297.46,269.14,297.46,41.94
2020-03-09,0.0,274.23,227.1,274.23,54.46
2020-03-10,0.0,288.42,250.61,288.42,47.3
2020-03-11,0.0,274.36,226.17,274.36,53.9
2020-03-12,0.0,248.11,182.89,248.11,75.47
2020-03-13,0.0,269.32,214.16,269.32,57.83
2020-03-16,0.0,239.85,167.29,239.85,82.69
2020-03-17,0.0,252.8,185.36,252.8,75.91
2020-03-18,0.0,240.0,166.59,240.0,76.45
2020-03-19,0.0,240.51,167.3,240.51,72.0
2020-03-20,0.0,228.8,151.01,228.8,66.04
2020-03-23,0.0,222.95,143.28,222.95,61.59
2020-03-24,0.0,243.15,169.25,243.15,61.67
2020-03-25,0.0,246.79,174.32,246.79,63.95
2020-03-26,0.0,261.2,194.67,261.2,61.0
2020-03-27,0.0,253.42,183.08,253.42,65.54
2020-03-30,0.0,261.65,194.97,261.65,57.08
2020-03-31,0.0,257.75,189.15,257.75,53.54
2020-04-01,0.0,246.15,172.13,246.15,57.06
2020-04-02,0.0,251.83,180.07,251.83,50.91
2020-04-03,0.0,248.19,174.87,248.19,46.8
2020-04-06,0.0,264.86,198.36,264.86,45.24
2020-04-07,0.0,265.13,198.76,265.13,46.7
2020-04-08,0.0,274.03,212.11,274.03,43.35
2020-04-09,0.0,278.2,218.56,278.2,41.67
2020-04-13,0.0,275.66,214.57,275.66,41.17
2020-04-14,0.0,283.79,227.23,283.79,37.76
2020-04-15,0.0,277.76,217.57,277.76,40.84
2020-04-16,0.0,279.1,219.67,279.1,40.11
2020-04-17,0.0,286.64,231.54,286.64,38.15
2020-04-20,0.0,281.59,223.38,281.59,43.83
2020-04-21,0.0,273.04,209.82,273.04,45.41
2020-04-22,0.0,279.1,219.13,279.1,41.98
2020-04-23,0.0,279.08,219.1,279.08,41.38
2020-04-24,0.0,282.97,225.21,282.97,35.93
2020-04-27,1.0,287.05,231.7,287.05,33.29
2020-04-28,0.841,285.73,229.57,285.73,33.57
2020-04-29,1.0,293.21,241.59,293.21,31.23
2020-04-30,1.0,290.48,237.09,290.48,34.15
2020-05-01,1.0,282.79,224.54,282.79,37.19
2020-05-04,1.0,283.57,225.77,283.57,35.97
2020-05-05,1.611,286.19,229.95,286.19,33.61
2020-05-06,1.942,284.25,226.83,284.25,34.12
2020-05-07,1.496,287.68,232.3,287.68,31.44
2020-05-08,2.524,292.44,239.99,292.44,27.98
2020-05-11,2.722,292.5,240.09,292.5,27.57
2020-05-12,0.703,286.67,230.52,286.67,33.04
2020-05-13,0.0,281.6,222.37,281.6,35.28
2020-05-14,0.921,284.97,227.69,284.97,32.61
2020-05-15,0.475,286.28,229.78,286.28,31.89
2020-05-18,1.452,295.0,243.78,295.0,29.3
2020-05-19,1.887,291.97,238.77,291.97,30.53
2020-05-20,2.778,296.93,246.88,296.93,27.99
2020-05-21,2.132,294.88,243.47,294.88,29.53
2020-05-22,1.381,295.44,244.4,295.44,28.16
2020-05-26,1.838,299.08,250.42,299.08,28.01
2020-05-27,3.246,303.53,257.87,303.53,27.62
2020-05-28,1.666,302.97,256.92,302.97,28.59
2020-05-29,6.453,304.32,259.21,304.32,27.51
2020-06-01,6.11,305.55,261.31,305.55,28.23
2020-06-02,7.229,308.08,265.63,308.08,26.84
2020-06-03,7.316,312.18,272.7,312.18,25.66
2020-06-04,7.407,311.36,271.27,311.36,25.81
2020-06-05,7.5,319.34,285.18,319.34,24.52
2020-06-08,7.5,323.2,292.07,323.2,25.81
2020-06-09,7.434,320.79,287.72,320.79,27.57
2020-06-10,7.5,319.0,284.5,319.0,27.57
2020-06-11,1.35,300.61,251.7,300.61,40.79
2020-06-12,0.85,304.21,257.73,304.21,36.09
2020-06-15,5.451,307.05,262.54,307.05,34.4
2020-06-16,5.218,312.96,272.65,312.96,33.67
2020-06-17,5.349,311.66,270.38,311.66,33.47
2020-06-18,5.0,311.78,270.59,311.78,32.94
2020-06-19,3.933,308.64,265.14,308.64,35.12
2020-06-22,5.028,310.62,268.54,310.62,31.77
2020-06-23,4.867,312.05,271.02,312.05,31.37
2020-06-24,0.537,304.09,257.19,304.09,33.84
2020-06-25,4.289,307.35,262.7,307.35,32.22
2020-06-26,0.0,300.05,250.23,300.05,34.73
2020-06-29,0.429,304.46,257.58,304.46,31.78
2020-06-30,4.018,308.36,264.18,308.36,30.43
2020-07-01,3.894,310.52,267.88,310.52,28.62
2020-07-02,5.056,312.23,270.83,312.23,27.68
2020-07-06,4.857,317.05,279.19,317.05,27.94
2020-07-07,3.417,313.78,273.43,313.78,29.43
2020-07-08,3.713,316.18,277.62,316.18,28.08
2020-07-09,3.71,314.38,274.46,314.38,29.26
2020-07-10,6.13,317.59,280.06,317.59,27.29
2020-07-13,5.199,314.84,275.21,314.84,32.19
2020-07-14,5.273,318.92,282.34,318.92,29.52
2020-07-15,6.068,321.85,287.53,321.85,27.76
2020-07-16,6.086,320.79,285.64,320.79,28.0
2020-07-17,6.138,321.72,287.29,321.72,25.68
2020-07-20,6.516,324.32,291.94,324.32,24.46
2020-07-21,6.427,325.01,293.18,325.01,24.84
2020-07-22,6.449,326.86,296.52,326.86,24.32
2020-07-23,6.741,322.96,289.44,322.96,26.08
2020-07-24,6.38,320.88,285.71,320.88,25.84
2020-07-27,7.044,323.22,289.88,323.22,24.74
2020-07-28,7.598,321.17,286.2,321.17,25.44
2020-07-29,7.587,325.12,293.24,325.12,24.1
2020-07-30,7.366,323.96,291.15,323.96,24.76
2020-07-31,7.415,326.52,295.75,326.52,24.46
2020-08-03,7.241,328.79,299.86,328.79,24.28
2020-08-04,7.538,330.06,302.18,330.06,23.76
2020-08-05,7.508,332.11,305.93,332.11,22.99
2020-08-06,7.769,334.33,310.02,334.33,22.65
2020-08-07,7.569,334.57,310.47,334.57,22.21
2020-08-10,7.817,335.57,312.32,335.57,22.13
2020-08-11,7.37,332.8,307.17,332.8,24.03
2020-08-12,7.469,337.44,315.73,337.44,22.28
2020-08-13,7.5,336.83,314.59,336.83,22.13
2020-08-14,7.44,336.84,314.61,336.84,22.05
2020-08-17,7.338,337.91,316.61,337.91,21.35
2020-08-18,7.339,338.64,317.98,338.64,21.51
2020-08-19,7.135,337.23,315.33,337.23,22.54
2020-08-20,7.449,338.28,317.29,338.28,22.72
2020-08-21,7.659,339.48,319.54,339.48,22.54
2020-08-24,7.719,342.92,326.02,342.92,22.37
2020-08-25,7.929,344.12,328.3,344.12,22.03
2020-08-26,7.881,347.57,334.89,347.57,23.27
2020-08-27,8.005,348.33,336.35,348.33,24.47
2020-08-28,7.974,350.58,340.69,350.58,22.96
2020-08-31,7.748,349.31,338.23,349.31,26.41
2020-09-01,7.866,352.6,344.6,352.6,26.12
2020-09-02,8.041,357.7,354.57,357.7,26.57
2020-09-03,6.162,345.39,330.16,345.39,33.6
2020-09-04,4.978,342.57,324.77,342.57,30.75
2020-09-08,4.359,333.21,307.02,333.21,31.46
2020-09-09,4.92,339.79,319.15,339.79,28.81
2020-09-10,4.29,333.89,308.07,333.89,29.71
2020-09-11,5.336,334.06,308.38,334.06,26.87
2020-09-14,5.596,338.46,316.5,338.46,25.85
2020-09-15,5.634,340.17,319.7,340.17,25.59
2020-09-16,5.511,338.82,317.16,338.82,26.04
2020-09-17,5.418,335.84,311.58,335.84,26.46
2020-09-18,4.049,330.65,301.95,330.65,25.83
2020-09-21,3.763,326.97,295.23,326.97,27.78
2020-09-22,3.764,330.3,301.25,330.3,26.86
2020-09-23,2.252,322.64,287.27,322.64,28.58
2020-09-24,2.115,323.5,288.81,323.5,28.51
2020-09-25,3.375,328.73,298.14,328.73,26.38
2020-09-28,4.565,334.19,308.05,334.19,26.19
2020-09-29,4.03,332.37,304.69,332.37,26.27
2020-09-30,3.995,334.89,309.31,334.89,26.37
2020-10-01,3.845,337.04,313.28,337.04,26.7
2020-10-02,4.831,333.84,307.34,333.84,27.63
2020-10-05,5.336,339.76,318.24,339.76,27.96
2020-10-06,4.603,334.93,309.19,334.93,29.48
2020-10-07,4.557,340.76,319.95,340.76,28.06
2020-10-08,6.092,343.78,325.62,343.78,26.36
2020-10-09,6.266,346.85,331.44,346.85,25.0
2020-10-12,6.326,352.43,342.1,352.43,25.07
2020-10-13,6.086,350.13,337.64,350.13,26.07
2020-10-14,6.038,347.93,333.39,347.93,26.4
2020-10-15,6.194,347.5,332.57,347.5,26.97
2020-10-16,6.507,347.29,332.17,347.29,27.41
2020-10-19,5.42,342.01,322.07,342.01,29.18
2020-10-20,5.292,343.38,324.65,343.38,29.35
2020-10-21,5.745,342.73,323.42,342.73,28.65
2020-10-22,5.805,344.61,326.97,344.61,28.11
2020-10-23,6.537,345.78,329.19,345.78,27.55
2020-10-26,5.811,339.39,317.02,339.39,32.46
2020-10-27,4.852,338.22,314.83,338.22,33.35
2020-10-28,2.008,326.66,293.31,326.66,40.28
2020-10-29,2.081,329.98,299.28,329.98,37.59
2020-10-30,2.063,326.54,293.04,326.54,38.02
2020-11-02,1.937,330.2,299.6,330.2,37.13
2020-11-03,2.566,336.03,310.18,336.03,35.55
2020-11-04,4.663,343.54,324.05,343.54,29.57
2020-11-05,5.876,350.24,336.69,350.24,27.58
2020-11-06,5.691,350.16,336.53,350.16,24.86
2020-11-09,5.621,354.56,344.99,354.56,25.75
2020-11-10,5.723,354.04,343.98,354.04,24.8
2020-11-11,6.002,356.67,349.09,356.67,23.45
2020-11-12,5.829,353.21,342.32,353.21,25.35
2020-11-13,6.123,358.1,351.8,358.1,23.1
2020-11-16,6.702,362.57,360.58,362.57,22.45
2020-11-17,6.504,360.62,356.7,360.62,22.71
2020-11-18,6.291,356.28,348.11,356.28,23.84
2020-11-19,6.264,357.78,351.05,357.78,23.11
2020-11-20,6.052,355.33,346.24,355.33,23.7
2020-11-23,6.565,357.46,350.39,357.46,22.66
2020-11-24,6.978,363.22,361.68,363.22,21.64
2020-11-25,7.5,362.66,360.57,362.66,21.25
2020-11-27,7.5,363.67,362.57,363.67,20.84
2020-11-30,7.5,362.06,359.36,362.06,20.57
2020-12-01,8.5,366.02,367.23,366.02,20.77
2020-12-02,8.331,366.79,368.77,366.79,21.17
2020-12-03,7.848,366.69,368.57,366.69,21.28
2020-12-04,7.62,369.85,374.92,369.85,20.79
2020-12-07,7.581,369.09,373.38,369.09,21.3
2020-12-08,7.381,370.17,375.57,370.17,20.68
2020-12-09,7.224,366.85,368.83,366.85,22.27
2020-12-10,7.064,366.73,368.59,366.73,22.52
2020-12-11,7.241,366.3,367.72,366.3,23.31
2020-12-14,6.866,364.66,364.43,364.66,24.72
2020-12-15,6.887,369.59,374.28,369.59,22.89
2020-12-16,7.03,370.17,375.46,370.17,22.5
2020-12-17,7.396,372.24,379.66,372.24,21.93
2020-12-18,7.137,369.18,373.42,369.18,21.57
2020-12-21,7.205,367.86,370.75,367.86,25.16
2020-12-22,7.047,367.24,369.5,367.24,24.23
2020-12-23,6.74,367.57,370.16,367.57,23.31
2020-12-24,6.85,369.0,373.04,369.0,21.53
2020-12-28,6.967,372.17,379.45,372.17,21.7
2020-12-29,7.019,371.46,378.0,371.46,23.08
2020-12-30,6.826,371.99,379.08,371.99,22.77
2020-12-31,6.887,373.88,382.93,373.88,22.75
2021-01-04,6.615,368.79,372.51,368.79,26.97
2021-01-05,6.58,371.33,377.64,371.33,25.34
2021-01-06,6.742,373.55,382.15,373.55,25.07
2021-01-07,6.982,379.1,393.51,379.1,22.37
2021-01-08,7.286,381.26,397.99,381.26,21.56
2021-01-11,7.152,378.69,392.63,378.69,24.08
2021-01-12,7.181,378.77,392.79,378.77,23.33
2021-01-13,7.33,379.79,394.91,379.79,22.21
2021-01-14,6.98,378.46,392.14,378.46,23.25
2021-01-15,6.799,375.7,386.42,375.7,24.34
2021-01-19,6.844,378.65,392.49,378.65,23.24
2021-01-20,7.297,383.89,403.35,383.89,21.58
2021-01-21,7.391,384.24,404.09,384.24,21.32
2021-01-22,7.352,382.88,401.23,382.88,21.91
2021-01-25,7.415,384.39,404.39,384.39,23.19
2021-01-26,7.302,383.79,403.13,383.79,23.02
2021-01-27,4.62,374.41,383.43,374.41,37.21
2021-01-28,5.832,377.63,390.02,377.63,30.21
2021-01-29,5.397,370.07,374.41,370.07,33.09
2021-02-01,4.626,376.23,386.87,376.23,30.24
2021-02-02,6.192,381.55,397.81,381.55,25.56
2021-02-03,6.067,381.85,398.44,381.85,22.91
2021-02-04,6.177,386.19,407.49,386.19,21.77
2021-02-05,5.954,387.71,410.7,387.71,20.87
2021-02-08,5.985,390.51,416.63,390.51,21.24
2021-02-09,6.111,390.25,416.08,390.25,21.63
2021-02-10,6.097,390.08,415.72,390.08,21.99
2021-02-11,6.075,390.71,417.06,390.71,21.25
2021-02-12,6.249,392.64,421.18,392.64,19.97
2021-02-16,6.384,392.3,420.45,392.3,21.46
2021-02-17,7.226,392.39,420.64,392.39,21.5
2021-02-18,6.856,390.72,417.06,390.72,22.49
2021-02-19,6.801,390.03,415.59,390.03,22.05
2021-02-22,6.717,387.03,409.2,387.03,23.45
2021-02-23,6.662,387.5,410.19,387.5,23.11
2021-02-24,6.916,391.77,419.23,391.77,21.34
2021-02-25,5.923,382.33,399.03,382.33,28.89
2021-02-26,6.645,380.36,394.91,380.36,27.95
2021-03-01,7.554,389.58,414.06,389.58,23.35
2021-03-02,7.048,386.54,407.6,386.54,24.1
2021-03-03,6.493,381.42,396.8,381.42,26.67
2021-03-04,4.23,376.7,386.98,376.7,28.57
2021-03-05,5.367,383.63,401.22,383.63,24.66
2021-03-08,5.191,381.72,397.22,381.72,25.47
2021-03-09,5.329,387.17,408.57,387.17,24.03
2021-03-10,5.466,389.58,413.65,389.58,22.56
2021-03-11,5.677,393.53,422.04,393.53,21.91
2021-03-12,5.671,394.06,423.18,394.06,20.69
2021-03-15,5.692,396.41,428.22,396.41,20.03
2021-03-16,5.684,395.91,427.14,395.91,19.79
2021-03-17,5.748,397.26,430.06,397.26,19.23
2021-03-18,5.539,391.48,417.54,391.48,21.58
2021-03-19,5.472,389.48,413.28,389.48,20.95
2021-03-22,5.787,392.59,419.88,392.59,18.88
2021-03-23,5.603,389.5,413.27,389.5,20.3
2021-03-24,5.283,387.52,409.06,387.52,21.2
2021-03-25,5.886,389.7,413.67,389.7,19.81
2021-03-26,6.321,395.98,427.0,395.98,18.86
2021-03-29,5.818,395.78,426.57,395.78,20.74
2021-03-30,6.924,394.73,424.3,394.73,19.61
2021-03-31,7.282,396.33,427.74,396.33,19.4
2021-04-01,8.769,400.61,436.98,400.61,17.33
2021-04-05,8.685,406.36,449.53,406.36,17.91
2021-04-06,7.778,406.12,449.0,406.12,18.12
2021-04-07,8.503,406.59,450.04,406.59,17.16
2021-04-08,8.472,408.52,454.31,408.52,16.95
2021-04-09,8.413,411.49,460.91,411.49,16.69
2021-04-12,8.392,411.64,461.25,411.64,16.91
2021-04-13,8.33,412.86,463.98,412.86,16.65
2021-04-14,8.285,411.45,460.81,411.45,16.99
2021-04-15,8.437,415.87,470.72,415.87,16.57
2021-04-16,8.817,417.26,473.86,417.26,16.25
2021-04-19,8.821,415.21,469.21,415.21,17.29
2021-04-20,7.497,412.17,462.33,412.17,18.68
2021-04-21,8.864,416.07,471.08,416.07,17.5
2021-04-22,7.777,412.27,462.48,412.27,18.71
2021-04-23,8.888,416.74,472.51,416.74,17.33
2021-04-26,8.592,417.61,474.48,417.61,17.64
2021-04-27,8.599,417.52,474.28,417.52,17.56
2021-04-28,8.649,417.4,474.0,417.4,17.28
2021-04-29,8.697,420.06,480.05,420.06,17.61
2021-04-30,7.333,417.3,473.74,417.3,18.61
2021-05-03,7.083,418.2,475.78,418.2,18.31
2021-05-04,6.968,415.62,469.91,415.62,19.48
2021-05-05,6.951,415.75,470.2,415.75,19.15
2021-05-06,7.016,419.07,477.71,419.07,18.39
2021-05-07,8.017,422.12,484.67,422.12,16.69
2021-05-10,6.806,417.94,475.07,417.94,19.66
2021-05-11,6.565,414.21,466.59,414.21,21.84
2021-05-12,5.206,405.41,446.76,405.41,27.59
2021-05-13,6.231,410.28,457.5,410.28,23.13
2021-05-14,6.467,416.58,471.55,416.58,18.81
2021-05-17,6.515,415.52,469.15,415.52,19.72
2021-05-18,6.489,411.94,461.06,411.94,21.34
2021-05-19,6.25,410.86,458.65,410.86,22.18
2021-05-20,6.646,415.28,468.51,415.28,20.67
2021-05-21,6.414,414.94,467.75,414.94,20.15
2021-05-24,6.575,419.17,477.28,419.17,18.4
2021-05-25,6.534,418.24,475.17,418.24,18.84
2021-05-26,7.58,419.07,477.05,419.07,17.36
2021-05-27,7.463,419.29,477.55,419.29,16.74
2021-05-28,7.631,420.04,479.26,420.04,16.76
2021-06-01,7.57,419.67,478.42,419.67,17.9
2021-06-02,7.727,420.33,479.92,420.33,17.48
2021-06-03,6.645,418.77,476.36,418.77,18.04
2021-06-04,7.668,422.6,485.07,422.6,16.42
2021-06-07,7.503,422.19,484.13,422.19,16.42
2021-06-08,7.708,422.28,484.34,422.28,17.07
2021-06-09,7.859,421.65,482.89,421.65,17.89
2021-06-10,8.398,423.61,487.38,423.61,16.1
2021-06-11,8.184,424.31,488.99,424.31,15.65
2021-06-14,7.917,425.26,491.18,425.26,16.39
2021-06-15,7.931,424.48,489.38,424.48,17.02
2021-06-16,6.994,422.11,483.92,422.11,18.15
2021-06-17,8.041,421.97,483.59,421.97,17.75
2021-06-18,5.483,414.92,467.44,414.92,20.7
2021-06-21,7.785,420.86,480.82,420.86,17.89
2021-06-22,7.688,423.11,485.96,423.11,16.66
2021-06-23,7.708,422.6,484.79,422.6,16.32
2021-06-24,7.788,425.1,490.52,425.1,15.97
2021-06-25,7.849,426.61,494.01,426.61,15.62
2021-06-28,7.854,427.47,496.0,427.47,15.76
2021-06-29,7.883,427.7,496.53,427.7,16.02
2021-06-30,7.868,428.06,497.37,428.06,15.83
2021-07-01,8.057,430.43,502.88,430.43,15.48
2021-07-02,8.026,433.72,510.57,433.72,15.07
2021-07-06,8.009,432.93,508.71,432.93,16.44
2021-07-07,8.077,434.46,512.3,434.46,16.2
2021-07-08,6.94,430.92,503.95,430.92,19.0
2021-07-09,8.062,435.52,514.71,435.52,16.18
2021-07-12,8.102,437.08,518.4,437.08,16.17
2021-07-13,7.986,435.59,514.86,435.59,17.12
2021-07-14,8.054,436.24,516.4,436.24,16.33
2021-07-15,8.099,434.75,512.87,434.75,17.01
2021-07-16,6.944,431.34,504.83,431.34,18.45
2021-07-19,6.984,424.97,489.92,424.97,22.5
2021-07-20,6.985,431.06,503.96,431.06,19.73
2021-07-21,8.041,434.55,512.12,434.55,17.91
2021-07-22,8.109,435.46,514.26,435.46,17.69
2021-07-23,8.198,439.94,524.85,439.94,17.2
2021-07-26,8.176,441.02,527.42,441.02,17.58
2021-07-27,7.04,439.01,522.61,439.01,19.36
2021-07-28,7.02,438.83,522.19,438.83,18.31
2021-07-29,8.088,440.65,526.52,440.65,17.7
2021-07-30,6.875,438.51,521.4,438.51,18.24
2021-08-02,6.678,437.59,519.22,437.59,19.46
2021-08-03,6.88,441.15,527.66,441.15,18.04
2021-08-04,7.708,438.98,522.47,438.98,17.97
2021-08-05,8.003,441.76,529.09,441.76,17.28
2021-08-06,7.82,442.49,530.84,442.49,16.15
2021-08-09,7.731,442.13,529.98,442.13,16.72
2021-08-10,7.826,442.68,531.29,442.68,16.79
2021-08-11,7.846,443.78,533.93,443.78,16.06
2021-08-12,7.977,445.11,537.13,445.11,15.59
2021-08-13,8.176,445.92,539.09,445.92,15.45
2021-08-16,8.535,446.97,541.63,446.97,16.12
2021-08-17,8.102,444.04,534.53,444.04,17.91
2021-08-18,6.713,439.18,522.83,439.18,21.57
2021-08-19,6.702,439.86,524.45,439.86,21.67
2021-08-20,6.655,443.36,532.79,443.36,18.56
2021-08-23,7.783,447.26,542.16,447.26,17.15
2021-08-24,7.908,447.97,543.89,447.97,17.22
2021-08-25,7.959,448.91,546.17,448.91,16.79
2021-08-26,6.755,446.26,539.72,446.26,18.84
2021-08-27,8.035,450.25,549.37,450.25,16.39
2021-08-30,8.169,452.23,554.2,452.23,16.19
2021-08-31,7.972,451.56,552.56,451.56,16.48
2021-09-01,8.084,451.8,553.15,451.8,16.11
2021-09-02,8.017,453.19,556.55,453.19,16.41
2021-09-03,7.979,453.08,556.28,453.08,16.41
2021-09-07,6.922,451.46,552.3,451.46,18.14
2021-09-08,7.872,450.91,550.96,450.91,17.96
2021-09-09,6.734,448.98,546.24,448.98,18.8
2021-09-10,6.515,445.44,537.63,445.44,20.95
2021-09-13,6.53,446.58,540.38,446.58,19.37
2021-09-14,6.375,444.17,534.55,444.17,19.46
2021-09-15,6.673,447.88,543.48,447.88,18.18
2021-09-16,6.864,447.17,541.75,447.17,18.69
2021-09-17,5.57,441.4,527.77,441.4,20.81
2021-09-20,5.08,434.04,510.17,434.04,25.71
2021-09-21,4.891,433.63,509.21,433.63,24.36
2021-09-22,5.049,437.86,519.14,437.86,20.87
2021-09-23,6.245,443.18,531.76,443.18,18.63
2021-09-24,7.395,443.91,533.51,443.91,17.75
2021-09-27,6.162,442.64,530.46,442.64,18.76
2021-09-28,4.681,433.72,509.08,433.72,23.25
2021-09-29,4.742,434.45,510.79,434.45,22.56
2021-09-30,4.497,429.14,498.31,429.14,23.14
2021-10-01,4.664,434.24,510.15,434.24,21.15
2021-10-04,4.421,428.64,496.99,428.64,22.96
2021-10-05,4.687,433.1,507.33,433.1,21.3
2021-10-06,4.79,434.9,511.55,434.9,21.0
2021-10-07,5.04,438.66,520.4,438.66,19.54
2021-10-08,5.16,437.86,518.5,437.86,18.77
2021-10-11,4.968,434.69,510.99,434.69,20.0
2021-10-12,5.025,433.62,508.48,433.62,19.85
2021-10-13,4.933,435.18,512.13,435.18,18.64
2021-10-14,7.291,442.5,529.36,442.5,16.86
2021-10-15,6.703,445.87,537.43,445.87,16.3
2021-10-18,7.106,447.19,540.61,447.19,16.31
2021-10-19,8.285,450.64,548.95,450.64,15.7
2021-10-20,8.165,452.41,553.26,452.41,15.49
2021-10-21,7.97,453.59,556.15,453.59,15.01
2021-10-22,7.915,453.12,555.0,453.12,15.43
2021-10-25,8.083,455.55,560.95,455.55,15.24
2021-10-26,8.526,455.96,561.96,455.96,15.98
2021-10-27,8.397,453.94,556.98,453.94,16.98
2021-10-28,8.86,458.32,567.73,458.32,16.53
2021-10-29,8.652,459.25,570.03,459.25,16.26
2021-11-01,8.965,460.04,571.99,460.04,16.41
2021-11-02,8.83,461.9,576.62,461.9,16.03
2021-11-03,8.871,464.72,583.66,464.72,15.1
2021-11-04,8.788,466.91,589.16,466.91,15.44
2021-11-05,8.901,468.53,593.25,468.53,16.48
2021-11-08,9.075,468.93,594.26,468.93,17.22
2021-11-09,9.057,467.38,590.33,467.38,17.78
2021-11-10,7.807,463.62,580.83,463.62,18.73
2021-11-11,8.461,463.77,581.21,463.77,17.66
2021-11-12,8.46,467.27,589.98,467.27,16.29
2021-11-15,8.405,467.43,590.39,467.43,16.49
2021-11-16,8.327,469.28,595.06,469.28,16.37
2021-11-17,8.195,468.14,592.17,468.14,17.11
2021-11-18,8.212,469.73,596.19,469.73,17.59
2021-11-19,8.196,468.89,594.06,468.89,17.91
2021-11-22,7.028,467.57,590.71,467.57,19.17
2021-11-23,7.036,468.19,592.28,468.19,19.38
2021-11-24,7.183,469.44,595.44,469.44,18.58
2021-11-26,5.528,458.97,568.88,458.97,28.62
2021-11-29,6.733,464.6,582.84,464.6,22.96
2021-11-30,5.305,455.56,560.16,455.56,27.19
2021-12-01,4.006,450.5,547.71,450.5,31.12
2021-12-02,6.185,457.4,564.49,457.4,27.95
2021-12-03,3.922,453.42,554.67,453.42,30.67
2021-12-06,6.084,458.79,567.81,458.79,27.18
2021-12-07,6.472,468.28,591.3,468.28,21.89
2021-12-08,5.592,469.52,594.43,469.52,19.9
2021-12-09,5.618,466.35,586.4,466.35,21.58
2021-12-10,5.801,470.74,597.44,470.74,18.69
2021-12-13,5.47,466.57,586.86,466.57,20.31
2021-12-14,5.326,463.36,578.78,463.36,21.89
2021-12-15,5.556,470.6,596.87,470.6,19.29
2021-12-16,5.428,466.45,586.34,466.45,20.57
2021-12-17,5.08,459.87,569.8,459.87,21.57
2021-12-20,3.907,454.98,557.68,454.98,22.87
2021-12-21,5.307,463.06,577.49,463.06,21.01
2021-12-22,5.479,467.69,589.04,467.69,18.63
2021-12-23,6.549,470.6,596.37,470.6,17.96
2021-12-27,7.297,477.26,613.25,477.26,17.68
2021-12-28,7.028,476.87,612.25,476.87,17.54
2021-12-29,7.462,477.48,613.81,477.48,16.95
2021-12-30,7.639,476.16,610.42,476.16,17.33
2021-12-31,7.268,474.96,607.34,474.96,17.22
2022-01-03,7.571,477.71,614.37,477.71,16.6
2022-01-04,7.318,477.55,613.96,477.55,16.91
2022-01-05,6.504,468.38,590.38,468.38,19.73
2022-01-06,6.433,467.94,589.27,467.94,19.61
2022-01-07,6.489,466.09,584.62,466.09,18.76
2022-01-10,6.278,465.51,583.16,465.51,19.4
2022-01-11,6.636,469.75,593.78,469.75,18.41
2022-01-12,7.831,471.02,596.99,471.02,17.62
2022-01-13,5.242,464.53,580.54,464.53,20.31
2022-01-14,5.426,464.72,581.02,464.72,19.19
2022-01-18,5.353,456.49,560.44,456.49,22.79
2022-01-19,5.358,451.75,548.8,451.75,23.85
2022-01-20,4.796,446.75,536.65,446.75,25.59
2022-01-21,0.0,437.98,515.58,437.98,28.85
2022-01-24,3.193,439.84,519.96,439.84,29.9
2022-01-25,0.0,434.47,507.26,434.47,31.16
2022-01-26,0.0,433.38,504.72,433.38,31.96
2022-01-27,0.0,431.24,499.73,431.24,30.49
2022-01-28,4.063,441.95,524.56,441.95,27.66
2022-01-31,3.445,449.91,543.45,449.91,24.83
2022-02-01,3.463,452.95,550.8,452.95,21.96
2022-02-02,4.654,457.35,561.5,457.35,22.09
2022-02-03,3.57,446.6,535.1,446.6,24.35
2022-02-04,3.678,448.7,540.13,448.7,23.22
2022-02-07,3.692,447.26,536.67,447.26,22.86
2022-02-08,3.874,450.94,545.5,450.94,21.44
2022-02-09,4.98,457.54,561.47,457.54,19.96
2022-02-10,3.579,449.32,541.29,449.32,23.91
2022-02-11,3.464,440.46,519.94,440.46,27.36
2022-02-14,0.0,439.02,516.54,439.02,28.33
2022-02-15,4.045,446.1,533.21,446.1,25.7
2022-02-16,4.272,446.6,534.4,446.6,24.29
2022-02-17,0.0,437.06,511.57,437.06,28.11
2022-02-18,0.829,434.23,504.94,434.23,27.75
2022-02-22,0.0,429.57,494.11,429.57,28.81
2022-02-23,0.0,421.95,476.58,421.95,31.02
2022-02-24,0.0,428.3,490.92,428.3,30.32
2022-02-25,1.302,437.75,512.58,437.75,27.59
2022-02-28,0.0,436.63,509.96,436.63,30.15
2022-03-01,0.0,429.98,494.43,429.98,33.32
2022-03-02,0.0,437.89,512.62,437.89,30.74
2022-03-03,0.0,435.71,507.52,435.71,30.48
2022-03-04,0.0,432.17,499.27,432.17,31.98
2022-03-07,0.0,419.43,469.83,419.43,36.45
2022-03-08,0.0,416.25,462.71,416.25,35.13
2022-03-09,0.0,427.41,487.52,427.41,32.45
2022-03-10,0.0,425.48,483.12,425.48,30.23
2022-03-11,0.0,420.07,470.83,420.07,30.75
2022-03-14,0.0,417.0,463.95,417.0,31.77
2022-03-15,0.0,426.17,484.35,426.17,29.83
2022-03-16,0.03,435.62,505.83,435.62,26.67
2022-03-17,4.752,441.07,518.49,441.07,25.67
2022-03-18,5.341,444.52,526.6,444.52,23.87
2022-03-21,5.468,444.39,526.29,444.39,23.53
2022-03-22,5.932,449.59,538.61,449.59,22.94
2022-03-23,6.036,443.8,524.74,443.8,23.57
2022-03-24,6.036,450.49,540.56,450.49,21.67
2022-03-25,5.683,452.69,545.84,452.69,20.81
2022-03-28,6.383,455.91,553.6,455.91,19.63
2022-03-29,6.968,461.55,567.3,461.55,18.9
2022-03-30,6.45,458.7,560.29,458.7,19.33
2022-03-31,6.231,451.64,543.05,451.64,20.56
2022-04-01,6.46,452.92,546.12,452.92,19.63
2022-04-04,7.282,456.8,555.48,456.8,18.57
2022-04-05,7.171,451.03,541.45,451.03,21.03
2022-04-06,6.394,446.52,530.62,446.52,22.1
2022-04-07,6.595,448.77,535.97,448.77,21.55
2022-04-08,6.809,447.57,533.1,447.57,21.16
2022-04-11,2.099,439.92,514.88,439.92,24.37
2022-04-12,1.569,438.29,511.06,438.29,24.26
2022-04-13,4.853,443.31,522.77,443.31,21.82
2022-04-14,0.851,437.79,509.75,437.79,22.7
2022-04-18,0.705,437.97,510.17,437.97,22.17
2022-04-19,6.529,445.04,526.64,445.04,21.37
2022-04-20,5.283,444.71,525.86,444.71,20.32
2022-04-21,0.741,438.06,510.13,438.06,22.68
2022-04-22,0.0,426.04,482.14,426.04,28.21
2022-04-25,0.0,428.51,487.73,428.51,27.02
2022-04-26,0.0,416.1,459.48,416.1,33.52
2022-04-27,0.0,417.27,462.06,417.27,31.6
2022-04-28,0.0,427.81,485.4,427.81,29.99
2022-04-29,0.0,412.0,449.53,412.0,33.4
2022-05-02,0.0,414.48,454.94,414.48,32.34
2022-05-03,0.0,416.38,459.11,416.38,29.25
2022-05-04,0.0,429.06,487.07,429.06,25.42
2022-05-05,0.0,413.81,452.45,413.81,31.2
2022-05-06,0.0,411.34,447.05,411.34,30.19
2022-05-09,0.0,398.17,418.42,398.17,34.75
2022-05-10,0.0,399.09,420.36,399.09,32.99
2022-05-11,0.0,392.75,407.0,392.75,32.56
2022-05-12,0.0,392.34,406.15,392.34,31.77
2022-05-13,0.0,401.72,425.57,401.72,28.87
2022-05-16,0.0,400.09,422.12,400.09,27.47
2022-05-17,0.0,408.32,439.48,408.32,26.1
2022-05-18,0.0,391.86,404.05,391.86,30.96
2022-05-19,0.0,389.46,399.1,389.46,29.35
2022-05-20,0.0,389.63,399.45,389.63,29.43
2022-05-23,0.0,396.92,414.4,396.92,28.48
2022-05-24,0.0,393.89,408.07,393.89,29.45
2022-05-25,0.0,397.37,415.28,397.37,28.37
2022-05-26,0.0,405.31,431.88,405.31,27.5
2022-05-27,0.158,415.26,453.08,415.26,25.72
2022-05-31,0.425,412.93,448.0,412.93,26.19
2022-06-01,0.174,409.59,440.75,409.59,25.69
2022-06-02,0.0,417.39,457.54,417.39,24.72
2022-06-03,0.342,410.54,442.52,410.54,24.79
2022-06-06,0.522,411.79,445.21,411.79,25.07
2022-06-07,1.383,415.74,453.75,415.74,24.02
2022-06-08,1.108,411.22,443.89,411.22,23.96
2022-06-09,0.943,401.44,422.77,401.44,26.09
2022-06-10,0.0,389.8,398.26,389.8,27.75
2022-06-13,0.0,375.0,368.01,375.0,34.02
2022-06-14,0.0,373.87,365.8,373.87,32.69
2022-06-15,0.0,379.2,376.23,379.2,29.62
2022-06-16,0.0,366.65,351.32,366.65,32.95
2022-06-17,0.0,365.86,349.81,365.86,31.13
2022-06-21,0.0,375.07,367.42,375.07,30.19
2022-06-22,0.0,374.39,366.09,374.39,28.95
2022-06-23,0.0,378.06,373.27,378.06,29.05
2022-06-24,0.133,390.08,397.0,390.08,27.23
2022-06-27,0.0,388.59,393.97,388.59,26.95
2022-06-28,0.0,380.65,377.87,380.65,28.36
2022-06-29,0.0,380.34,377.25,380.34,28.16
2022-06-30,0.0,377.25,371.12,377.25,28.71
2022-07-01,0.0,381.24,378.97,381.24,26.7
2022-07-05,0.0,381.96,380.4,381.96,27.54
2022-07-06,0.0,383.25,382.97,383.25,26.73
2022-07-07,0.0,388.99,394.45,388.99,26.08
2022-07-08,0.0,388.67,393.8,388.67,24.64
2022-07-11,0.0,384.23,384.8,384.23,26.17
2022-07-12,0.04,380.83,377.99,380.83,27.29
2022-07-13,0.704,378.83,374.02,378.83,26.82
2022-07-14,1.216,377.91,372.2,377.91,26.4
2022-07-15,1.313,385.13,386.43,385.13,24.23
2022-07-18,1.835,381.95,380.04,381.95,25.3
2022-07-19,2.444,392.27,400.58,392.27,24.5
2022-07-20,3.05,394.77,405.69,394.77,23.88
2022-07-21,3.303,398.79,413.95,398.79,23.11
2022-07-22,2.901,395.09,406.27,395.09,23.03
2022-07-25,2.281,395.57,407.25,395.57,23.36
2022-07-26,1.118,390.89,397.62,390.89,24.69
2022-07-27,3.071,401.04,418.27,401.04,23.24
2022-07-28,3.353,406.07,428.76,406.07,22.33
2022-07-29,3.842,411.99,441.26,411.99,21.33
2022-08-01,3.549,410.77,438.65,410.77,22.84
2022-08-02,3.367,408.06,432.86,408.06,23.93
2022-08-03,3.628,414.45,446.42,414.45,21.95
2022-08-04,3.295,414.17,445.81,414.17,21.44
2022-08-05,3.276,413.47,444.31,413.47,21.15
2022-08-08,3.497,412.99,443.28,412.99,21.29
2022-08-09,3.603,411.35,439.75,411.35,21.77
2022-08-10,7.5,419.99,458.23,419.99,19.74
2022-08-11,7.5,419.99,458.23,419.99,20.2
2022-08-12,7.5,427.1,473.74,427.1,19.53
2022-08-15,7.5,428.86,477.65,428.86,19.95
2022-08-16,7.408,429.7,479.52,429.7,19.69
2022-08-17,7.115,426.65,472.71,426.65,19.9
2022-08-18,6.959,427.89,475.46,427.89,19.56
2022-08-19,6.869,422.14,462.68,422.14,20.6
2022-08-22,2.899,413.35,443.41,413.35,23.8
2022-08-23,3.098,412.35,441.27,412.35,24.11
2022-08-24,2.63,413.67,444.09,413.67,22.82
2022-08-25,6.162,419.51,456.63,419.51,21.78
2022-08-26,0.676,405.31,425.72,405.31,25.56
2022-08-29,0.604,402.63,420.09,402.63,26.21
2022-08-30,0.517,398.21,410.86,398.21,26.21
2022-08-31,0.07,395.18,404.61,395.18,25.87
2022-09-01,0.143,396.42,407.15,396.42,25.56
2022-09-02,0.0,392.24,398.56,392.24,25.47
2022-09-06,0.0,390.76,395.56,390.76,26.91
2022-09-07,0.34,397.78,409.77,397.78,24.64
2022-09-08,0.066,400.38,415.13,400.38,23.61
2022-09-09,1.362,406.6,428.02,406.6,22.79
2022-09-12,1.245,410.97,437.22,410.97,23.87
2022-09-13,0.0,393.1,399.2,393.1,27.27
2022-09-14,0.0,394.6,402.25,394.6,26.16
2022-09-15,0.0,390.12,393.11,390.12,26.27
2022-09-16,0.0,385.56,383.92,385.56,26.3
2022-09-19,0.0,388.55,389.88,388.55,25.76
2022-09-20,0.0,384.09,380.93,384.09,27.16
2022-09-21,0.0,377.39,367.64,377.39,27.99
2022-09-22,0.0,374.22,361.46,374.22,27.35
2022-09-23,0.0,367.95,349.35,367.95,29.92
2022-09-26,0.0,364.31,342.44,364.31,32.26
2022-09-27,0.0,363.38,340.69,363.38,32.6
2022-09-28,0.0,370.53,354.1,370.53,30.18
2022-09-29,0.0,362.79,339.3,362.79,31.84
2022-09-30,0.0,357.18,328.81,357.18,31.62
2022-10-03,0.0,366.61,346.17,366.61,30.1
2022-10-04,0.0,377.97,367.63,377.97,29.07
2022-10-05,0.0,377.09,365.91,377.09,28.55
2022-10-06,0.0,373.2,358.36,373.2,30.52
2022-10-07,0.0,362.79,338.37,362.79,31.36
2022-10-10,0.0,360.02,333.2,360.02,32.45
2022-10-11,0.0,357.74,328.98,357.74,33.63
2022-10-12,0.0,356.56,326.81,356.56,33.57
2022-10-13,0.0,365.97,344.06,365.97,31.94
2022-10-14,0.0,357.63,328.38,357.63,32.02
2022-10-17,0.0,366.82,345.26,366.82,31.37
2022-10-18,0.0,371.13,353.37,371.13,30.5
2022-10-19,0.0,368.5,348.36,368.5,30.76
2022-10-20,0.0,365.41,342.52,365.41,29.98
2022-10-21,0.0,374.29,359.17,374.29,29.69
2022-10-24,0.299,378.87,367.96,378.87,29.85
2022-10-25,1.686,384.92,379.71,384.92,28.46
2022-10-26,2.12,382.02,373.99,382.02,27.28
2022-10-27,1.448,379.98,370.0,379.98,27.39
2022-10-28,3.283,389.02,387.6,389.02,25.75
2022-10-31,2.569,386.21,382.0,386.21,25.88
2022-11-01,1.847,384.52,378.66,384.52,25.81
2022-11-02,0.382,374.87,359.65,374.87,25.86
2022-11-03,0.383,371.01,352.24,371.01,25.3
2022-11-04,1.248,376.35,362.38,376.35,24.55
2022-11-07,1.607,379.95,369.32,379.95,24.35
2022-11-08,2.856,382.0,373.3,382.0,25.54
2022-11-09,1.486,374.13,357.92,374.13,26.09
2022-11-10,3.07,394.69,397.26,394.69,23.53
2022-11-11,3.5,398.51,404.95,398.51,22.52
2022-11-14,3.043,395.12,398.06,395.12,23.73
2022-11-15,2.974,398.49,404.85,398.49,24.54
2022-11-16,2.963,395.45,398.67,395.45,24.11
2022-11-17,3.078,394.24,396.23,394.24,23.93
2022-11-18,2.662,396.03,399.83,396.03,23.12
2022-11-21,2.33,394.59,396.92,394.59,22.36
2022-11-22,2.278,399.9,407.61,399.9,21.29
2022-11-23,6.068,402.42,412.74,402.42,20.35
2022-11-25,6.176,402.33,412.56,402.33,20.5
2022-11-28,1.854,395.91,399.39,395.91,22.21
2022-11-29,1.967,395.23,398.02,395.23,21.89
2022-11-30,6.205,407.68,423.1,407.68,20.58
2022-12-01,6.734,407.38,422.47,407.38,19.84
2022-12-02,6.935,406.91,421.5,406.91,19.06
2022-12-05,2.735,399.59,406.33,399.59,20.75
2022-12-06,2.231,393.83,394.62,393.83,22.17
2022-12-07,2.084,393.16,393.28,393.16,22.68
2022-12-08,2.682,396.24,399.44,396.24,22.29
2022-12-09,1.429,393.28,393.47,393.28,22.83
2022-12-12,2.022,398.95,404.82,398.95,25.0
2022-12-13,5.847,401.97,410.95,401.97,22.55
2022-12-14,2.046,399.4,405.69,399.4,21.14
2022-12-15,0.706,389.63,385.84,389.63,22.83
2022-12-16,0.443,383.27,373.25,383.27,22.62
2022-12-19,0.191,380.02,366.92,380.02,22.42
2022-12-20,0.288,380.54,367.92,380.54,21.48
2022-12-21,0.316,386.23,378.92,386.23,20.07
2022-12-22,0.0,380.72,368.11,380.72,21.97
2022-12-23,0.035,382.91,372.35,382.91,20.87
2022-12-27,0.267,381.4,369.41,381.4,21.65
2022-12-28,0.06,376.66,360.23,376.66,22.14
2022-12-29,0.0,383.44,373.2,383.44,21.44
2022-12-30,0.0,382.43,371.23,382.43,21.67
2023-01-03,0.0,380.82,368.1,380.82,22.9
2023-01-04,0.208,383.76,373.79,383.76,22.01
2023-01-05,0.266,379.38,365.26,379.38,22.46
2023-01-06,1.742,388.08,382.01,388.08,21.13
2023-01-09,1.577,387.86,381.58,387.86,21.97
2023-01-10,1.863,390.58,386.93,390.58,20.58
2023-01-11,1.828,395.52,396.71,395.52,21.09
2023-01-12,1.751,396.96,399.6,396.96,18.83
2023-01-13,5.455,398.5,402.7,398.5,18.35
2023-01-17,2.418,397.77,401.23,397.77,19.36
2023-01-18,2.429,391.49,388.56,391.49,20.34
2023-01-19,1.454,388.64,382.9,388.64,20.52
2023-01-20,2.806,395.88,397.17,395.88,19.85
2023-01-23,6.246,400.63,406.7,400.63,19.81
2023-01-24,6.523,400.2,405.83,400.2,19.2
2023-01-25,6.411,400.35,406.13,400.35,19.08
2023-01-26,6.724,404.75,415.06,404.75,18.73
2023-01-27,7.041,405.68,416.96,405.68,18.51
2023-01-30,7.395,400.59,406.5,400.59,19.94
2023-01-31,7.758,406.48,418.46,406.48,19.4
2023-02-01,8.074,410.8,427.35,410.8,17.87
2023-02-02,7.221,416.78,439.79,416.78,18.73
2023-02-03,7.238,412.35,430.44,412.35,18.33
2023-02-06,6.621,409.83,425.18,409.83,19.43
2023-02-07,7.909,415.19,436.3,415.19,18.66
2023-02-08,7.528,410.65,426.76,410.65,19.63
2023-02-09,6.085,407.09,419.36,407.09,20.71
2023-02-10,6.058,408.04,421.32,408.04,20.53
2023-02-13,6.219,412.83,431.21,412.83,20.34
2023-02-14,6.248,412.64,430.81,412.64,18.91
2023-02-15,6.649,413.98,433.61,413.98,18.23
2023-02-16,7.511,408.28,421.67,408.28,20.17
2023-02-17,6.075,407.26,419.56,407.26,20.02
2023-02-21,1.923,399.09,402.73,399.09,22.87
2023-02-22,0.917,398.54,401.62,398.54,22.29
2023-02-23,5.515,400.66,405.89,400.66,21.14
2023-02-24,0.586,396.38,397.22,396.38,21.67
2023-02-27,0.608,397.73,399.93,397.73,20.95
2023-02-28,0.784,396.26,396.97,396.26,20.7
2023-03-01,1.422,394.74,393.93,394.74,20.58
2023-03-02,1.368,397.81,400.05,397.81,19.59
2023-03-03,5.896,404.19,412.88,404.19,18.49
2023-03-06,6.118,404.47,413.46,404.47,18.61
2023-03-07,1.436,398.27,400.78,398.27,19.59
2023-03-08,1.216,398.92,402.09,398.92,19.11
2023-03-09,1.07,391.56,387.25,391.56,22.61
2023-03-10,0.959,385.91,376.08,385.91,24.8
2023-03-13,0.888,385.36,375.0,385.36,26.52
2023-03-14,0.978,391.73,387.4,391.73,23.73
2023-03-15,0.0,389.28,382.56,389.28,26.14
2023-03-16,0.137,396.11,395.98,396.11,22.99
2023-03-17,0.104,389.99,383.74,389.99,25.51
2023-03-20,0.336,393.74,391.12,393.74,24.15
2023-03-21,1.991,398.91,401.4,398.91,21.38
2023-03-22,0.677,392.11,387.71,392.11,22.26
2023-03-23,0.626,393.17,389.81,393.17,22.61
2023-03-24,0.968,395.75,394.92,395.75,21.74
2023-03-27,0.938,396.49,396.4,396.49,20.6
2023-03-28,0.967,395.6,394.62,395.6,19.97
2023-03-29,5.835,401.35,406.09,401.35,19.12
2023-03-30,5.796,403.7,410.85,403.7,19.02
2023-03-31,5.757,409.39,422.43,409.39,18.7
2023-04-03,5.82,410.95,425.65,410.95,18.55
2023-04-04,6.022,408.67,420.93,408.67,19.0
2023-04-05,5.935,407.6,418.72,407.6,19.08
2023-04-06,6.401,409.19,421.99,409.19,18.4
2023-04-10,6.728,409.61,422.85,409.61,18.97
2023-04-11,7.764,409.72,423.08,409.72,19.1
2023-04-12,7.333,408.05,419.63,408.05,19.09
2023-04-13,8.743,413.47,430.78,413.47,17.8
2023-04-14,8.326,412.46,428.68,412.46,17.07
2023-04-17,8.728,413.94,431.75,413.94,16.95
2023-04-18,8.54,414.21,432.32,414.21,16.83
2023-04-19,8.264,414.14,432.17,414.14,16.46
2023-04-20,8.508,411.88,427.45,411.88,17.17
2023-04-21,8.468,412.2,428.12,412.2,16.77
2023-04-24,8.353,412.63,429.01,412.63,16.89
2023-04-25,6.984,406.08,415.39,406.08,18.76
2023-04-26,6.943,404.36,411.87,404.36,18.84
2023-04-27,8.051,412.41,428.27,412.41,17.03
2023-04-28,8.106,415.93,435.58,415.93,15.78
2023-05-01,7.799,415.51,434.7,415.51,16.08
2023-05-02,7.495,410.84,424.93,410.84,17.78
2023-05-03,6.468,408.02,419.1,408.02,18.34
2023-05-04,5.379,405.13,413.16,405.13,20.09
2023-05-05,7.668,412.63,428.46,412.63,17.19
2023-05-08,7.653,412.74,428.69,412.74,16.98
2023-05-09,7.559,410.93,424.93,410.93,17.71
2023-05-10,7.735,412.85,428.9,412.85,16.94
2023-05-11,7.435,412.13,427.4,412.13,16.93
2023-05-12,7.458,411.59,426.28,411.59,17.03
2023-05-15,7.455,413.01,429.22,413.01,17.12
2023-05-16,7.309,410.25,423.48,410.25,17.99
2023-05-17,7.553,415.23,433.77,415.23,16.87
2023-05-18,7.857,419.23,442.12,419.23,16.05
2023-05-19,7.811,418.62,440.84,418.62,16.81
2023-05-22,7.799,418.79,441.19,418.79,17.21
2023-05-23,6.895,414.09,431.29,414.09,18.53
2023-05-24,6.833,411.09,425.04,411.09,20.03
2023-05-25,6.609,414.65,432.4,414.65,19.14
2023-05-26,7.697,420.02,443.6,420.02,17.95
2023-05-30,7.725,420.18,443.94,420.18,17.46
2023-05-31,7.841,417.85,439.02,417.85,17.94
2023-06-01,8.176,421.82,447.36,421.82,15.65
2023-06-02,9.625,427.92,460.3,427.92,14.6
2023-06-05,9.201,427.1,458.54,427.1,14.73
2023-06-06,9.241,428.03,460.53,428.03,13.96
2023-06-07,9.26,426.55,457.35,426.55,13.94
2023-06-08,9.289,429.13,462.88,429.13,13.65
2023-06-09,9.362,429.9,464.54,429.9,13.83
2023-06-12,8.579,433.8,472.97,433.8,15.01
2023-06-13,9.645,436.66,479.21,436.66,14.61
2023-06-14,9.813,437.18,480.35,437.18,13.88
2023-06-15,9.818,442.6,492.26,442.6,14.5
2023-06-16,9.465,439.46,485.27,439.46,13.54
2023-06-20,9.387,437.18,480.24,437.18,13.88
2023-06-21,9.271,434.94,475.32,434.94,13.2
2023-06-22,9.583,436.51,478.75,436.51,12.91
2023-06-23,9.576,433.21,471.51,433.21,13.44
2023-06-26,9.31,431.44,467.66,431.44,14.25
2023-06-27,9.269,436.17,477.91,436.17,13.74
2023-06-28,9.272,436.39,478.39,436.39,13.43
2023-06-29,9.47,438.11,482.16,438.11,13.54
2023-06-30,9.517,443.28,493.54,443.28,13.59
2023-07-03,9.242,443.79,494.68,443.79,13.57
2023-07-05,9.251,443.13,493.21,443.13,14.18
2023-07-06,8.043,439.66,485.48,439.66,15.44
2023-07-07,9.063,438.55,483.03,438.55,14.83
2023-07-10,7.991,439.66,485.48,439.66,15.07
2023-07-11,9.084,442.46,491.66,442.46,14.84
2023-07-12,9.063,446.02,499.57,446.02,13.54
2023-07-13,9.091,449.56,507.5,449.56,13.61
2023-07-14,9.054,449.28,506.87,449.28,13.34
2023-07-17,8.872,450.84,510.39,450.84,13.48
2023-07-18,9.17,454.19,517.98,454.19,13.3
2023-07-19,9.324,455.2,520.28,455.2,13.76
2023-07-20,9.293,452.18,513.38,452.18,13.99
2023-07-21,9.218,452.18,513.38,452.18,13.6
2023-07-24,9.469,454.2,517.96,454.2,13.91
2023-07-25,9.613,455.44,520.79,455.44,13.86
2023-07-26,9.387,455.51,520.95,455.51,13.19
2023-07-27,9.238,452.49,514.04,452.49,14.41
2023-07-28,9.359,456.92,524.11,456.92,13.33
2023-07-31,9.155,457.79,526.1,457.79,13.63
2023-08-01,9.072,456.48,523.09,456.48,13.93
2023-08-02,7.816,450.13,508.54,450.13,16.09
2023-08-03,7.918,448.84,505.62,448.84,15.92
2023-08-04,7.877,446.81,501.05,446.81,17.1
2023-08-07,8.003,450.71,509.8,450.71,15.77
2023-08-08,7.784,448.75,505.36,448.75,15.99
2023-08-09,7.488,445.75,498.61,445.75,15.96
2023-08-10,7.338,445.91,498.97,445.91,15.85
2023-08-11,8.338,445.65,498.38,445.65,14.84
2023-08-14,8.379,448.11,503.89,448.11,14.82
2023-08-15,7.002,442.89,492.15,442.89,16.46
2023-08-16,5.816,439.64,484.92,439.64,16.78
2023-08-17,5.797,436.29,477.53,436.29,17.89
2023-08-18,5.806,436.5,477.99,436.5,17.3
2023-08-21,5.846,439.34,484.21,439.34,17.13
2023-08-22,5.741,438.15,481.59,438.15,16.97
2023-08-23,6.952,443.03,492.32,443.03,15.98
2023-08-24,5.81,436.89,478.67,436.89,17.2
2023-08-25,5.758,439.97,485.42,439.97,15.68
2023-08-28,6.843,442.76,491.58,442.76,15.08
2023-08-29,8.179,449.16,505.79,449.16,14.45
2023-08-30,8.539,451.01,509.95,451.01,13.88
2023-08-31,8.567,450.35,508.46,450.35,13.57
2023-09-01,8.696,451.19,510.36,451.19,13.09
2023-09-05,8.435,449.24,505.95,449.24,14.01
2023-09-06,8.387,446.22,499.14,446.22,14.45
2023-09-07,8.46,444.85,496.08,444.85,14.4
2023-09-08,8.483,445.52,497.57,445.52,13.84
2023-09-11,8.626,448.45,504.12,448.45,13.8
2023-09-12,8.405,445.99,498.59,445.99,14.23
2023-09-13,8.663,446.51,499.75,446.51,13.48
2023-09-14,8.988,450.36,508.37,450.36,12.82
2023-09-15,7.825,443.37,492.59,443.37,13.79
2023-09-18,7.827,443.63,493.17,443.63,14.0
2023-09-19,7.653,442.71,491.12,442.71,14.11
2023-09-20,6.522,438.64,482.09,438.64,15.14
2023-09-21,5.975,431.39,466.15,431.39,17.54
2023-09-22,6.204,430.42,464.06,430.42,17.2
2023-09-25,6.148,432.23,467.96,432.23,16.9
2023-09-26,4.738,425.88,454.21,425.88,18.94
2023-09-27,4.471,426.05,454.57,426.05,18.22
2023-09-28,5.503,428.52,459.84,428.52,17.34
2023-09-29,5.484,427.48,457.61,427.48,17.52
2023-10-02,5.441,427.31,457.25,427.31,17.61
2023-10-03,0.769,421.59,445.01,421.59,19.78
2023-10-04,1.034,424.66,451.49,424.66,18.58
2023-10-05,1.085,424.5,451.15,424.5,18.49
2023-10-06,5.783,429.54,461.86,429.54,17.45
2023-10-09,5.779,432.29,467.77,432.29,17.7
2023-10-10,5.987,434.54,472.64,434.54,17.03
2023-10-11,6.044,436.32,476.52,436.32,16.09
2023-10-12,5.758,433.66,470.71,433.66,16.69
2023-10-13,4.965,431.5,466.02,431.5,19.32
2023-10-16,6.158,436.04,475.82,436.04,17.21
2023-10-17,6.198,436.02,475.78,436.02,17.88
2023-10-18,5.116,430.21,463.1,430.21,19.22
2023-10-19,5.27,426.43,454.96,426.43,21.4
2023-10-20,1.571,421.19,443.78,421.19,21.71
2023-10-23,1.455,420.46,442.24,420.46,20.37
2023-10-24,1.894,423.63,448.91,423.63,18.97
2023-10-25,1.601,417.55,436.02,417.55,20.19
2023-10-26,1.255,412.55,425.58,412.55,20.68
2023-10-27,1.214,410.68,421.72,410.68,21.27
2023-10-30,1.451,415.59,431.81,415.59,19.75
2023-10-31,1.839,418.2,437.23,418.2,18.14
2023-11-01,2.906,422.66,446.56,422.66,16.87
2023-11-02,7.795,430.76,463.67,430.76,15.66
2023-11-03,8.74,434.69,472.13,434.69,14.91
2023-11-06,8.657,435.69,474.31,435.69,14.89
2023-11-07,8.61,436.93,477.01,436.93,14.81
2023-11-08,8.543,437.25,477.71,437.25,14.45
2023-11-09,7.508,433.84,470.25,433.84,15.29
2023-11-10,8.922,440.61,484.93,440.61,14.17
2023-11-13,8.69,440.19,484.01,440.19,14.76
2023-11-14,9.083,448.73,502.79,448.73,14.16
2023-11-15,8.405,449.68,504.92,449.68,14.18
2023-11-16,8.616,450.23,506.15,450.23,14.32
2023-11-17,9.906,450.79,507.41,450.79,13.8
2023-11-20,10.0,454.26,515.22,454.26,13.41
2023-11-21,9.899,453.27,512.98,453.27,13.35
2023-11-22,10.0,455.02,516.94,455.02,12.85
2023-11-24,10.0,455.3,517.57,455.3,12.46
2023-11-27,10.0,454.48,515.71,454.48,12.69
2023-11-28,10.0,454.93,516.73,454.93,12.69
2023-11-29,10.0,454.61,516.0,454.61,12.98
2023-11-30,10.0,456.4,520.07,456.4,12.92
2023-12-01,9.816,459.1,526.22,459.1,12.63
2023-12-04,9.512,456.69,520.69,456.69,13.08
2023-12-05,9.46,456.6,520.49,456.6,12.85
2023-12-06,9.316,454.76,516.29,454.76,12.97
2023-12-07,9.46,458.23,524.17,458.23,13.06
2023-12-08,9.715,460.2,528.68,460.2,12.35
2023-12-11,9.47,461.99,532.79,461.99,12.63
2023-12-12,9.586,464.1,537.66,464.1,12.07
2023-12-13,9.47,470.5,552.49,470.5,12.19
2023-12-14,9.493,472.01,556.04,472.01,12.48
2023-12-15,9.348,469.33,549.72,469.33,12.28
2023-12-18,9.44,471.97,555.91,471.97,12.56
2023-12-19,9.406,474.84,562.67,474.84,12.53
2023-12-20,9.161,468.26,547.07,468.26,13.67
2023-12-21,9.277,472.7,557.45,472.7,13.65
2023-12-22,9.306,473.65,559.69,473.65,13.03
2023-12-26,9.432,475.65,564.41,475.65,12.99
2023-12-27,9.449,476.51,566.45,476.51,12.43
2023-12-28,9.471,476.69,566.88,476.69,12.47
2023-12-29,9.329,475.31,563.6,475.31,12.45
2024-01-02,9.09,472.65,557.29,472.65,13.2
2024-01-03,9.03,468.79,548.19,468.79,14.04
2024-01-04,8.968,467.28,544.66,467.28,14.13
2024-01-05,9.079,467.92,546.15,467.92,13.35
2024-01-08,9.214,474.6,561.74,474.6,13.08
2024-01-09,9.095,473.88,560.04,473.88,12.76
2024-01-10,9.131,476.56,566.37,476.56,12.69
2024-01-11,9.028,476.35,565.87,476.35,12.44
2024-01-12,8.763,476.68,566.66,476.68,12.7
2024-01-16,8.624,474.93,562.5,474.93,13.84
2024-01-17,8.626,472.29,556.24,472.29,14.79
2024-01-18,8.692,476.49,566.14,476.49,14.13
2024-01-19,8.82,482.43,580.25,482.43,13.3
2024-01-22,9.149,483.45,582.71,483.45,13.19
2024-01-23,9.014,484.86,586.11,484.86,12.55
2024-01-24,8.996,485.39,587.39,485.39,13.14
2024-01-25,9.021,488.03,593.78,488.03,13.45
2024-01-26,8.957,487.41,592.27,487.41,13.26
2024-01-29,9.112,491.27,601.65,491.27,13.6
2024-01-30,9.156,490.89,600.72,490.89,13.31
2024-01-31,8.933,482.88,581.11,482.88,14.35
2024-02-01,9.371,489.2,596.33,489.2,13.88
2024-02-02,9.659,494.35,608.88,494.35,13.85
2024-02-05,9.553,492.55,604.45,492.55,13.67
2024-02-06,9.317,493.98,607.96,493.98,13.06
2024-02-07,9.522,498.1,618.1,498.1,12.83
2024-02-08,9.413,498.32,618.64,498.32,12.79
2024-02-09,9.543,501.2,625.79,501.2,12.93
2024-02-12,9.52,500.98,625.24,500.98,13.93
2024-02-13,8.306,494.08,608.02,494.08,15.85
2024-02-14,9.613,498.57,619.07,498.57,14.38
2024-02-15,9.571,502.01,627.62,502.01,14.01
2024-02-16,9.208,499.51,621.36,499.51,14.24
2024-02-20,8.051,496.76,614.52,496.76,15.42
2024-02-21,8.009,497.21,615.64,497.21,15.34
2024-02-22,9.411,507.5,641.12,507.5,14.54
2024-02-23,9.312,507.85,642.0,507.85,13.75
2024-02-26,9.262,505.99,637.3,505.99,13.74
2024-02-27,9.138,506.93,639.67,506.93,13.43
2024-02-28,9.126,506.26,637.98,506.26,13.84
2024-02-29,9.544,508.08,642.56,508.08,13.4
2024-03-01,9.467,512.85,654.63,512.85,13.11
2024-03-04,9.226,512.3,653.22,512.3,13.49
2024-03-05,9.094,507.18,640.17,507.18,14.46
2024-03-06,9.138,509.75,646.66,509.75,14.5
2024-03-07,9.171,514.81,659.49,514.81,14.44
2024-03-08,9.038,511.72,651.58,511.72,14.74
2024-03-11,7.902,511.28,650.46,511.28,15.22
2024-03-12,9.131,516.78,664.45,516.78,13.84
2024-03-13,9.386,515.97,662.37,515.97,13.75
2024-03-14,9.157,514.95,659.75,514.95,14.4
2024-03-15,8.812,509.83,646.63,509.83,14.41
2024-03-18,9.035,512.86,654.32,512.86,14.33
2024-03-19,9.263,515.71,661.59,515.71,13.82
2024-03-20,9.436,520.48,673.83,520.48,13.04
2024-03-21,9.079,522.2,678.28,522.2,12.92
2024-03-22,9.026,521.21,675.71,521.21,13.06
2024-03-25,9.045,519.77,671.97,519.77,13.19
2024-03-26,8.969,518.81,669.49,518.81,13.24
2024-03-27,9.168,523.17,680.74,523.17,12.78
2024-03-28,9.09,523.07,680.48,523.07,13.01
2024-04-01,8.863,522.16,678.12,522.16,13.65
2024-04-02,8.755,518.84,669.49,518.84,14.61
2024-04-03,8.982,519.41,670.96,519.41,14.33
2024-04-04,7.63,513.07,654.58,513.07,16.35
2024-04-05,7.641,518.43,668.26,518.43,16.03
2024-04-08,7.774,518.72,669.01,518.72,15.19
2024-04-09,8.815,519.32,670.56,519.32,14.98
2024-04-10,7.397,514.12,657.13,514.12,15.8
2024-04-11,8.579,518.0,667.05,518.0,14.91
2024-04-12,7.341,510.85,648.63,510.85,17.31
2024-04-15,5.289,504.45,632.38,504.45,19.23
2024-04-16,5.136,503.53,630.07,503.53,18.4
2024-04-17,4.912,500.55,622.62,500.55,18.21
2024-04-18,4.695,499.52,620.05,499.52,18.0
2024-04-19,4.464,495.16,609.23,495.16,18.71
2024-04-22,5.675,499.72,620.45,499.72,16.94
2024-04-23,5.957,505.65,635.18,505.65,15.69
2024-04-24,5.983,505.41,634.57,505.41,15.97
2024-04-25,5.748,503.49,629.75,503.49,15.37
2024-04-26,6.934,508.26,641.68,508.26,15.03
2024-04-29,8.037,510.06,646.23,510.06,14.67
2024-04-30,5.85,501.98,625.75,501.98,15.65
2024-05-01,5.766,500.35,621.69,500.35,15.39
2024-05-02,7.187,505.03,633.32,505.03,14.68
2024-05-03,8.225,511.29,649.02,511.29,13.49
2024-05-06,8.417,516.57,662.43,516.57,13.49
2024-05-07,8.416,517.14,663.89,517.14,13.23
2024-05-08,8.619,517.19,664.02,517.19,13.0
2024-05-09,8.584,520.17,671.67,520.17,12.69
2024-05-10,8.891,520.84,673.4,520.84,12.55
2024-05-13,9.153,520.91,673.58,520.91,13.6
2024-05-14,9.285,523.3,679.76,523.3,13.42
2024-05-15,9.668,529.78,696.59,529.78,12.45
2024-05-16,9.668,528.69,693.73,528.69,12.42
2024-05-17,9.885,529.45,695.72,529.45,11.99
2024-05-20,9.714,530.06,697.33,530.06,12.15
2024-05-21,9.517,531.36,700.75,531.36,11.86
2024-05-22,9.466,529.83,696.71,529.83,12.29
2024-05-23,9.393,525.96,686.53,525.96,12.77
2024-05-24,9.333,529.44,695.62,529.44,11.93
2024-05-28,9.274,529.81,696.59,529.81,12.92
2024-05-29,9.461,526.1,686.83,526.1,14.28
2024-05-30,9.39,522.61,677.72,522.61,14.47
2024-05-31,9.385,527.37,690.07,527.37,12.92
2024-06-03,9.146,527.8,691.19,527.8,13.11
2024-06-04,8.958,528.39,692.74,528.39,13.16
2024-06-05,9.178,534.67,709.2,534.67,12.63
2024-06-06,9.176,534.66,709.18,534.66,12.58
2024-06-07,9.032,534.01,707.45,534.01,12.22
2024-06-10,9.069,535.66,711.83,535.66,12.74
2024-06-11,9.116,536.95,715.25,536.95,12.85
2024-06-12,9.19,541.36,727.0,541.36,12.04
2024-06-13,8.978,542.45,729.93,542.45,11.94
2024-06-14,9.033,542.78,730.82,542.78,12.66
2024-06-17,9.167,547.1,742.45,547.1,12.75
2024-06-18,9.195,548.49,746.22,548.49,12.3
2024-06-20,9.089,547.0,742.17,547.0,13.28
2024-06-21,9.054,544.51,735.41,544.51,13.2
2024-06-24,9.138,542.74,730.63,542.74,13.33
2024-06-25,9.081,544.83,736.26,544.83,12.84
2024-06-26,9.093,545.51,738.1,545.51,12.55
2024-06-27,9.271,546.37,740.42,546.37,12.24
2024-06-28,9.327,544.22,734.6,544.22,12.44
2024-07-01,9.181,545.34,737.62,545.34,12.22
2024-07-02,9.304,549.01,747.55,549.01,12.03
2024-07-03,9.373,551.46,754.22,551.46,12.09
2024-07-05,9.247,554.64,762.92,554.64,12.48
2024-07-08,9.271,555.28,764.68,555.28,12.37
2024-07-09,9.317,555.82,766.17,555.82,12.51
2024-07-10,9.458,561.32,781.33,561.32,12.85
2024-07-11,9.227,556.48,767.86,556.48,12.92
2024-07-12,9.188,559.99,777.54,559.99,12.46
2024-07-15,9.203,561.53,781.82,561.53,13.12
2024-07-16,9.314,564.86,791.09,564.86,13.19
2024-07-17,8.86,556.94,768.91,556.94,14.48
2024-07-18,7.652,552.66,757.09,552.66,15.93
2024-07-19,7.573,548.99,747.03,548.99,16.52
2024-07-22,8.872,554.65,762.44,554.65,14.91
2024-07-23,8.907,553.78,760.05,553.78,14.72
2024-07-24,5.368,541.23,725.6,541.23,18.04
2024-07-25,5.24,538.41,718.04,538.41,18.46
2024-07-26,7.429,544.44,734.12,544.44,16.39
2024-07-29,7.52,544.76,734.98,544.76,16.6
2024-07-30,7.378,542.0,727.53,542.0,17.69
2024-07-31,7.566,550.81,751.19,550.81,16.36
2024-08-01,6.194,543.01,729.91,543.01,18.59
2024-08-02,4.716,532.9,702.73,532.9,23.39
2024-08-05,1.135,517.38,661.8,517.38,38.57
2024-08-06,3.288,522.15,674.0,522.15,27.71
2024-08-07,2.98,518.66,664.99,518.66,27.85
2024-08-08,3.572,530.65,695.74,530.65,23.79
2024-08-09,3.536,532.99,701.87,532.99,20.37
2024-08-12,3.493,533.27,702.61,533.27,20.71
2024-08-13,4.692,542.04,725.72,542.04,18.12
2024-08-14,6.026,543.75,730.3,543.75,16.19
2024-08-15,6.515,553.07,755.34,553.07,15.23
2024-08-16,7.694,554.31,758.72,554.31,14.8
2024-08-19,7.679,559.61,773.23,559.61,14.65
2024-08-20,6.678,558.7,770.72,558.7,15.88
2024-08-21,7.217,560.62,776.01,560.62,16.27
2024-08-22,7.162,556.22,763.83,556.22,17.55
2024-08-23,7.15,562.13,780.06,562.13,15.86
2024-08-26,7.089,560.79,776.35,560.79,16.15
2024-08-27,7.222,561.56,778.48,561.56,15.43
2024-08-28,6.772,558.3,769.44,558.3,17.11
2024-08-29,7.065,558.35,769.58,558.35,15.65
2024-08-30,7.655,563.68,784.27,563.68,15.0
2024-09-03,6.841,552.08,751.99,552.08,20.72
2024-09-04,7.603,550.95,748.91,550.95,21.32
2024-09-05,7.693,549.61,745.27,549.61,19.9
2024-09-06,5.866,540.36,720.18,540.36,22.38
2024-09-09,6.004,546.41,736.31,546.41,19.45
2024-09-10,7.082,548.79,742.72,548.79,19.08
2024-09-11,7.957,554.42,757.96,554.42,17.69
2024-09-12,8.064,559.09,770.73,559.09,17.07
2024-09-13,7.823,562.01,778.78,562.01,16.56
2024-09-16,7.808,562.84,781.08,562.84,17.14
2024-09-17,7.624,563.07,781.72,563.07,17.61
2024-09-18,6.597,561.4,777.08,561.4,18.23
2024-09-19,7.87,570.98,803.61,570.98,16.33
2024-09-20,7.933,568.25,795.92,568.25,16.15
2024-09-23,7.768,569.67,799.9,569.67,15.89
2024-09-24,7.875,571.3,804.48,571.3,15.39
2024-09-25,7.802,570.04,800.93,570.04,15.41
2024-09-26,8.002,572.3,807.28,572.3,15.37
2024-09-27,7.97,571.47,804.94,571.47,16.96
2024-09-30,7.858,573.76,811.39,573.76,16.73
2024-10-01,7.099,568.62,796.85,568.62,19.26
2024-10-02,7.15,568.86,797.52,568.86,18.9
2024-10-03,7.163,567.82,794.61,567.82,20.49
2024-10-04,7.707,572.98,809.05,572.98,19.21
2024-10-07,7.283,567.8,794.42,567.8,22.64
2024-10-08,7.389,573.17,809.45,573.17,21.42
2024-10-09,7.32,577.14,820.66,577.14,20.86
2024-10-10,7.11,576.13,817.79,576.13,20.93
2024-10-11,7.125,579.58,827.58,579.58,20.46
2024-10-14,7.263,584.32,841.12,584.32,19.7
2024-10-15,7.094,579.78,828.05,579.78,20.64
2024-10-16,7.245,582.3,835.25,582.3,19.58
2024-10-17,6.898,582.35,835.39,582.35,19.11
2024-10-18,7.075,584.59,841.82,584.59,18.03
2024-10-21,6.99,583.63,839.05,583.63,18.37
2024-10-22,6.921,583.32,838.16,583.32,18.2
2024-10-23,6.779,577.99,822.84,577.99,19.24
2024-10-24,6.743,579.24,826.4,579.24,19.08
2024-10-25,6.765,579.04,825.83,579.04,20.33
2024-10-28,6.746,580.83,830.94,580.83,19.8
2024-10-29,6.963,581.77,833.63,581.77,19.34
2024-10-30,6.892,580.01,828.58,580.01,20.35
2024-10-31,5.529,568.64,796.1,568.64,23.16
2024-11-01,6.432,571.04,802.82,571.04,21.88
2024-11-04,6.571,569.81,799.36,569.81,21.98
2024-11-05,6.623,576.7,818.69,576.7,20.49
2024-11-06,7.982,591.04,859.41,591.04,16.27
2024-11-07,8.176,595.61,872.7,595.61,15.2
2024-11-08,9.142,598.19,880.26,598.19,14.94
2024-11-11,8.994,598.76,881.93,598.76,14.97
2024-11-12,9.091,596.9,876.45,596.9,14.71
2024-11-13,9.011,597.19,877.31,597.19,14.02
2024-11-14,8.878,593.35,866.02,593.35,14.31
2024-11-15,7.54,585.75,843.84,585.75,16.14
2024-11-18,7.655,588.15,850.75,588.15,15.58
2024-11-19,7.739,590.3,856.97,590.3,16.35
2024-11-20,7.933,590.5,857.55,590.5,17.16
2024-11-21,7.998,593.67,866.76,593.67,16.87
2024-11-22,8.069,595.51,872.13,595.51,15.24
2024-11-25,9.075,597.53,878.05,597.53,14.6
2024-11-26,9.149,600.65,887.22,600.65,14.1
2024-11-27,9.149,598.83,881.84,598.83,14.1
2024-11-29,9.693,602.55,892.8,602.55,13.51
2024-12-02,9.641,603.63,896.0,603.63,13.34
2024-12-03,9.697,603.91,896.83,603.91,13.3
2024-12-04,9.574,607.66,907.97,607.66,13.45
2024-12-05,9.029,606.66,904.98,606.66,13.54
2024-12-06,8.91,607.81,908.41,607.81,12.77
2024-12-09,8.717,604.68,899.06,604.68,14.19
2024-12-10,8.635,602.8,893.47,602.8,14.18
2024-12-11,8.854,607.46,907.28,607.46,13.58
2024-12-12,8.739,604.33,897.93,604.33,13.92
2024-12-13,8.866,604.21,897.57,604.21,13.81
2024-12-16,9.218,606.79,905.24,606.79,14.69
2024-12-17,8.049,604.29,897.78,604.29,15.87
2024-12-18,5.364,586.28,844.27,586.28,27.62
2024-12-19,5.351,586.1,843.75,586.1,24.09
2024-12-20,6.415,591.15,858.29,591.15,18.36
2024-12-23,7.472,594.69,868.57,594.69,16.78
2024-12-24,8.626,601.3,887.87,601.3,14.27
2024-12-26,8.523,601.34,887.99,601.34,14.73
2024-12-27,7.372,595.01,869.3,595.01,15.95
2024-12-30,6.024,588.22,849.46,588.22,17.4
2024-12-31,5.919,586.08,843.28,586.08,17.35
2025-01-02,5.862,584.64,839.13,584.64,17.93
2025-01-03,6.983,591.95,860.12,591.95,16.13
2025-01-06,7.127,595.36,870.03,595.36,16.04
2025-01-07,5.869,588.63,850.36,588.63,17.82
2025-01-08,5.998,589.49,852.84,589.49,17.7
2025-01-10,4.76,580.49,826.8,580.49,19.54
2025-01-13,4.642,581.39,829.36,581.39,19.19
2025-01-14,4.767,582.19,831.65,582.19,18.71
2025-01-15,7.122,592.78,861.9,592.78,16.12
2025-01-16,6.001,591.64,858.59,591.64,16.6
2025-01-17,6.278,597.58,875.83,597.58,15.97
2025-01-21,7.072,603.05,891.86,603.05,15.06
2025-01-22,8.194,606.44,901.89,606.44,15.1
2025-01-23,8.129,609.75,911.73,609.75,15.02
2025-01-24,8.947,607.97,906.41,607.97,14.85
2025-01-27,7.436,599.37,880.77,599.37,17.9
2025-01-28,7.606,604.52,895.9,604.52,16.41
2025-01-29,7.729,601.81,887.87,601.81,16.56
2025-01-30,8.072,605.04,897.4,605.04,15.84
2025-01-31,8.037,601.82,887.85,601.82,16.43
2025-02-03,6.949,597.77,875.9,597.77,18.62
2025-02-04,7.832,601.78,887.65,601.78,17.21
2025-02-05,7.798,604.22,894.85,604.22,15.77
2025-02-06,8.101,606.32,901.07,606.32,15.5
2025-02-07,7.883,600.77,884.57,600.77,16.54
2025-02-10,8.339,604.85,896.59,604.85,15.81
2025-02-11,8.323,605.31,897.95,605.31,16.02
2025-02-12,8.227,603.36,892.17,603.36,15.89
2025-02-13,8.072,609.73,911.0,609.73,15.1
2025-02-14,9.111,609.7,910.91,609.7,14.77
2025-02-18,7.966,611.49,916.26,611.49,15.35
2025-02-19,7.828,612.93,920.58,612.93,15.27
2025-02-20,7.63,610.38,912.92,610.38,15.66
2025-02-21,6.178,599.94,881.69,599.94,18.21
2025-02-24,5.146,597.21,873.66,597.21,18.98
2025-02-25,5.329,594.24,864.98,594.24,19.43
2025-02-26,5.17,594.54,865.85,594.54,19.1
2025-02-27,4.943,585.05,838.21,585.05,21.13
2025-02-28,5.141,594.18,864.37,594.18,19.63
2025-03-03,4.9,583.77,834.08,583.77,22.78
2025-03-04,4.8,576.86,814.34,576.86,23.51
2025-03-05,4.878,583.06,831.84,583.06,21.93
2025-03-06,4.457,572.71,802.31,572.71,24.87
2025-03-07,4.497,575.92,811.3,575.92,23.37
2025-03-10,0.0,560.58,768.08,560.58,27.86
2025-03-11,0.0,555.92,755.31,555.92,26.92
2025-03-12,0.0,558.87,763.33,558.87,24.23
2025-03-13,0.0,551.42,742.98,551.42,24.66
2025-03-14,0.0,562.81,773.67,562.81,21.77
2025-03-17,0.0,567.15,785.6,567.15,20.51
2025-03-18,0.0,561.02,768.62,561.02,21.7
2025-03-19,0.0,567.13,785.36,567.13,19.9
2025-03-20,0.0,565.49,780.82,565.49,19.8
2025-03-21,0.0,563.98,776.65,563.98,19.28
2025-03-24,4.725,574.08,804.47,574.08,17.48
2025-03-25,4.868,575.46,808.34,575.46,17.15
2025-03-26,0.127,568.59,789.04,568.59,18.33
2025-03-27,0.386,567.08,784.84,567.08,18.69
2025-03-28,0.0,555.66,753.23,555.66,21.65
2025-03-31,0.165,559.39,763.35,559.39,22.28
2025-04-01,0.449,560.97,767.66,560.97,21.77
2025-04-02,0.364,564.52,777.37,564.52,21.51
2025-04-03,0.0,536.7,700.76,536.7,30.02
2025-04-04,0.0,505.28,618.71,505.28,45.31
2025-04-07,0.0,504.38,616.5,504.38,46.98
2025-04-08,0.0,496.48,597.19,496.48,52.33
2025-04-09,0.0,548.62,722.62,548.62,33.62
2025-04-10,0.0,524.58,659.29,524.58,40.72
2025-04-11,0.0,533.94,682.82,533.94,37.56
2025-04-14,0.0,539.12,696.07,539.12,30.89
2025-04-15,0.0,537.61,692.17,537.61,30.12
2025-04-16,0.0,525.66,661.4,525.66,32.64
2025-04-17,0.0,526.41,663.29,526.41,29.65
2025-04-21,0.0,513.88,631.71,513.88,33.82
2025-04-22,0.0,527.25,664.58,527.25,30.57
2025-04-23,0.0,535.42,685.18,535.42,28.45
2025-04-24,0.0,546.69,714.02,546.69,26.47
2025-04-25,0.0,550.64,724.34,550.64,24.84
2025-04-28,0.0,550.85,724.89,550.85,25.15
2025-04-29,0.0,554.32,734.03,554.32,24.17
2025-04-30,0.0,554.54,734.61,554.54,24.7
2025-05-01,0.0,558.47,745.02,558.47,24.6
2025-05-02,4.62,566.76,767.14,566.76,22.68
2025-05-05,5.5,563.51,758.34,563.51,23.64
2025-05-06,2.0,558.8,745.66,558.8,24.76
2025-05-07,2.0,561.15,751.94,561.15,23.55
2025-05-08,4.099,565.06,762.41,565.06,22.48
2025-05-09,6.516,564.34,760.47,564.34,21.9
2025-05-12,7.337,582.99,810.74,582.99,18.39
2025-05-13,7.27,586.84,821.44,586.84,18.22
2025-05-14,7.359,587.59,823.54,587.59,18.62
2025-05-15,8.5,590.46,831.59,590.46,17.83
2025-05-16,8.5,594.2,842.12,594.2,17.24
2025-05-19,7.5,594.85,843.96,594.85,18.14
2025-05-20,7.5,592.85,838.29,592.85,18.09
2025-05-21,8.272,582.86,810.04,582.86,20.87
2025-05-22,6.832,583.09,810.68,583.09,20.28
2025-05-23,7.534,579.11,799.61,579.11,22.29
2025-05-27,7.963,591.15,832.86,591.15,18.96
2025-05-28,6.705,587.73,823.22,587.73,19.31
2025-05-29,6.781,590.05,829.72,590.05,19.18
2025-05-30,6.607,589.39,827.87,589.39,18.57
2025-06-02,6.416,592.71,837.19,592.71,18.36
2025-06-03,7.656,596.09,846.74,596.09,17.69
2025-06-04,7.829,595.93,846.29,595.93,17.61
2025-06-05,7.637,593.05,838.11,593.05,18.48
2025-06-06,7.706,599.14,855.32,599.14,16.77
2025-06-09,7.752,599.68,856.86,599.68,17.16
2025-06-10,7.189,603.08,866.58,603.08,16.95
2025-06-11,7.995,601.36,861.63,601.36,17.26
2025-06-12,7.05,603.75,868.48,603.75,18.02
2025-06-13,6.722,597.0,849.06,597.0,20.82
2025-06-16,6.785,602.68,865.22,602.68,19.11
2025-06-17,6.59,597.53,850.43,597.53,21.6
2025-06-18,6.655,597.44,850.18,597.44,20.14
2025-06-20,6.892,594.28,841.18,594.28,20.62
2025-06-23,7.085,600.15,857.8,600.15,19.83
2025-06-24,8.456,606.78,876.75,606.78,17.48
2025-06-25,8.04,607.12,877.74,607.12,16.76
2025-06-26,8.321,611.87,891.47,611.87,16.59
2025-06-27,8.343,614.91,900.33,614.91,16.32
2025-06-30,8.466,617.85,908.94,617.85,16.73
2025-07-01,8.342,617.65,908.35,617.65,16.83
2025-07-02,8.317,620.45,916.59,620.45,16.64
2025-07-03,8.487,625.34,931.03,625.34,16.38
2025-07-07,8.432,620.68,917.16,620.68,17.79
2025-07-08,8.208,620.34,916.15,620.34,16.81
2025-07-09,8.313,624.06,927.14,624.06,15.94
2025-07-10,8.254,625.82,932.37,625.82,15.78
2025-07-11,8.24,623.62,925.81,623.62,16.4
2025-07-14,8.198,624.81,929.35,624.81,17.2
2025-07-15,8.342,622.14,921.4,622.14,17.38
2025-07-16,8.215,624.22,927.57,624.22,17.16
2025-07-17,8.521,628.04,938.92,628.04,16.52
2025-07-18,8.509,627.58,937.54,627.58,16.41
2025-07-21,8.661,628.77,941.1,628.77,16.65
2025-07-22,8.457,628.86,941.37,628.86,16.5
2025-07-23,8.404,634.21,957.39,634.21,15.37
2025-07-24,8.399,634.42,958.02,634.42,15.39
2025-07-25,9.325,637.1,966.11,637.1,14.93
2025-07-28,8.217,636.94,965.63,636.94,15.03
2025-07-29,8.064,635.26,960.53,635.26,15.98
2025-07-30,8.044,634.46,958.12,634.46,15.48
2025-07-31,7.875,632.08,950.93,632.08,16.72
2025-08-01,6.384,621.72,919.75,621.72,20.38
2025-08-04,7.838,631.17,947.71,631.17,17.52
2025-08-05,7.746,627.97,938.11,627.97,17.85
2025-08-06,7.779,632.78,952.48,632.78,16.77
2025-08-07,7.705,632.25,950.88,632.25,16.57
2025-08-08,7.935,637.18,965.71,637.18,15.15
2025-08-11,7.856,635.92,961.89,635.92,16.25
2025-08-12,9.161,642.69,982.37,642.69,14.73
2025-08-13,9.162,644.89,989.1,644.89,14.49
2025-08-14,9.039,644.95,989.28,644.95,14.83
2025-08-15,8.005,643.44,984.65,643.44,15.09
2025-08-18,8.962,643.3,984.22,643.3,14.99
2025-08-19,7.848,639.81,973.54,639.81,15.57
2025-08-20,7.623,638.11,968.37,638.11,15.69
2025-08-21,7.536,635.55,960.6,635.55,16.6
2025-08-22,8.758,645.31,990.1,645.31,14.22
2025-08-25,8.674,642.47,981.39,642.47,14.79
2025-08-26,8.812,645.16,989.6,645.16,14.62
2025-08-27,8.884,646.63,994.11,646.63,14.85
2025-08-28,9.033,648.92,1001.15,648.92,14.43
2025-08-29,8.25,645.05,989.21,645.05,15.36
2025-09-02,7.788,640.27,974.55,640.27,17.17
2025-09-03,8.002,643.74,985.12,643.74,16.35
2025-09-04,8.016,649.12,1001.58,649.12,15.3
2025-09-05,7.974,647.24,995.78,647.24,15.18
2025-09-08,7.866,648.83,1000.67,648.83,15.11
2025-09-09,7.953,650.33,1005.3,650.33,15.04
2025-09-10,7.796,652.21,1011.11,652.21,15.35
2025-09-11,8.895,657.63,1027.92,657.63,14.71
2025-09-12,8.886,657.41,1027.23,657.41,14.76
2025-09-15,8.043,660.91,1038.17,660.91,15.69
2025-09-16,8.019,660.0,1035.31,660.0,16.36
2025-09-17,8.105,659.18,1032.74,659.18,15.72
2025-09-18,8.257,662.26,1042.39,662.26,15.7
2025-09-19,8.386,663.7,1046.92,663.7,15.45
2025-09-22,8.167,666.84,1056.83,666.84,16.1
2025-09-23,8.146,663.21,1045.32,663.21,16.64
2025-09-24,7.994,661.1,1038.67,661.1,16.18
2025-09-25,7.853,658.05,1029.08,658.05,16.74
2025-09-26,7.898,661.82,1040.88,661.82,15.29
2025-09-29,8.078,663.68,1046.73,663.68,16.12
2025-09-30,8.309,666.18,1054.61,666.18,16.28
2025-10-01,8.268,668.45,1061.8,668.45,16.29
2025-10-02,8.119,669.22,1064.25,669.22,16.63
2025-10-03,8.179,669.21,1064.21,669.21,16.65
2025-10-06,8.202,671.61,1071.85,671.61,16.37
2025-10-07,8.078,669.12,1063.9,669.12,17.24
2025-10-08,8.141,673.11,1076.59,673.11,16.3
2025-10-09,7.911,671.16,1070.35,671.16,16.43
2025-10-10,6.366,653.02,1012.49,653.02,21.66
2025-10-13,6.564,663.04,1043.56,663.04,19.03
2025-10-14,6.568,662.23,1041.01,662.23,20.81
2025-10-15,6.682,665.17,1050.26,665.17,20.64
2025-10-16,6.451,660.64,1035.95,660.64,25.31
2025-10-17,6.521,664.39,1047.71,664.39,20.78
2025-10-20,6.634,671.3,1069.51,671.3,18.23
2025-10-21,7.744,671.29,1069.47,671.29,17.87
2025-10-22,6.703,667.8,1058.35,667.8,18.6
2025-10-23,7.917,671.76,1070.91,671.76,17.3
2025-10-24,7.966,677.25,1088.41,677.25,16.37
2025-10-27,8.15,685.24,1114.09,685.24,15.79
2025-10-28,8.127,687.06,1120.01,687.06,16.42
2025-10-29,8.067,687.39,1121.08,687.39,16.92
2025-10-30,7.817,679.83,1096.43,679.83,16.91
2025-10-31,7.884,682.06,1103.62,682.06,17.44
2025-11-03,7.849,683.34,1107.76,683.34,17.17
2025-11-04,6.683,675.24,1081.5,675.24,19.0
2025-11-05,6.633,677.58,1088.99,677.58,18.01
2025-11-06,6.475,670.31,1065.63,670.31,19.5
2025-11-07,7.05,670.97,1067.72,670.97,19.08
2025-11-10,8.055,681.44,1101.05,681.44,17.6
2025-11-11,8.127,683.0,1106.09,683.0,17.28
2025-11-12,8.048,683.38,1107.32,683.38,17.51
2025-11-13,6.845,672.04,1070.57,672.04,20.0
2025-11-14,6.727,671.93,1070.22,671.93,19.83
2025-11-17,5.332,665.67,1050.28,665.67,22.38
2025-11-18,5.166,660.08,1032.64,660.08,24.69
2025-11-19,5.345,662.63,1040.62,662.63,23.66
2025-11-20,4.927,652.53,1008.89,652.53,26.42
2025-11-21,4.962,659.03,1028.99,659.03,23.43
2025-11-24,6.018,668.73,1059.28,668.73,20.52
2025-11-25,6.15,675.02,1079.21,675.02,18.56
2025-11-26,7.276,679.68,1094.11,679.68,17.19
2025-11-28,7.605,683.39,1106.06,683.39,16.35
2025-12-01,7.448,680.27,1095.96,680.27,17.24
2025-12-02,7.447,681.53,1100.02,681.53,16.59
2025-12-03,7.756,683.89,1107.63,683.89,16.08
2025-12-04,7.701,684.39,1109.25,684.39,15.78
2025-12-05,7.959,685.69,1113.47,685.69,15.41
2025-12-08,7.877,683.63,1106.78,683.63,16.66
2025-12-09,7.547,683.04,1104.87,683.04,16.93
2025-12-10,7.634,687.57,1119.52,687.57,15.77
2025-12-11,8.669,689.17,1124.73,689.17,14.85
2025-12-12,7.789,681.76,1100.55,681.76,15.74
2025-12-15,7.762,680.73,1097.22,680.73,16.5
2025-12-16,7.897,678.87,1091.23,678.87,16.48
2025-12-17,6.843,671.4,1067.21,671.4,17.62
2025-12-18,7.918,676.47,1083.33,676.47,16.87
2025-12-19,9.36,680.59,1096.52,680.59,14.91
2025-12-22,9.283,684.83,1110.19,684.83,14.08
2025-12-23,9.075,687.96,1120.33,687.96,14.0
2025-12-24,8.955,690.38,1128.22,690.38,13.47
2025-12-26,8.813,690.31,1127.99,690.31,13.6
2025-12-29,8.631,687.85,1119.95,687.85,14.2
2025-12-30,8.698,687.01,1117.21,687.01,14.33
2025-12-31,8.511,681.92,1100.66,681.92,14.95
2026-01-02,8.479,683.17,1104.69,683.17,14.51
2026-01-05,8.597,687.72,1119.41,687.72,14.9
2026-01-06,8.679,691.81,1132.72,691.81,14.75
2026-01-07,7.674,689.58,1125.42,689.58,15.38
2026-01-08,7.689,689.51,1125.19,689.51,15.45
2026-01-09,8.689,694.07,1140.07,694.07,14.49
2026-01-12,7.674,695.16,1143.66,695.16,15.12
2026-01-13,7.852,693.77,1139.08,693.77,15.98
2026-01-14,7.783,690.36,1127.88,690.36,16.75
2026-01-15,7.894,692.24,1134.03,692.24,15.84
2026-01-16,8.104,691.66,1132.13,691.66,15.86
2026-01-20,5.533,677.58,1086.03,677.58,20.09
2026-01-21,7.641,685.4,1111.1,685.4,16.9
2026-01-22,7.621,688.98,1122.71,688.98,15.64
2026-01-23,7.537,689.23,1123.52,689.23,16.09
2026-01-26,7.568,692.73,1134.93,692.73,16.15
2026-01-27,7.65,695.49,1143.98,695.49,16.35
2026-01-28,7.72,695.42,1143.75,695.42,16.35
2026-01-29,7.705,694.04,1139.21,694.04,16.88
2026-01-30,7.795,691.97,1132.41,691.97,17.44
2026-02-02,7.858,695.41,1143.67,695.41,16.34
2026-02-03,6.553,689.53,1124.33,689.53,18.0
2026-02-04,6.338,686.19,1113.44,686.19,18.64
2026-02-05,5.153,677.62,1085.63,677.62,21.77
2026-02-06,7.532,690.62,1127.28,690.62,17.76
2026-02-09,7.497,693.95,1138.15,693.95,17.36
2026-02-10,7.413,692.12,1132.15,692.12,17.79
2026-02-11,7.448,691.96,1131.63,691.96,17.65
2026-02-12,5.237,681.27,1096.66,681.27,20.82
2026-02-13,5.197,681.75,1098.21,681.75,20.6
2026-02-17,5.245,682.85,1101.75,682.85,20.29
2026-02-18,6.757,686.29,1112.85,686.29,19.62
2026-02-19,5.473,684.48,1106.98,684.48,20.23
2026-02-20,6.513,689.43,1122.99,689.43,19.09
2026-02-23,5.302,682.39,1100.06,682.39,21.01
2026-02-24,6.345,687.35,1116.05,687.35,19.55
2026-02-25,7.433,693.15,1134.89,693.15,17.93
2026-02-26,6.324,689.3,1122.28,689.3,18.63
2026-02-27,5.268,685.99,1111.5,685.99,19.86
2026-03-02,6.338,686.38,1112.76,686.38,21.44
2026-03-03,5.066,680.33,1093.15,680.33,23.57
2026-03-04,5.372,685.13,1108.57,685.13,21.15
2026-03-05,5.358,681.31,1096.21,681.31,23.75
2026-03-06,4.345,672.38,1067.47,672.38,29.49
2026-03-09,5.142,678.27,1086.18,678.27,25.5
2026-03-10,5.017,677.18,1082.69,677.18,24.93
2026-03-11,5.044,676.33,1079.97,676.33,24.23
2026-03-12,4.751,666.06,1047.17,666.06,27.29
2026-03-13,4.943,662.29,1035.31,662.29,27.19
2026-03-16,5.127,669.03,1056.39,669.03,23.51
2026-03-17,5.147,670.79,1061.95,670.79,22.37
2026-03-18,4.776,661.43,1032.31,661.43,25.09
2026-03-19,4.779,659.8,1027.22,659.8,24.06
2026-03-20,0.815,648.57,992.25,648.57,26.78
2026-03-23,1.208,655.38,1013.09,655.38,26.15
2026-03-24,1.006,653.18,1006.29,653.18,26.95
2026-03-25,0.952,656.82,1017.51,656.82,25.33
2026-03-26,0.717,645.09,981.16,645.09,27.44
2026-03-27,0.0,634.09,947.7,634.09,31.05
2026-03-30,0.0,631.97,941.36,631.97,30.61
2026-03-31,1.118,650.34,996.09,650.34,25.25
2026-04-01,0.127,655.24,1011.1,655.24,24.54
2026-04-02,0.252,655.83,1012.92,655.83,23.87
2026-04-06,4.1,658.93,1022.5,658.93,24.17
2026-04-07,3.938,659.22,1023.4,659.22,25.78
2026-04-08,5.465,676.01,1075.53,676.01,21.04
2026-04-09,5.606,679.91,1087.94,679.91,19.49
2026-04-10,5.902,679.46,1086.5,679.46,19.23
2026-04-13,6.219,686.1,1107.73,686.1,19.12
2026-04-14,6.26,694.46,1134.73,694.46,18.36
2026-04-15,6.369,699.94,1152.64,699.94,18.17
2026-04-16,7.716,701.66,1158.3,701.66,17.94
2026-04-17,8.026,710.14,1186.3,710.14,17.48
2026-04-20,7.355,708.72,1181.56,708.72,18.87
2026-04-21,6.986,704.08,1166.08,704.08,19.5
2026-04-22,7.277,711.21,1189.7,711.21,18.92
2026-04-23,7.072,708.45,1180.47,708.45,19.31
2026-04-24,7.5,713.94,1198.76,713.94,18.71
2026-04-27,7.5,715.17,1202.89,715.17,18.02
2026-04-28,9.5,711.69,1191.19,711.69,17.83
2026-04-29,8.383,711.58,1190.82,711.58,18.81
2026-04-30,9.436,718.66,1214.52,718.66,16.89
2026-05-01,9.477,720.65,1221.24,720.65,16.99
2026-05-04,8.293,718.01,1212.29,718.01,18.29
2026-05-05,9.458,723.77,1231.74,723.77,17.38
2026-05-06,9.211,733.83,1265.99,733.83,17.39
2026-05-07,9.02,731.58,1258.22,731.58,17.08
2026-05-08,9.212,737.62,1279.0,737.62,17.19
2026-05-11,8.051,739.3,1284.82,739.3,18.38
2026-05-12,7.759,738.18,1280.93,738.18,20.0
2026-05-13,7.711,742.31,1295.26,742.31,20.0
