date,close,prob_shift,label
2020-01-02T00:00:00.000000,324.87,0.031714267548064994,0.0
2020-01-03T00:00:00.000000,322.41,0.03617256335496499,0.0
2020-01-06T00:00:00.000000,323.64,0.1192386752419158,0.0
2020-01-07T00:00:00.000000,322.73,0.8500603250323654,1.0
2020-01-08T00:00:00.000000,324.45,0.9682250327617447,1.0
2020-01-09T00:00:00.000000,326.65,0.9999994784875978,1.0
2020-01-10T00:00:00.000000,325.71,0.9999903889446731,1.0
2020-01-13T00:00:00.000000,327.95,0.9999986690892794,1.0
2020-01-14T00:00:00.000000,327.45,0.9999992095391559,1.0
2020-01-15T00:00:00.000000,328.19,0.9999998845723883,1.0
2020-01-16T00:00:00.000000,330.92,0.999996483021454,1.0
2020-01-17T00:00:00.000000,331.95,0.999999982710415,1.0
2020-01-21T00:00:00.000000,331.3,0.9999996239209046,1.0
2020-01-22T00:00:00.000000,331.34,0.9999990583886476,1.0
2020-01-23T00:00:00.000000,331.72,0.9999999659744692,1.0
2020-01-24T00:00:00.000000,328.77,0.9999967261716044,1.0
2020-01-27T00:00:00.000000,323.5,0.9999753765636219,1.0
2020-01-28T00:00:00.000000,326.89,0.9999998579581524,1.0
2020-01-29T00:00:00.000000,326.62,0.9999999178179063,1.0
2020-01-30T00:00:00.000000,327.68,0.9999995785683775,1.0
2020-01-31T00:00:00.000000,321.73,0.9999999108596229,1.0
2020-02-03T00:00:00.000000,324.12,0.9999999989015602,1.0
2020-02-04T00:00:00.000000,329.06,0.9999999998860061,1.0
2020-02-05T00:00:00.000000,332.86,0.9999999999962823,1.0
2020-02-06T00:00:00.000000,333.98,0.9999999999944029,1.0
2020-02-07T00:00:00.000000,332.2,0.9999999999977733,1.0
2020-02-10T00:00:00.000000,334.68,0.9999999999991256,1.0
2020-02-11T00:00:00.000000,335.26,0.9999999999977682,1.0
2020-02-12T00:00:00.000000,337.42,0.999999999996853,1.0
2020-02-13T00:00:00.000000,337.06,0.999999999998872,1.0
2020-02-14T00:00:00.000000,337.6,0.9999999999995779,1.0
2020-02-18T00:00:00.000000,336.73,0.999999999997879,1.0
2020-02-19T00:00:00.000000,338.34,0.9999999999949003,1.0
2020-02-20T00:00:00.000000,336.95,0.9999999999877514,1.0
2020-02-21T00:00:00.000000,333.48,0.9999999999934734,1.0
2020-02-24T00:00:00.000000,322.42,0.9999999813848347,1.0
2020-02-25T00:00:00.000000,312.65,0.9638095167988655,1.0
2020-02-26T00:00:00.000000,311.5,0.00011420292667373337,0.0
2020-02-27T00:00:00.000000,297.51,0.009477615879646477,0.0
2020-02-28T00:00:00.000000,296.26,0.0007376321118791127,0.0
2020-03-02T00:00:00.000000,309.09,0.00030254396752745275,0.0
2020-03-03T00:00:00.000000,300.24,4.702349196559551e-05,0.0
2020-03-04T00:00:00.000000,312.86,0.005870879558508699,0.0
2020-03-05T00:00:00.000000,302.46,0.005734525098090033,0.0
2020-03-06T00:00:00.000000,297.46,0.009836074708589791,0.0
2020-03-09T00:00:00.000000,274.23,0.9999999999965234,1.0
2020-03-10T00:00:00.000000,288.42,0.9999987766427567,1.0
2020-03-11T00:00:00.000000,274.36,0.9999999999999898,1.0
2020-03-12T00:00:00.000000,248.11,1.0,1.0
2020-03-13T00:00:00.000000,269.32,1.0,1.0
2020-03-16T00:00:00.000000,239.85,1.0,1.0
2020-03-17T00:00:00.000000,252.8,1.0,1.0
2020-03-18T00:00:00.000000,240.0,1.0,1.0
2020-03-19T00:00:00.000000,240.51,1.0,1.0
2020-03-20T00:00:00.000000,228.8,1.0,1.0
2020-03-23T00:00:00.000000,222.95,1.0,1.0
2020-03-24T00:00:00.000000,243.15,1.0,1.0
2020-03-25T00:00:00.000000,246.79,1.0,1.0
2020-03-26T00:00:00.000000,261.2,1.0,1.0
2020-03-27T00:00:00.000000,253.42,1.0,1.0
2020-03-30T00:00:00.000000,261.65,1.0,1.0
2020-03-31T00:00:00.000000,257.75,1.0,1.0
2020-04-01T00:00:00.000000,246.15,1.0,1.0
2020-04-02T00:00:00.000000,251.83,1.0,1.0
2020-04-03T00:00:00.000000,248.19,1.0,1.0
2020-04-06T00:00:00.000000,264.86,0.9999337395435687,1.0
2020-04-07T00:00:00.000000,265.13,0.0006752382198543356,0.0
2020-04-08T00:00:00.000000,274.03,1.1291502436246701e-10,0.0
2020-04-09T00:00:00.000000,278.2,1.0249526219620319e-18,0.0
2020-04-13T00:00:00.000000,275.66,1.9302431042555128e-14,0.0
2020-04-14T00:00:00.000000,283.79,5.076340204390883e-18,0.0
2020-04-15T00:00:00.000000,277.76,1.0633750231087492e-11,0.0
2020-04-16T00:00:00.000000,279.1,4.048899772331569e-13,0.0
2020-04-17T00:00:00.000000,286.64,6.311963619008225e-16,0.0
2020-04-20T00:00:00.000000,281.59,1.7579929827590157e-12,0.0
2020-04-21T00:00:00.000000,273.04,1.595141004526029e-12,0.0
2020-04-22T00:00:00.000000,279.1,3.306800608904979e-11,0.0
2020-04-23T00:00:00.000000,279.08,1.2722840883456345e-10,0.0
2020-04-24T00:00:00.000000,282.97,9.471441252081796e-08,0.0
2020-04-27T00:00:00.000000,287.05,1.096375511187687e-10,0.0
2020-04-28T00:00:00.000000,285.73,4.470321696157794e-10,0.0
2020-04-29T00:00:00.000000,293.21,4.203287716090418e-09,0.0
2020-04-30T00:00:00.000000,290.48,1.820603820393391e-10,0.0
2020-05-01T00:00:00.000000,282.79,2.4570367721174895e-08,0.0
2020-05-04T00:00:00.000000,283.57,1.6811652847218378e-08,0.0
2020-05-05T00:00:00.000000,286.19,3.8539014238856686e-07,0.0
2020-05-06T00:00:00.000000,284.25,1.9965740123357124e-07,0.0
2020-05-07T00:00:00.000000,287.68,5.555845314727499e-07,0.0
2020-05-08T00:00:00.000000,292.44,0.00031264859496801583,0.0
2020-05-11T00:00:00.000000,292.5,3.556803842881377e-06,0.0
2020-05-12T00:00:00.000000,286.67,2.6077471067574984e-05,0.0
2020-05-13T00:00:00.000000,281.6,5.529459851340663e-05,0.0
2020-05-14T00:00:00.000000,284.97,0.000573773315423781,0.0
2020-05-15T00:00:00.000000,286.28,0.000191541625546548,0.0
2020-05-18T00:00:00.000000,295.0,0.014101542021196567,0.0
2020-05-19T00:00:00.000000,291.97,0.0008783120606722211,0.0
2020-05-20T00:00:00.000000,296.93,0.003573925964724177,0.0
2020-05-21T00:00:00.000000,294.88,0.00017377320616293623,0.0
2020-05-22T00:00:00.000000,295.44,0.004041363386389811,0.0
2020-05-26T00:00:00.000000,299.08,0.9870651055874132,1.0
2020-05-27T00:00:00.000000,303.53,0.999578723243403,1.0
2020-05-28T00:00:00.000000,302.97,0.9922808117660787,1.0
2020-05-29T00:00:00.000000,304.32,0.9964821822195588,1.0
2020-06-01T00:00:00.000000,305.55,0.9989839165326512,1.0
2020-06-02T00:00:00.000000,308.08,0.9902179022268494,1.0
2020-06-03T00:00:00.000000,312.18,0.9999231699647795,1.0
2020-06-04T00:00:00.000000,311.36,0.9990834217414072,1.0
2020-06-05T00:00:00.000000,319.34,0.9999999787663643,1.0
2020-06-08T00:00:00.000000,323.2,0.9999999999986171,1.0
2020-06-09T00:00:00.000000,320.79,0.9999999999239941,1.0
2020-06-10T00:00:00.000000,319.0,0.999999999519358,1.0
2020-06-11T00:00:00.000000,300.61,0.9999999960980401,1.0
2020-06-12T00:00:00.000000,304.21,0.9999999999999856,1.0
2020-06-15T00:00:00.000000,307.05,0.9999999999984326,1.0
2020-06-16T00:00:00.000000,312.96,0.9999999999948221,1.0
2020-06-17T00:00:00.000000,311.66,0.9999999998543763,1.0
2020-06-18T00:00:00.000000,311.78,0.9999999996012199,1.0
2020-06-19T00:00:00.000000,308.64,0.9994852766502301,1.0
2020-06-22T00:00:00.000000,310.62,0.9997518783972208,1.0
2020-06-23T00:00:00.000000,312.05,0.999891769151794,1.0
2020-06-24T00:00:00.000000,304.09,0.9999309558207928,1.0
2020-06-25T00:00:00.000000,307.35,0.9999995625993273,1.0
2020-06-26T00:00:00.000000,300.05,0.9999735620654631,1.0
2020-06-29T00:00:00.000000,304.46,0.9999999940118398,1.0
2020-06-30T00:00:00.000000,308.36,0.999999914590896,1.0
2020-07-01T00:00:00.000000,310.52,0.9999988008502554,1.0
2020-07-02T00:00:00.000000,312.23,0.9999279389460165,1.0
2020-07-06T00:00:00.000000,317.05,0.9999999739005121,1.0
2020-07-07T00:00:00.000000,313.78,0.9995409796745144,1.0
2020-07-08T00:00:00.000000,316.18,0.9982856694980805,1.0
2020-07-09T00:00:00.000000,314.38,0.029226380425119186,0.0
2020-07-10T00:00:00.000000,317.59,0.02414931950351905,0.0
2020-07-13T00:00:00.000000,314.84,0.006410484838498088,0.0
2020-07-14T00:00:00.000000,318.92,0.0007843229227723082,0.0
2020-07-15T00:00:00.000000,321.85,0.009884917198255698,0.0
2020-07-16T00:00:00.000000,320.79,0.0008359819151035863,0.0
2020-07-17T00:00:00.000000,321.72,0.01328012266489462,0.0
2020-07-20T00:00:00.000000,324.32,0.0013681387800691714,0.0
2020-07-21T00:00:00.000000,325.01,0.009630687619090146,0.0
2020-07-22T00:00:00.000000,326.86,0.025197635873446877,0.0
2020-07-23T00:00:00.000000,322.96,3.0734714922139285e-05,0.0
2020-07-24T00:00:00.000000,320.88,0.0006376300030892696,0.0
2020-07-27T00:00:00.000000,323.22,0.000950280855604756,0.0
2020-07-28T00:00:00.000000,321.17,0.00014295868384978875,0.0
2020-07-29T00:00:00.000000,325.12,0.0024258796560990823,0.0
2020-07-30T00:00:00.000000,323.96,1.0181927290936063e-05,0.0
2020-07-31T00:00:00.000000,326.52,8.515050463962952e-06,0.0
2020-08-03T00:00:00.000000,328.79,7.137901327752048e-05,0.0
2020-08-04T00:00:00.000000,330.06,1.923181389553777e-06,0.0
2020-08-05T00:00:00.000000,332.11,0.0002895668387174042,0.0
2020-08-06T00:00:00.000000,334.33,0.0005760523531462194,0.0
2020-08-07T00:00:00.000000,334.57,0.006038462331465298,0.0
2020-08-10T00:00:00.000000,335.57,0.031078701702211158,0.0
2020-08-11T00:00:00.000000,332.8,0.01876241232598645,0.0
2020-08-12T00:00:00.000000,337.44,0.005018256686852887,0.0
2020-08-13T00:00:00.000000,336.83,0.5180031138873272,0.0
2020-08-14T00:00:00.000000,336.84,0.9690761257958411,1.0
2020-08-17T00:00:00.000000,337.91,0.9947124067038454,1.0
2020-08-18T00:00:00.000000,338.64,0.9914352584321036,1.0
2020-08-19T00:00:00.000000,337.23,0.9937073622979516,1.0
2020-08-20T00:00:00.000000,338.28,0.999800184381486,1.0
2020-08-21T00:00:00.000000,339.48,0.9993539941509253,1.0
2020-08-24T00:00:00.000000,342.92,0.9996277393164168,1.0
2020-08-25T00:00:00.000000,344.12,0.9993716811047525,1.0
2020-08-26T00:00:00.000000,347.57,0.9999965300328432,1.0
2020-08-27T00:00:00.000000,348.33,0.9999995617467146,1.0
2020-08-28T00:00:00.000000,350.58,0.9999009570151073,1.0
2020-08-31T00:00:00.000000,349.31,0.9999822726063307,1.0
2020-09-01T00:00:00.000000,352.6,0.9999999713213096,1.0
2020-09-02T00:00:00.000000,357.7,0.9999999997643227,1.0
2020-09-03T00:00:00.000000,345.39,0.9999971590152018,1.0
2020-09-04T00:00:00.000000,342.57,0.9999990994927608,1.0
2020-09-08T00:00:00.000000,333.21,0.9999972016724537,1.0
2020-09-09T00:00:00.000000,339.79,0.9999999983977697,1.0
2020-09-10T00:00:00.000000,333.89,0.9999999380649008,1.0
2020-09-11T00:00:00.000000,334.06,0.9999703680942309,1.0
2020-09-14T00:00:00.000000,338.46,0.9999993620822342,1.0
2020-09-15T00:00:00.000000,340.17,0.9999982573070366,1.0
2020-09-16T00:00:00.000000,338.82,0.9999873161903852,1.0
2020-09-17T00:00:00.000000,335.84,0.9986626764862208,1.0
2020-09-18T00:00:00.000000,330.65,0.9987931400249159,1.0
2020-09-21T00:00:00.000000,326.97,0.9953448766595896,1.0
2020-09-22T00:00:00.000000,330.3,0.998197468935697,1.0
2020-09-23T00:00:00.000000,322.64,0.9808220019668948,1.0
2020-09-24T00:00:00.000000,323.5,0.4842564403898734,1.0
2020-09-25T00:00:00.000000,328.73,0.9860481019145415,1.0
2020-09-28T00:00:00.000000,334.19,0.9817508678843826,1.0
2020-09-29T00:00:00.000000,332.37,0.9996307144003655,1.0
2020-09-30T00:00:00.000000,334.89,0.997294350178065,1.0
2020-10-01T00:00:00.000000,337.04,0.9514060186875946,1.0
2020-10-02T00:00:00.000000,333.84,0.9983297537102822,1.0
2020-10-05T00:00:00.000000,339.76,0.9911431830261632,1.0
2020-10-06T00:00:00.000000,334.93,0.9901121111202349,1.0
2020-10-07T00:00:00.000000,340.76,0.9955809742141156,1.0
2020-10-08T00:00:00.000000,343.78,0.9742305336946198,1.0
2020-10-09T00:00:00.000000,346.85,0.972146784144013,1.0
2020-10-12T00:00:00.000000,352.43,0.9975754597531635,1.0
2020-10-13T00:00:00.000000,350.13,0.9996714223970558,1.0
2020-10-14T00:00:00.000000,347.93,0.9934017632116796,1.0
2020-10-15T00:00:00.000000,347.5,0.9997742642959874,1.0
2020-10-16T00:00:00.000000,347.29,0.9999852811460759,1.0
2020-10-19T00:00:00.000000,342.01,0.9998447678420244,1.0
2020-10-20T00:00:00.000000,343.38,0.9972005352654821,1.0
2020-10-21T00:00:00.000000,342.73,0.9992734450289388,1.0
2020-10-22T00:00:00.000000,344.61,0.9937827437890098,1.0
2020-10-23T00:00:00.000000,345.78,0.9762781758718875,1.0
2020-10-26T00:00:00.000000,339.39,0.9661600447388443,1.0
2020-10-27T00:00:00.000000,338.22,0.984961254182538,1.0
2020-10-28T00:00:00.000000,326.66,0.9596071086056097,1.0
2020-10-29T00:00:00.000000,329.98,0.9998633917178819,1.0
2020-10-30T00:00:00.000000,326.54,0.9991139324906947,1.0
2020-11-02T00:00:00.000000,330.2,0.999706604356261,1.0
2020-11-03T00:00:00.000000,336.03,0.9987422641665661,1.0
2020-11-04T00:00:00.000000,343.54,0.9999974858685795,1.0
2020-11-05T00:00:00.000000,350.24,0.9999977730599402,1.0
2020-11-06T00:00:00.000000,350.16,0.9999988865721612,1.0
2020-11-09T00:00:00.000000,354.56,0.999998075467556,1.0
2020-11-10T00:00:00.000000,354.04,0.995018696335839,1.0
2020-11-11T00:00:00.000000,356.67,0.005960071718123255,0.0
2020-11-12T00:00:00.000000,353.21,0.00017849381912976765,0.0
2020-11-13T00:00:00.000000,358.1,0.05054571164738539,0.0
2020-11-16T00:00:00.000000,362.57,0.04175517729164976,0.0
2020-11-17T00:00:00.000000,360.62,0.09194320661988879,0.0
2020-11-18T00:00:00.000000,356.28,0.0076983255893591845,0.0
2020-11-19T00:00:00.000000,357.78,9.48252835130455e-05,0.0
2020-11-20T00:00:00.000000,355.33,0.00020962308436394138,0.0
2020-11-23T00:00:00.000000,357.46,0.006006090000475862,0.0
2020-11-24T00:00:00.000000,363.22,0.03497121836909197,0.0
2020-11-25T00:00:00.000000,362.66,0.005738361490283725,0.0
2020-11-27T00:00:00.000000,363.67,4.976421472187705e-05,0.0
2020-11-30T00:00:00.000000,362.06,7.401581532877664e-05,0.0
2020-12-01T00:00:00.000000,366.02,0.0006601270275557323,0.0
2020-12-02T00:00:00.000000,366.79,0.00845387581604008,0.0
2020-12-03T00:00:00.000000,366.69,0.015934917915297362,0.0
2020-12-04T00:00:00.000000,369.85,0.013046668664446467,0.0
2020-12-07T00:00:00.000000,369.09,0.0003406383465633064,0.0
2020-12-08T00:00:00.000000,370.17,0.0003333785868744452,0.0
2020-12-09T00:00:00.000000,366.85,0.00021089088114736564,0.0
2020-12-10T00:00:00.000000,366.73,0.017720799293686668,0.0
2020-12-11T00:00:00.000000,366.3,0.03933506504454021,0.0
2020-12-14T00:00:00.000000,364.66,0.0175009932651107,0.0
2020-12-15T00:00:00.000000,369.59,0.0011200937390140663,0.0
2020-12-16T00:00:00.000000,370.17,2.4470003011392484e-05,0.0
2020-12-17T00:00:00.000000,372.24,0.00016861413936605833,0.0
2020-12-18T00:00:00.000000,369.18,1.2781425585981614e-06,0.0
2020-12-21T00:00:00.000000,367.86,0.0011706952323255822,0.0
2020-12-22T00:00:00.000000,367.24,0.060555147036594086,0.0
2020-12-23T00:00:00.000000,367.57,0.0006897770324601401,0.0
2020-12-24T00:00:00.000000,369.0,2.112057782895328e-06,0.0
2020-12-28T00:00:00.000000,372.17,9.534948652719143e-06,0.0
2020-12-29T00:00:00.000000,371.46,8.648192463715065e-07,0.0
2020-12-30T00:00:00.000000,371.99,3.5343925299106937e-06,0.0
2020-12-31T00:00:00.000000,373.88,7.294775333371371e-06,0.0
2021-01-04T00:00:00.000000,368.79,0.057937038122870356,0.0
2021-01-05T00:00:00.000000,371.33,7.430408907840295e-05,0.0
2021-01-06T00:00:00.000000,373.55,9.820643388979362e-06,0.0
2021-01-07T00:00:00.000000,379.1,0.000149039773811306,0.0
2021-01-08T00:00:00.000000,381.26,8.177354526141968e-05,0.0
2021-01-11T00:00:00.000000,378.69,0.001180311516282793,0.0
2021-01-12T00:00:00.000000,378.77,0.00030737523265891007,0.0
2021-01-13T00:00:00.000000,379.79,0.013461757933368373,0.0
2021-01-14T00:00:00.000000,378.46,0.0418683369904949,0.0
2021-01-15T00:00:00.000000,375.7,0.16062582495282013,0.0
2021-01-19T00:00:00.000000,378.65,0.017721360097505565,0.0
2021-01-20T00:00:00.000000,383.89,0.0040974416496489165,0.0
2021-01-21T00:00:00.000000,384.24,0.1719925446648058,0.0
2021-01-22T00:00:00.000000,382.88,0.1125782848632333,0.0
2021-01-25T00:00:00.000000,384.39,0.07286342539756276,0.0
2021-01-26T00:00:00.000000,383.79,0.11847955305079014,0.0
2021-01-27T00:00:00.000000,374.41,0.13572136783828595,0.0
2021-01-28T00:00:00.000000,377.63,0.020441025987734358,0.0
2021-01-29T00:00:00.000000,370.07,0.55131636391918,0.0
2021-02-01T00:00:00.000000,376.23,0.9995269460130215,1.0
2021-02-02T00:00:00.000000,381.55,0.999918910183952,1.0
2021-02-03T00:00:00.000000,381.85,0.9998647666481945,1.0
2021-02-04T00:00:00.000000,386.19,0.9994801306743826,1.0
2021-02-05T00:00:00.000000,387.71,0.9999875420213471,1.0
2021-02-08T00:00:00.000000,390.51,0.9995076052860553,1.0
2021-02-09T00:00:00.000000,390.25,0.9875106312477308,1.0
2021-02-10T00:00:00.000000,390.08,0.9827179663215365,1.0
2021-02-11T00:00:00.000000,390.71,0.997376730966459,1.0
2021-02-12T00:00:00.000000,392.64,0.9961690972925722,1.0
2021-02-16T00:00:00.000000,392.3,0.9898085279172136,1.0
2021-02-17T00:00:00.000000,392.39,0.9992070195064954,1.0
2021-02-18T00:00:00.000000,390.72,0.9965054969753918,1.0
2021-02-19T00:00:00.000000,390.03,0.9976656740726609,1.0
2021-02-22T00:00:00.000000,387.03,0.954554713784693,1.0
2021-02-23T00:00:00.000000,387.5,0.9322508705671334,1.0
2021-02-24T00:00:00.000000,391.77,0.9957562233714692,1.0
2021-02-25T00:00:00.000000,382.33,0.9962588078724127,1.0
2021-02-26T00:00:00.000000,380.36,0.9998174890176685,1.0
2021-03-01T00:00:00.000000,389.58,0.9960729332395601,1.0
2021-03-02T00:00:00.000000,386.54,0.999142785140023,1.0
2021-03-03T00:00:00.000000,381.42,0.907393797954591,1.0
2021-03-04T00:00:00.000000,376.7,0.9898224963713775,1.0
2021-03-05T00:00:00.000000,383.63,0.9999977361131931,1.0
2021-03-08T00:00:00.000000,381.72,0.9999730257135957,1.0
2021-03-09T00:00:00.000000,387.17,0.9998275021276558,1.0
2021-03-10T00:00:00.000000,389.58,0.999999561038375,1.0
2021-03-11T00:00:00.000000,393.53,0.9999652913201462,1.0
2021-03-12T00:00:00.000000,394.06,0.9988378504567457,1.0
2021-03-15T00:00:00.000000,396.41,0.9911915747292719,1.0
2021-03-16T00:00:00.000000,395.91,0.006361585558937799,0.0
2021-03-17T00:00:00.000000,397.26,0.0021911685353191994,0.0
2021-03-18T00:00:00.000000,391.48,0.00018472060140651463,0.0
2021-03-19T00:00:00.000000,389.48,0.00167146555543192,0.0
2021-03-22T00:00:00.000000,392.59,0.00019193317641959387,0.0
2021-03-23T00:00:00.000000,389.5,0.0059099126290138235,0.0
2021-03-24T00:00:00.000000,387.52,0.046506073626279336,0.0
2021-03-25T00:00:00.000000,389.7,0.028062933260627147,0.0
2021-03-26T00:00:00.000000,395.98,0.0116723362768612,0.0
2021-03-29T00:00:00.000000,395.78,0.047155517415089956,0.0
2021-03-30T00:00:00.000000,394.73,0.004262536500849069,0.0
2021-03-31T00:00:00.000000,396.33,6.944831638393187e-05,0.0
2021-04-01T00:00:00.000000,400.61,0.00024442640925264003,0.0
2021-04-05T00:00:00.000000,406.36,0.00014570692603634264,0.0
2021-04-06T00:00:00.000000,406.12,0.002085709258011152,0.0
2021-04-07T00:00:00.000000,406.59,0.0005634879629098009,0.0
2021-04-08T00:00:00.000000,408.52,0.0002724651774189889,0.0
2021-04-09T00:00:00.000000,411.49,0.00039934519064657454,0.0
2021-04-12T00:00:00.000000,411.64,0.0029753558460029806,0.0
2021-04-13T00:00:00.000000,412.86,0.008963202928709288,0.0
2021-04-14T00:00:00.000000,411.45,0.04046803454869505,0.0
2021-04-15T00:00:00.000000,415.87,0.025069685649599462,0.0
2021-04-16T00:00:00.000000,417.26,0.9716062080689097,1.0
2021-04-19T00:00:00.000000,415.21,0.9999608062018428,1.0
2021-04-20T00:00:00.000000,412.17,0.9955273090669796,1.0
2021-04-21T00:00:00.000000,416.07,0.9999919030523903,1.0
2021-04-22T00:00:00.000000,412.27,0.9999724941175288,1.0
2021-04-23T00:00:00.000000,416.74,0.9993516180327591,1.0
2021-04-26T00:00:00.000000,417.61,0.999817464761536,1.0
2021-04-27T00:00:00.000000,417.52,0.9999413186401803,1.0
2021-04-28T00:00:00.000000,417.4,0.9999784833843616,1.0
2021-04-29T00:00:00.000000,420.06,0.9999791311498457,1.0
2021-04-30T00:00:00.000000,417.3,0.9996397015121661,1.0
2021-05-03T00:00:00.000000,418.2,0.9997454511598182,1.0
2021-05-04T00:00:00.000000,415.62,0.9816416170592505,1.0
2021-05-05T00:00:00.000000,415.75,0.9955938870875184,1.0
2021-05-06T00:00:00.000000,419.07,0.9986460402333315,1.0
2021-05-07T00:00:00.000000,422.12,0.9997716428387636,1.0
2021-05-10T00:00:00.000000,417.94,0.9633277689775518,1.0
2021-05-11T00:00:00.000000,414.21,0.9948852291797732,1.0
2021-05-12T00:00:00.000000,405.41,0.9995377489840633,1.0
2021-05-13T00:00:00.000000,410.28,0.9999987962500176,1.0
2021-05-14T00:00:00.000000,416.58,0.9999958451510385,1.0
2021-05-17T00:00:00.000000,415.52,0.9998216506342527,1.0
2021-05-18T00:00:00.000000,411.94,0.9996981819051317,1.0
2021-05-19T00:00:00.000000,410.86,0.9969962959515195,1.0
2021-05-20T00:00:00.000000,415.28,0.9926704439071131,1.0
2021-05-21T00:00:00.000000,414.94,0.9994420857237784,1.0
2021-05-24T00:00:00.000000,419.17,0.9878618979467539,1.0
2021-05-25T00:00:00.000000,418.24,0.9587625516660612,1.0
2021-05-26T00:00:00.000000,419.07,0.9805246734129183,1.0
2021-05-27T00:00:00.000000,419.29,0.9822505819042627,1.0
2021-05-28T00:00:00.000000,420.04,0.002832659922282652,0.0
2021-06-01T00:00:00.000000,419.67,0.003609289788399165,0.0
2021-06-02T00:00:00.000000,420.33,9.310328395170099e-05,0.0
2021-06-03T00:00:00.000000,418.77,0.004915079371088466,0.0
2021-06-04T00:00:00.000000,422.6,0.003484993788448742,0.0
2021-06-07T00:00:00.000000,422.19,0.00046180352138380234,0.0
2021-06-08T00:00:00.000000,422.28,2.2391880039501578e-05,0.0
2021-06-09T00:00:00.000000,421.65,7.134701846547204e-05,0.0
2021-06-10T00:00:00.000000,423.61,0.02209227638515281,0.0
2021-06-11T00:00:00.000000,424.31,0.0021036760005273183,0.0
2021-06-14T00:00:00.000000,425.26,0.00015531728045476513,0.0
2021-06-15T00:00:00.000000,424.48,0.0001846744666937721,0.0
2021-06-16T00:00:00.000000,422.11,0.0019657448899729458,0.0
2021-06-17T00:00:00.000000,421.97,0.0025011008220825626,0.0
2021-06-18T00:00:00.000000,414.92,0.21004922608979223,0.0
2021-06-21T00:00:00.000000,420.86,0.037948382022388746,0.0
2021-06-22T00:00:00.000000,423.11,0.08431963138360941,0.0
2021-06-23T00:00:00.000000,422.6,0.018088412947348132,0.0
2021-06-24T00:00:00.000000,425.1,0.025108932747373663,0.0
2021-06-25T00:00:00.000000,426.61,0.016978366388585894,0.0
2021-06-28T00:00:00.000000,427.47,0.00039340508467210124,0.0
2021-06-29T00:00:00.000000,427.7,0.000200775505612822,0.0
2021-06-30T00:00:00.000000,428.06,0.015606710747403878,0.0
2021-07-01T00:00:00.000000,430.43,0.003535549236344504,0.0
2021-07-02T00:00:00.000000,433.72,0.04868298467359689,0.0
2021-07-06T00:00:00.000000,432.93,0.0032540571191721442,0.0
2021-07-07T00:00:00.000000,434.46,0.00673725010695298,0.0
2021-07-08T00:00:00.000000,430.92,0.0002399392568802291,0.0
2021-07-09T00:00:00.000000,435.52,0.04405619602663239,0.0
2021-07-12T00:00:00.000000,437.08,0.06345644597505926,0.0
2021-07-13T00:00:00.000000,435.59,0.010176294167985388,0.0
2021-07-14T00:00:00.000000,436.24,0.10440774995435634,0.0
2021-07-15T00:00:00.000000,434.75,0.019521196314841366,0.0
2021-07-16T00:00:00.000000,431.34,0.028738440741619527,0.0
2021-07-19T00:00:00.000000,424.97,0.09451518915645218,0.0
2021-07-20T00:00:00.000000,431.06,0.13338962850200614,0.0
2021-07-21T00:00:00.000000,434.55,0.04041707481027007,0.0
2021-07-22T00:00:00.000000,435.46,0.06832885089923875,0.0
2021-07-23T00:00:00.000000,439.94,0.015739233172495738,0.0
2021-07-26T00:00:00.000000,441.02,0.0007375671235967285,0.0
2021-07-27T00:00:00.000000,439.01,0.0017995842753877119,0.0
2021-07-28T00:00:00.000000,438.83,0.03112457261364973,0.0
2021-07-29T00:00:00.000000,440.65,0.03611496001038809,0.0
2021-07-30T00:00:00.000000,438.51,0.030046671037695278,0.0
2021-08-02T00:00:00.000000,437.59,0.002288429141900636,0.0
2021-08-03T00:00:00.000000,441.15,0.00022832057172831883,0.0
2021-08-04T00:00:00.000000,438.98,0.0003791281017629003,0.0
2021-08-05T00:00:00.000000,441.76,0.0003319801772841012,0.0
2021-08-06T00:00:00.000000,442.49,0.00044796441270405173,0.0
2021-08-09T00:00:00.000000,442.13,0.0007125947730863463,0.0
2021-08-10T00:00:00.000000,442.68,1.9692372548283463e-05,0.0
2021-08-11T00:00:00.000000,443.78,2.638687602415491e-05,0.0
2021-08-12T00:00:00.000000,445.11,5.660996209732193e-05,0.0
2021-08-13T00:00:00.000000,445.92,0.019075576246095044,0.0
2021-08-16T00:00:00.000000,446.97,0.11943168222279875,0.0
2021-08-17T00:00:00.000000,444.04,0.197699836183863,0.0
2021-08-18T00:00:00.000000,439.18,0.9412428091801175,1.0
2021-08-19T00:00:00.000000,439.86,0.9767912683829364,1.0
2021-08-20T00:00:00.000000,443.36,0.9911029540989997,1.0
2021-08-23T00:00:00.000000,447.26,0.9789881818406261,1.0
2021-08-24T00:00:00.000000,447.97,0.9360392144400909,1.0
2021-08-25T00:00:00.000000,448.91,0.9767785836268514,1.0
2021-08-26T00:00:00.000000,446.26,0.959884997152711,1.0
2021-08-27T00:00:00.000000,450.25,0.9989233743012469,1.0
2021-08-30T00:00:00.000000,452.23,0.998533533499988,1.0
2021-08-31T00:00:00.000000,451.56,0.999899957465047,1.0
2021-09-01T00:00:00.000000,451.8,0.9998811266246979,1.0
2021-09-02T00:00:00.000000,453.19,0.9998123051187137,1.0
2021-09-03T00:00:00.000000,453.08,0.999968990321867,1.0
2021-09-07T00:00:00.000000,451.46,0.9233704587157157,1.0
2021-09-08T00:00:00.000000,450.91,0.9894187103065712,1.0
2021-09-09T00:00:00.000000,448.98,0.9661044470587247,1.0
2021-09-10T00:00:00.000000,445.44,0.9882349369728545,1.0
2021-09-13T00:00:00.000000,446.58,0.9953738941428681,1.0
2021-09-14T00:00:00.000000,444.17,0.9994711382276223,1.0
2021-09-15T00:00:00.000000,447.88,0.9572597325919424,1.0
2021-09-16T00:00:00.000000,447.17,0.9967985703792198,1.0
2021-09-17T00:00:00.000000,441.4,0.9830438494669946,1.0
2021-09-20T00:00:00.000000,434.04,0.9974752922150946,1.0
2021-09-21T00:00:00.000000,433.63,0.9998762063409465,1.0
2021-09-22T00:00:00.000000,437.86,0.999871231645181,1.0
2021-09-23T00:00:00.000000,443.18,0.9998766581980407,1.0
2021-09-24T00:00:00.000000,443.91,0.9999891457096952,1.0
2021-09-27T00:00:00.000000,442.64,0.999993259097123,1.0
2021-09-28T00:00:00.000000,433.72,0.999832915890318,1.0
2021-09-29T00:00:00.000000,434.45,0.9999785551960352,1.0
2021-09-30T00:00:00.000000,429.14,0.9981662320705009,1.0
2021-10-01T00:00:00.000000,434.24,0.9999550769874476,1.0
2021-10-04T00:00:00.000000,428.64,0.9994068586014224,1.0
2021-10-05T00:00:00.000000,433.1,0.9998707788743049,1.0
2021-10-06T00:00:00.000000,434.9,0.9992534440631289,1.0
2021-10-07T00:00:00.000000,438.66,0.9957324190920133,1.0
2021-10-08T00:00:00.000000,437.86,0.9756074588681043,1.0
2021-10-11T00:00:00.000000,434.69,0.9927430775613719,1.0
2021-10-12T00:00:00.000000,433.62,0.9948023672557756,1.0
2021-10-13T00:00:00.000000,435.18,0.9852735031781851,1.0
2021-10-14T00:00:00.000000,442.5,0.9793435889866324,1.0
2021-10-15T00:00:00.000000,445.87,0.9627652092041568,1.0
2021-10-18T00:00:00.000000,447.19,0.0976309224022232,0.0
2021-10-19T00:00:00.000000,450.64,0.0020577630965461424,0.0
2021-10-20T00:00:00.000000,452.41,0.0002695458985759942,0.0
2021-10-21T00:00:00.000000,453.59,0.0005487117276381191,0.0
2021-10-22T00:00:00.000000,453.12,0.009994739692339275,0.0
2021-10-25T00:00:00.000000,455.55,5.050063196046941e-05,0.0
2021-10-26T00:00:00.000000,455.96,0.002058043701011813,0.0
2021-10-27T00:00:00.000000,453.94,0.004540510922305489,0.0
2021-10-28T00:00:00.000000,458.32,0.0721207551639302,0.0
2021-10-29T00:00:00.000000,459.25,0.0811142273988757,0.0
2021-11-01T00:00:00.000000,460.04,0.9771534199263179,1.0
2021-11-02T00:00:00.000000,461.9,0.9900254311367216,1.0
2021-11-03T00:00:00.000000,464.72,0.8601958693513373,1.0
2021-11-04T00:00:00.000000,466.91,0.9130157755376693,1.0
2021-11-05T00:00:00.000000,468.53,0.9999218215893653,1.0
2021-11-08T00:00:00.000000,468.93,0.9999967994768209,1.0
2021-11-09T00:00:00.000000,467.38,0.9999773187170966,1.0
2021-11-10T00:00:00.000000,463.62,0.9992133806168612,1.0
2021-11-11T00:00:00.000000,463.77,0.9972751534489742,1.0
2021-11-12T00:00:00.000000,467.27,0.9999698342459261,1.0
2021-11-15T00:00:00.000000,467.43,0.9999775702295183,1.0
2021-11-16T00:00:00.000000,469.28,0.9999894461649904,1.0
2021-11-17T00:00:00.000000,468.14,0.9997578830068582,1.0
2021-11-18T00:00:00.000000,469.73,0.9998700067801505,1.0
2021-11-19T00:00:00.000000,468.89,0.9998494715231472,1.0
2021-11-22T00:00:00.000000,467.57,0.9944452347142093,1.0
2021-11-23T00:00:00.000000,468.19,0.9917305514653403,1.0
2021-11-24T00:00:00.000000,469.44,0.9991097671921414,1.0
2021-11-26T00:00:00.000000,458.97,0.9892063990708212,1.0
2021-11-29T00:00:00.000000,464.6,0.9989337118220826,1.0
2021-11-30T00:00:00.000000,455.56,0.9674171743631095,1.0
2021-12-01T00:00:00.000000,450.5,0.99174131501752,1.0
2021-12-02T00:00:00.000000,457.4,0.9988730901127559,1.0
2021-12-03T00:00:00.000000,453.42,0.9976963387547471,1.0
2021-12-06T00:00:00.000000,458.79,0.9991756760364005,1.0
2021-12-07T00:00:00.000000,468.28,0.999989337585033,1.0
2021-12-08T00:00:00.000000,469.52,0.9999906835803324,1.0
2021-12-09T00:00:00.000000,466.35,0.9989946901425102,1.0
2021-12-10T00:00:00.000000,470.74,0.999993301678536,1.0
2021-12-13T00:00:00.000000,466.57,0.9996925240467706,1.0
2021-12-14T00:00:00.000000,463.36,0.9882432118510797,1.0
2021-12-15T00:00:00.000000,470.6,0.9996373884488841,1.0
2021-12-16T00:00:00.000000,466.45,0.9912541605358814,1.0
2021-12-17T00:00:00.000000,459.87,0.9955897652389325,1.0
2021-12-20T00:00:00.000000,454.98,0.9530930932527772,1.0
2021-12-21T00:00:00.000000,463.06,0.9999059088168017,1.0
2021-12-22T00:00:00.000000,467.69,0.9999999608231698,1.0
2021-12-23T00:00:00.000000,470.6,0.9999977951980427,1.0
2021-12-27T00:00:00.000000,477.26,0.9909287900880439,1.0
2021-12-28T00:00:00.000000,476.87,0.9996036159599252,1.0
2021-12-29T00:00:00.000000,477.48,0.9999330123014639,1.0
2021-12-30T00:00:00.000000,476.16,0.9990187251776382,1.0
2021-12-31T00:00:00.000000,474.96,0.9999230214297501,1.0
2022-01-03T00:00:00.000000,477.71,0.9996623406469347,1.0
2022-01-04T00:00:00.000000,477.55,0.9993469377333859,1.0
2022-01-05T00:00:00.000000,468.38,0.9810374866690244,1.0
2022-01-06T00:00:00.000000,467.94,0.9596729044813459,1.0
2022-01-07T00:00:00.000000,466.09,0.9983744954675436,1.0
2022-01-10T00:00:00.000000,465.51,0.9999038487813404,1.0
2022-01-11T00:00:00.000000,469.75,0.9902683135402564,1.0
2022-01-12T00:00:00.000000,471.02,0.9948470577783983,1.0
2022-01-13T00:00:00.000000,464.53,0.9983753815644151,1.0
2022-01-14T00:00:00.000000,464.72,0.9999801128937708,1.0
2022-01-18T00:00:00.000000,456.49,0.9751172514574491,1.0
2022-01-19T00:00:00.000000,451.75,0.9947829201310506,1.0
2022-01-20T00:00:00.000000,446.75,0.9920277691937235,1.0
2022-01-21T00:00:00.000000,437.98,0.9615297466139382,1.0
2022-01-24T00:00:00.000000,439.84,0.9971423081951469,1.0
2022-01-25T00:00:00.000000,434.47,0.8996614817734196,1.0
2022-01-26T00:00:00.000000,433.38,0.997101412411657,1.0
2022-01-27T00:00:00.000000,431.24,0.9918852498872577,1.0
2022-01-28T00:00:00.000000,441.95,0.9989128861741027,1.0
2022-01-31T00:00:00.000000,449.91,0.999994718305388,1.0
2022-02-01T00:00:00.000000,452.95,0.9999973727991132,1.0
2022-02-02T00:00:00.000000,457.35,0.9994841834370705,1.0
2022-02-03T00:00:00.000000,446.6,0.9999769059646265,1.0
2022-02-04T00:00:00.000000,448.7,0.9998794192249612,1.0
2022-02-07T00:00:00.000000,447.26,0.9974725754996457,1.0
2022-02-08T00:00:00.000000,450.94,0.9982393464241116,1.0
2022-02-09T00:00:00.000000,457.54,0.9750970990057597,1.0
2022-02-10T00:00:00.000000,449.32,0.9999215004937271,1.0
2022-02-11T00:00:00.000000,440.46,0.9999797462448391,1.0
2022-02-14T00:00:00.000000,439.02,0.9998910313292126,1.0
2022-02-15T00:00:00.000000,446.1,0.9999914222355455,1.0
2022-02-16T00:00:00.000000,446.6,0.9999661094914961,1.0
2022-02-17T00:00:00.000000,437.06,0.9999049335919662,1.0
2022-02-18T00:00:00.000000,434.23,0.9970697659473087,1.0
2022-02-22T00:00:00.000000,429.57,0.9889609295015249,1.0
2022-02-23T00:00:00.000000,421.95,0.998875060264566,1.0
2022-02-24T00:00:00.000000,428.3,0.999974597248703,1.0
2022-02-25T00:00:00.000000,437.75,0.9999685285550362,1.0
2022-02-28T00:00:00.000000,436.63,0.9999565831239179,1.0
2022-03-01T00:00:00.000000,429.98,0.9994754164261007,1.0
2022-03-02T00:00:00.000000,437.89,0.9999755085266339,1.0
2022-03-03T00:00:00.000000,435.71,0.9999958266222815,1.0
2022-03-04T00:00:00.000000,432.17,0.9999938250080135,1.0
2022-03-07T00:00:00.000000,419.43,0.9974014739942935,1.0
2022-03-08T00:00:00.000000,416.25,0.9999697494645475,1.0
2022-03-09T00:00:00.000000,427.41,0.9999986640924489,1.0
2022-03-10T00:00:00.000000,425.48,0.9999850801234403,1.0
2022-03-11T00:00:00.000000,420.07,0.9999918643254908,1.0
2022-03-14T00:00:00.000000,417.0,0.999996069186503,1.0
2022-03-15T00:00:00.000000,426.17,0.9999997088969338,1.0
2022-03-16T00:00:00.000000,435.62,0.9999991833418306,1.0
2022-03-17T00:00:00.000000,441.07,0.9999674258900659,1.0
2022-03-18T00:00:00.000000,444.52,0.99999966068422,1.0
2022-03-21T00:00:00.000000,444.39,0.9999156276089375,1.0
2022-03-22T00:00:00.000000,449.59,0.9559539772175171,1.0
2022-03-23T00:00:00.000000,443.8,0.8889352476535209,1.0
2022-03-24T00:00:00.000000,450.49,0.9893141806075216,1.0
2022-03-25T00:00:00.000000,452.69,0.9944398483905627,1.0
2022-03-28T00:00:00.000000,455.91,0.9959204168487271,1.0
2022-03-29T00:00:00.000000,461.55,0.9900309916643399,1.0
2022-03-30T00:00:00.000000,458.7,0.9996616034170701,1.0
2022-03-31T00:00:00.000000,451.64,0.9979523698404084,1.0
2022-04-01T00:00:00.000000,452.92,0.9957014670447222,1.0
2022-04-04T00:00:00.000000,456.8,0.9997661534761328,1.0
2022-04-05T00:00:00.000000,451.03,0.9999995142934394,1.0
2022-04-06T00:00:00.000000,446.52,0.9999116527882013,1.0
2022-04-07T00:00:00.000000,448.77,0.9979938472012277,1.0
2022-04-08T00:00:00.000000,447.57,0.9959644962510807,1.0
2022-04-11T00:00:00.000000,439.92,0.9999340799563898,1.0
2022-04-12T00:00:00.000000,438.29,0.9976029751356194,1.0
2022-04-13T00:00:00.000000,443.31,0.9958886169402777,1.0
2022-04-14T00:00:00.000000,437.79,0.01135830274617336,0.0
2022-04-18T00:00:00.000000,437.97,0.00608248266361893,0.0
2022-04-19T00:00:00.000000,445.04,0.07003493101056751,0.0
2022-04-20T00:00:00.000000,444.71,0.062085249665512564,0.0
2022-04-21T00:00:00.000000,438.06,0.021801536641297584,0.0
2022-04-22T00:00:00.000000,426.04,0.025125820974395644,0.0
2022-04-25T00:00:00.000000,428.51,0.006728388879742532,0.0
2022-04-26T00:00:00.000000,416.1,0.005230206307668276,0.0
2022-04-27T00:00:00.000000,417.27,0.0010867074452098604,0.0
2022-04-28T00:00:00.000000,427.81,0.012399482457795555,0.0
2022-04-29T00:00:00.000000,412.0,8.391600879650042e-05,0.0
2022-05-02T00:00:00.000000,414.48,0.0003231998430866067,0.0
2022-05-03T00:00:00.000000,416.38,0.000939033377318586,0.0
2022-05-04T00:00:00.000000,429.06,0.9993352889993615,1.0
2022-05-05T00:00:00.000000,413.81,0.9991878421317242,1.0
2022-05-06T00:00:00.000000,411.34,0.9813380615625426,1.0
2022-05-09T00:00:00.000000,398.17,0.9967308827866139,1.0
2022-05-10T00:00:00.000000,399.09,0.999478950207121,1.0
2022-05-11T00:00:00.000000,392.75,0.9999991993525332,1.0
2022-05-12T00:00:00.000000,392.34,0.9997966140298313,1.0
2022-05-13T00:00:00.000000,401.72,0.9999995121483418,1.0
2022-05-16T00:00:00.000000,400.09,0.9997888482157088,1.0
2022-05-17T00:00:00.000000,408.32,0.9996908975913291,1.0
2022-05-18T00:00:00.000000,391.86,0.9995436773211643,1.0
2022-05-19T00:00:00.000000,389.46,0.9999008855930259,1.0
2022-05-20T00:00:00.000000,389.63,0.9999996380505698,1.0
2022-05-23T00:00:00.000000,396.92,0.9999997583911178,1.0
2022-05-24T00:00:00.000000,393.89,0.9999999972121574,1.0
2022-05-25T00:00:00.000000,397.37,0.9999998288772991,1.0
2022-05-26T00:00:00.000000,405.31,0.9999988634101427,1.0
2022-05-27T00:00:00.000000,415.26,0.999928333534646,1.0
2022-05-31T00:00:00.000000,412.93,0.9999718398246021,1.0
2022-06-01T00:00:00.000000,409.59,0.9999992685435503,1.0
2022-06-02T00:00:00.000000,417.39,0.9999608591939335,1.0
2022-06-03T00:00:00.000000,410.54,0.999440361126491,1.0
2022-06-06T00:00:00.000000,411.79,0.9851711756334072,1.0
2022-06-07T00:00:00.000000,415.74,0.9871546262753651,1.0
2022-06-08T00:00:00.000000,411.22,0.9929684688046372,1.0
2022-06-09T00:00:00.000000,401.44,0.9842454789368285,1.0
2022-06-10T00:00:00.000000,389.8,0.9999790261845494,1.0
2022-06-13T00:00:00.000000,375.0,0.9999998045452285,1.0
2022-06-14T00:00:00.000000,373.87,0.9999999328194099,1.0
2022-06-15T00:00:00.000000,379.2,0.9999945827421955,1.0
2022-06-16T00:00:00.000000,366.65,0.999999790226922,1.0
2022-06-17T00:00:00.000000,365.86,0.9999964458263969,1.0
2022-06-21T00:00:00.000000,375.07,0.9994132000651299,1.0
2022-06-22T00:00:00.000000,374.39,0.9997748446729585,1.0
2022-06-23T00:00:00.000000,378.06,0.9999990937259238,1.0
2022-06-24T00:00:00.000000,390.08,0.9999381001789269,1.0
2022-06-27T00:00:00.000000,388.59,0.999999909986948,1.0
2022-06-28T00:00:00.000000,380.65,0.9998771519735574,1.0
2022-06-29T00:00:00.000000,380.34,0.9994954673154688,1.0
2022-06-30T00:00:00.000000,377.25,0.999902392353761,1.0
2022-07-01T00:00:00.000000,381.24,0.9998531391836726,1.0
2022-07-05T00:00:00.000000,381.96,0.9996072638488085,1.0
2022-07-06T00:00:00.000000,383.25,0.9979365275595204,1.0
2022-07-07T00:00:00.000000,388.99,0.9874887757873423,1.0
2022-07-08T00:00:00.000000,388.67,0.9835519896023099,1.0
2022-07-11T00:00:00.000000,384.23,0.022172325709106846,0.0
2022-07-12T00:00:00.000000,380.83,0.02793050015044579,0.0
2022-07-13T00:00:00.000000,378.83,0.0014907056488285067,0.0
2022-07-14T00:00:00.000000,377.91,0.0010776058046369078,0.0
2022-07-15T00:00:00.000000,385.13,0.00038360074380858113,0.0
2022-07-18T00:00:00.000000,381.95,0.00020593683205745558,0.0
2022-07-19T00:00:00.000000,392.27,0.0001905812556597563,0.0
2022-07-20T00:00:00.000000,394.77,0.01867765645695835,0.0
2022-07-21T00:00:00.000000,398.79,0.0039295928760765654,0.0
2022-07-22T00:00:00.000000,395.09,0.022316340585750293,0.0
2022-07-25T00:00:00.000000,395.57,0.14008087792557786,0.0
2022-07-26T00:00:00.000000,390.89,3.8727780209081915e-05,0.0
2022-07-27T00:00:00.000000,401.04,0.00011007984281720315,0.0
2022-07-28T00:00:00.000000,406.07,0.009645168294091804,0.0
2022-07-29T00:00:00.000000,411.99,0.04928745870664962,0.0
2022-08-01T00:00:00.000000,410.77,0.9996421707244368,1.0
2022-08-02T00:00:00.000000,408.06,0.9999739780423011,1.0
2022-08-03T00:00:00.000000,414.45,0.9996362315755365,1.0
2022-08-04T00:00:00.000000,414.17,0.9999734126145947,1.0
2022-08-05T00:00:00.000000,413.47,0.9999994180178137,1.0
2022-08-08T00:00:00.000000,412.99,0.9999999876470912,1.0
2022-08-09T00:00:00.000000,411.35,0.9999999881695817,1.0
2022-08-10T00:00:00.000000,419.99,0.9999811514005236,1.0
2022-08-11T00:00:00.000000,419.99,0.999999896564471,1.0
2022-08-12T00:00:00.000000,427.1,0.9999997791677137,1.0
2022-08-15T00:00:00.000000,428.86,0.9999999985230901,1.0
2022-08-16T00:00:00.000000,429.7,0.9999999602158476,1.0
2022-08-17T00:00:00.000000,426.65,0.9999990832998503,1.0
2022-08-18T00:00:00.000000,427.89,0.9999999137282777,1.0
2022-08-19T00:00:00.000000,422.14,0.9999988192183389,1.0
2022-08-22T00:00:00.000000,413.35,0.9999999992249962,1.0
2022-08-23T00:00:00.000000,412.35,0.999999994952532,1.0
2022-08-24T00:00:00.000000,413.67,0.9999965633553942,1.0
2022-08-25T00:00:00.000000,419.51,0.9994499186056613,1.0
2022-08-26T00:00:00.000000,405.31,0.9990844920231147,1.0
2022-08-29T00:00:00.000000,402.63,0.983169627452201,1.0
2022-08-30T00:00:00.000000,398.21,0.018711107013024267,0.0
2022-08-31T00:00:00.000000,395.18,0.0001420669196565317,0.0
2022-09-01T00:00:00.000000,396.42,0.002788543293370408,0.0
2022-09-02T00:00:00.000000,392.24,0.0002612957722228125,0.0
2022-09-06T00:00:00.000000,390.76,0.01584786837750637,0.0
2022-09-07T00:00:00.000000,397.78,0.027284449798850703,0.0
2022-09-08T00:00:00.000000,400.38,0.009112300520679812,0.0
2022-09-09T00:00:00.000000,406.6,0.03352085958917525,0.0
2022-09-12T00:00:00.000000,410.97,0.07123999936500229,0.0
2022-09-13T00:00:00.000000,393.1,0.005897543311991552,0.0
2022-09-14T00:00:00.000000,394.6,0.0019316457008958954,0.0
2022-09-15T00:00:00.000000,390.12,0.001251595578306686,0.0
2022-09-16T00:00:00.000000,385.56,0.0006113821174135284,0.0
2022-09-19T00:00:00.000000,388.55,0.005861649428215418,0.0
2022-09-20T00:00:00.000000,384.09,0.0038400969283515075,0.0
2022-09-21T00:00:00.000000,377.39,0.04802219518987514,0.0
2022-09-22T00:00:00.000000,374.22,0.006161092065942114,0.0
2022-09-23T00:00:00.000000,367.95,0.0091060438786834,0.0
2022-09-26T00:00:00.000000,364.31,0.8183455187227091,1.0
2022-09-27T00:00:00.000000,363.38,0.9950410130014222,1.0
2022-09-28T00:00:00.000000,370.53,0.9995822288415309,1.0
2022-09-29T00:00:00.000000,362.79,0.9951010847812876,1.0
2022-09-30T00:00:00.000000,357.18,0.9990532217651912,1.0
2022-10-03T00:00:00.000000,366.61,0.9999666999347608,1.0
2022-10-04T00:00:00.000000,377.97,0.9999690580745664,1.0
2022-10-05T00:00:00.000000,377.09,0.999999962056722,1.0
2022-10-06T00:00:00.000000,373.2,0.9999994567856654,1.0
2022-10-07T00:00:00.000000,362.79,0.9999610852783197,1.0
2022-10-10T00:00:00.000000,360.02,0.9999452859987673,1.0
2022-10-11T00:00:00.000000,357.74,0.999999241005623,1.0
2022-10-12T00:00:00.000000,356.56,0.9999983097242697,1.0
2022-10-13T00:00:00.000000,365.97,0.9999999241217998,1.0
2022-10-14T00:00:00.000000,357.63,0.9999999484956117,1.0
2022-10-17T00:00:00.000000,366.82,0.9999999983934242,1.0
2022-10-18T00:00:00.000000,371.13,0.9999999990281072,1.0
2022-10-19T00:00:00.000000,368.5,0.9999999326128558,1.0
2022-10-20T00:00:00.000000,365.41,0.9999910940433803,1.0
2022-10-21T00:00:00.000000,374.29,0.9999996686384306,1.0
2022-10-24T00:00:00.000000,378.87,0.9646113993201553,1.0
2022-10-25T00:00:00.000000,384.92,0.003487583800835871,0.0
2022-10-26T00:00:00.000000,382.02,0.006649168546442635,0.0
2022-10-27T00:00:00.000000,379.98,0.04711461663685685,0.0
2022-10-28T00:00:00.000000,389.02,0.0013000923764769357,0.0
2022-10-31T00:00:00.000000,386.21,0.019426599389906186,0.0
2022-11-01T00:00:00.000000,384.52,0.019511206661914707,0.0
2022-11-02T00:00:00.000000,374.87,4.442150081428342e-06,0.0
2022-11-03T00:00:00.000000,371.01,3.838236833656622e-06,0.0
2022-11-04T00:00:00.000000,376.35,4.2936536311534425e-05,0.0
2022-11-07T00:00:00.000000,379.95,0.000433500179931436,0.0
2022-11-08T00:00:00.000000,382.0,0.017468526826693944,0.0
2022-11-09T00:00:00.000000,374.13,0.01356792026783992,0.0
2022-11-10T00:00:00.000000,394.69,0.007404346763825548,0.0
2022-11-11T00:00:00.000000,398.51,0.009554137669230528,0.0
2022-11-14T00:00:00.000000,395.12,0.9968887066496004,1.0
2022-11-15T00:00:00.000000,398.49,0.9999901983994353,1.0
2022-11-16T00:00:00.000000,395.45,0.9999743865501418,1.0
2022-11-17T00:00:00.000000,394.24,0.9999997217970716,1.0
2022-11-18T00:00:00.000000,396.03,0.9999995254472287,1.0
2022-11-21T00:00:00.000000,394.59,0.9999999449927705,1.0
2022-11-22T00:00:00.000000,399.9,0.9999975793078757,1.0
2022-11-23T00:00:00.000000,402.42,0.9999999151577742,1.0
2022-11-25T00:00:00.000000,402.33,0.9999999116907936,1.0
2022-11-28T00:00:00.000000,395.91,0.9996162363715589,1.0
2022-11-29T00:00:00.000000,395.23,0.9997370904253565,1.0
2022-11-30T00:00:00.000000,407.68,0.999988148942381,1.0
2022-12-01T00:00:00.000000,407.38,0.9999992100376888,1.0
2022-12-02T00:00:00.000000,406.91,0.9999992877390663,1.0
2022-12-05T00:00:00.000000,399.59,0.9999999640968182,1.0
2022-12-06T00:00:00.000000,393.83,0.9999999995779025,1.0
2022-12-07T00:00:00.000000,393.16,0.9999999999946467,1.0
2022-12-08T00:00:00.000000,396.24,0.9999999942836673,1.0
2022-12-09T00:00:00.000000,393.28,0.9997911478343402,1.0
2022-12-12T00:00:00.000000,398.95,0.9987058511087353,1.0
2022-12-13T00:00:00.000000,401.97,0.9999951467048221,1.0
2022-12-14T00:00:00.000000,399.4,0.9998428644574964,1.0
2022-12-15T00:00:00.000000,389.63,0.9990237824165503,1.0
2022-12-16T00:00:00.000000,383.27,0.9999633084363838,1.0
2022-12-19T00:00:00.000000,380.02,0.9888741563855632,1.0
2022-12-20T00:00:00.000000,380.54,0.9991838759826227,1.0
2022-12-21T00:00:00.000000,386.23,0.9999319275024987,1.0
2022-12-22T00:00:00.000000,380.72,0.864237966100594,1.0
2022-12-23T00:00:00.000000,382.91,0.9998887021287776,1.0
2022-12-27T00:00:00.000000,381.4,0.9998825414966378,1.0
2022-12-28T00:00:00.000000,376.66,0.9808415470200651,1.0
2022-12-29T00:00:00.000000,383.44,0.9939390176836497,1.0
2022-12-30T00:00:00.000000,382.43,0.9992334237525267,1.0
2023-01-03T00:00:00.000000,380.82,0.9999411302962207,1.0
2023-01-04T00:00:00.000000,383.76,0.9999572221426162,1.0
2023-01-05T00:00:00.000000,379.38,0.9997872102242349,1.0
2023-01-06T00:00:00.000000,388.08,0.9995778115629288,1.0
2023-01-09T00:00:00.000000,387.86,0.9992380042425529,1.0
2023-01-10T00:00:00.000000,390.58,0.9994039509961069,1.0
2023-01-11T00:00:00.000000,395.52,0.9608395637017534,1.0
2023-01-12T00:00:00.000000,396.96,0.026136582831444148,0.0
2023-01-13T00:00:00.000000,398.5,0.023821035309636137,0.0
2023-01-17T00:00:00.000000,397.77,0.014592578936005098,0.0
2023-01-18T00:00:00.000000,391.49,0.016713892163410144,0.0
2023-01-19T00:00:00.000000,388.64,0.0034161612818929153,0.0
2023-01-20T00:00:00.000000,395.88,0.041290506859784006,0.0
2023-01-23T00:00:00.000000,400.63,0.021974350332150134,0.0
2023-01-24T00:00:00.000000,400.2,0.9997851101026932,1.0
2023-01-25T00:00:00.000000,400.35,0.99568783411404,1.0
2023-01-26T00:00:00.000000,404.75,0.9970778779734545,1.0
2023-01-27T00:00:00.000000,405.68,0.9993076536416711,1.0
2023-01-30T00:00:00.000000,400.59,0.9995641393691538,1.0
2023-01-31T00:00:00.000000,406.48,0.9944337875789377,1.0
2023-02-01T00:00:00.000000,410.8,0.9375937466186816,1.0
2023-02-02T00:00:00.000000,416.78,0.9988136768422392,1.0
2023-02-03T00:00:00.000000,412.35,0.9997830774961316,1.0
2023-02-06T00:00:00.000000,409.83,0.9999972854472237,1.0
2023-02-07T00:00:00.000000,415.19,0.9999453933601521,1.0
2023-02-08T00:00:00.000000,410.65,0.9999817186356696,1.0
2023-02-09T00:00:00.000000,407.09,0.9999647542504531,1.0
2023-02-10T00:00:00.000000,408.04,0.9984777881139787,1.0
2023-02-13T00:00:00.000000,412.83,0.9999384838935631,1.0
2023-02-14T00:00:00.000000,412.64,0.9997212446875579,1.0
2023-02-15T00:00:00.000000,413.98,0.9968470859642591,1.0
2023-02-16T00:00:00.000000,408.28,0.9996465871301751,1.0
2023-02-17T00:00:00.000000,407.26,0.9920404356950422,1.0
2023-02-21T00:00:00.000000,399.09,0.9660746544891482,1.0
2023-02-22T00:00:00.000000,398.54,0.9439062260347184,1.0
2023-02-23T00:00:00.000000,400.66,0.017603084056498314,0.0
2023-02-24T00:00:00.000000,396.38,0.04719907722300576,0.0
2023-02-27T00:00:00.000000,397.73,0.06606288803852076,0.0
2023-02-28T00:00:00.000000,396.26,0.95272733362456,1.0
2023-03-01T00:00:00.000000,394.74,0.9941102142489335,1.0
2023-03-02T00:00:00.000000,397.81,0.9995808748844696,1.0
2023-03-03T00:00:00.000000,404.19,0.99705787109889,1.0
2023-03-06T00:00:00.000000,404.47,0.9997114552474057,1.0
2023-03-07T00:00:00.000000,398.27,0.999447093357255,1.0
2023-03-08T00:00:00.000000,398.92,0.9959575402700255,1.0
2023-03-09T00:00:00.000000,391.56,0.9883028107230757,1.0
2023-03-10T00:00:00.000000,385.91,0.911952807874823,1.0
2023-03-13T00:00:00.000000,385.36,0.9963901145851506,1.0
2023-03-14T00:00:00.000000,391.73,0.9914792064423239,1.0
2023-03-15T00:00:00.000000,389.28,0.9993685953207052,1.0
2023-03-16T00:00:00.000000,396.11,0.9985928558052592,1.0
2023-03-17T00:00:00.000000,389.99,0.9999859560116927,1.0
2023-03-20T00:00:00.000000,393.74,0.9993679832002117,1.0
2023-03-21T00:00:00.000000,398.91,0.9997942786406137,1.0
2023-03-22T00:00:00.000000,392.11,0.9984446077994585,1.0
2023-03-23T00:00:00.000000,393.17,0.9997900296826313,1.0
2023-03-24T00:00:00.000000,395.75,0.9996436369458258,1.0
2023-03-27T00:00:00.000000,396.49,0.9996531782276991,1.0
2023-03-28T00:00:00.000000,395.6,0.9952674308961216,1.0
2023-03-29T00:00:00.000000,401.35,0.14740636676127944,0.0
2023-03-30T00:00:00.000000,403.7,0.1515044173542686,0.0
2023-03-31T00:00:00.000000,409.39,0.0014578139645615481,0.0
2023-04-03T00:00:00.000000,410.95,0.0013328048224564239,0.0
2023-04-04T00:00:00.000000,408.67,0.9221045281986943,1.0
2023-04-05T00:00:00.000000,407.6,0.9362259599828873,1.0
2023-04-06T00:00:00.000000,409.19,0.9992166035091099,1.0
2023-04-10T00:00:00.000000,409.61,0.9995521621620439,1.0
2023-04-11T00:00:00.000000,409.72,0.9947170396865614,1.0
2023-04-12T00:00:00.000000,408.05,0.993238404398522,1.0
2023-04-13T00:00:00.000000,413.47,0.9625305511181601,1.0
2023-04-14T00:00:00.000000,412.46,0.9997597060202468,1.0
2023-04-17T00:00:00.000000,413.94,0.9721491008946839,1.0
2023-04-18T00:00:00.000000,414.21,0.999251802283912,1.0
2023-04-19T00:00:00.000000,414.14,0.9999225594659338,1.0
2023-04-20T00:00:00.000000,411.88,0.9908834309059434,1.0
2023-04-21T00:00:00.000000,412.2,0.9998869024330429,1.0
2023-04-24T00:00:00.000000,412.63,0.9995877321026775,1.0
2023-04-25T00:00:00.000000,406.08,0.9947790177414967,1.0
2023-04-26T00:00:00.000000,404.36,0.9950406663708127,1.0
2023-04-27T00:00:00.000000,412.41,0.9881165689007384,1.0
2023-04-28T00:00:00.000000,415.93,0.9915953111194834,1.0
2023-05-01T00:00:00.000000,415.51,0.975287074249355,1.0
2023-05-02T00:00:00.000000,410.84,0.999206488926266,1.0
2023-05-03T00:00:00.000000,408.02,0.9996382259317527,1.0
2023-05-04T00:00:00.000000,405.13,0.9749513958279985,1.0
2023-05-05T00:00:00.000000,412.63,0.999784318598972,1.0
2023-05-08T00:00:00.000000,412.74,0.9985035372970671,1.0
2023-05-09T00:00:00.000000,410.93,0.9985102151505183,1.0
2023-05-10T00:00:00.000000,412.85,0.9962475942753559,1.0
2023-05-11T00:00:00.000000,412.13,0.994108563829807,1.0
2023-05-12T00:00:00.000000,411.59,0.9990083342712427,1.0
2023-05-15T00:00:00.000000,413.01,0.010330369834414042,0.0
2023-05-16T00:00:00.000000,410.25,0.08185130935770062,0.0
2023-05-17T00:00:00.000000,415.23,0.01661610810892882,0.0
2023-05-18T00:00:00.000000,419.23,0.0025743363600113436,0.0
2023-05-19T00:00:00.000000,418.62,0.007969779663754,0.0
2023-05-22T00:00:00.000000,418.79,0.006699536231291783,0.0
2023-05-23T00:00:00.000000,414.09,0.0020309414351800596,0.0
2023-05-24T00:00:00.000000,411.09,0.0323292535398247,0.0
2023-05-25T00:00:00.000000,414.65,0.015474832522610702,0.0
2023-05-26T00:00:00.000000,420.02,0.00028644157905271324,0.0
2023-05-30T00:00:00.000000,420.18,0.006356821242139401,0.0
2023-05-31T00:00:00.000000,417.85,0.0010564786742386953,0.0
2023-06-01T00:00:00.000000,421.82,0.003137952799848708,0.0
2023-06-02T00:00:00.000000,427.92,9.78261341675094e-05,0.0
2023-06-05T00:00:00.000000,427.1,0.004664165467141759,0.0
2023-06-06T00:00:00.000000,428.03,0.0009772868763291164,0.0
2023-06-07T00:00:00.000000,426.55,0.00355323727048069,0.0
2023-06-08T00:00:00.000000,429.13,0.004658595985649768,0.0
2023-06-09T00:00:00.000000,429.9,0.07926766615830622,0.0
2023-06-12T00:00:00.000000,433.8,0.004051114035309436,0.0
2023-06-13T00:00:00.000000,436.66,0.003959867280932316,0.0
2023-06-14T00:00:00.000000,437.18,0.001845850579507522,0.0
2023-06-15T00:00:00.000000,442.6,0.019771055000999835,0.0
2023-06-16T00:00:00.000000,439.46,0.00010411972477309181,0.0
2023-06-20T00:00:00.000000,437.18,3.768478173152286e-07,0.0
2023-06-21T00:00:00.000000,434.94,1.8209794786229438e-08,0.0
2023-06-22T00:00:00.000000,436.51,6.058537806505742e-06,0.0
2023-06-23T00:00:00.000000,433.21,0.0005705404298505002,0.0
2023-06-26T00:00:00.000000,431.44,0.00048715915238877817,0.0
2023-06-27T00:00:00.000000,436.17,2.640011842826925e-05,0.0
2023-06-28T00:00:00.000000,436.39,0.00022703587532042668,0.0
2023-06-29T00:00:00.000000,438.11,0.0006276392805684978,0.0
2023-06-30T00:00:00.000000,443.28,0.0008152921909879159,0.0
2023-07-03T00:00:00.000000,443.79,0.005515335697316347,0.0
2023-07-05T00:00:00.000000,443.13,0.056513671225598236,0.0
2023-07-06T00:00:00.000000,439.66,0.0010786771472841691,0.0
2023-07-07T00:00:00.000000,438.55,0.007142117638275021,0.0
2023-07-10T00:00:00.000000,439.66,0.006386943137622707,0.0
2023-07-11T00:00:00.000000,442.46,0.8582798491261893,1.0
2023-07-12T00:00:00.000000,446.02,0.9803909476199728,1.0
2023-07-13T00:00:00.000000,449.56,0.8843101126480095,1.0
2023-07-14T00:00:00.000000,449.28,0.9723132600337366,1.0
2023-07-17T00:00:00.000000,450.84,0.9899315329413493,1.0
2023-07-18T00:00:00.000000,454.19,0.9795625263428687,1.0
2023-07-19T00:00:00.000000,455.2,0.9588741218319089,1.0
2023-07-20T00:00:00.000000,452.18,0.982628180456553,1.0
2023-07-21T00:00:00.000000,452.18,0.8634011672184428,1.0
2023-07-24T00:00:00.000000,454.2,0.982524843199991,1.0
2023-07-25T00:00:00.000000,455.44,0.9993240145768773,1.0
2023-07-26T00:00:00.000000,455.51,0.9883089947455882,1.0
2023-07-27T00:00:00.000000,452.49,0.9449731937845153,1.0
2023-07-28T00:00:00.000000,456.92,0.9891850054237982,1.0
2023-07-31T00:00:00.000000,457.79,0.9645603910952655,1.0
2023-08-01T00:00:00.000000,456.48,0.9956534200106769,1.0
2023-08-02T00:00:00.000000,450.13,0.9873172985296444,1.0
2023-08-03T00:00:00.000000,448.84,0.9830459930889762,1.0
2023-08-04T00:00:00.000000,446.81,0.9988194048254552,1.0
2023-08-07T00:00:00.000000,450.71,0.9732204174069693,1.0
2023-08-08T00:00:00.000000,448.75,0.9991481341077814,1.0
2023-08-09T00:00:00.000000,445.75,0.9995859815816752,1.0
2023-08-10T00:00:00.000000,445.91,0.9999653163133061,1.0
2023-08-11T00:00:00.000000,445.65,0.9999939987444034,1.0
2023-08-14T00:00:00.000000,448.11,0.9999962524760199,1.0
2023-08-15T00:00:00.000000,442.89,0.9999860964965842,1.0
2023-08-16T00:00:00.000000,439.64,0.9999969596956335,1.0
2023-08-17T00:00:00.000000,436.29,0.9999995592024711,1.0
2023-08-18T00:00:00.000000,436.5,0.9999976437622914,1.0
2023-08-21T00:00:00.000000,439.34,0.9999872570229998,1.0
2023-08-22T00:00:00.000000,438.15,0.9999979214453755,1.0
2023-08-23T00:00:00.000000,443.03,0.9999959831080281,1.0
2023-08-24T00:00:00.000000,436.89,0.9999996802377268,1.0
2023-08-25T00:00:00.000000,439.97,0.9999999025735319,1.0
2023-08-28T00:00:00.000000,442.76,0.9999968999847055,1.0
2023-08-29T00:00:00.000000,449.16,0.9999899034608182,1.0
2023-08-30T00:00:00.000000,451.01,0.990195712533671,1.0
2023-08-31T00:00:00.000000,450.35,0.982580148646982,1.0
2023-09-01T00:00:00.000000,451.19,0.9910263959489357,1.0
2023-09-05T00:00:00.000000,449.24,0.9845492706272452,1.0
2023-09-06T00:00:00.000000,446.22,0.9998023687874715,1.0
2023-09-07T00:00:00.000000,444.85,0.9996241928101076,1.0
2023-09-08T00:00:00.000000,445.52,0.9999700242898375,1.0
2023-09-11T00:00:00.000000,448.45,0.9764928114513152,1.0
2023-09-12T00:00:00.000000,445.99,0.9999648654989017,1.0
2023-09-13T00:00:00.000000,446.51,0.9999852225451551,1.0
2023-09-14T00:00:00.000000,450.36,0.9963147809557024,1.0
2023-09-15T00:00:00.000000,443.37,0.9981836506841046,1.0
2023-09-18T00:00:00.000000,443.63,0.9999540556378488,1.0
2023-09-19T00:00:00.000000,442.71,0.9999298467827458,1.0
2023-09-20T00:00:00.000000,438.64,0.9970144847642807,1.0
2023-09-21T00:00:00.000000,431.39,0.9973174036018942,1.0
2023-09-22T00:00:00.000000,430.42,0.9989783625236589,1.0
2023-09-25T00:00:00.000000,432.23,0.9991027910261494,1.0
2023-09-26T00:00:00.000000,425.88,0.9990245860581918,1.0
2023-09-27T00:00:00.000000,426.05,0.9813524399392693,1.0
2023-09-28T00:00:00.000000,428.52,0.9992386189025165,1.0
2023-09-29T00:00:00.000000,427.48,0.9999785870619416,1.0
2023-10-02T00:00:00.000000,427.31,0.9999869180296932,1.0
2023-10-03T00:00:00.000000,421.59,0.9999979264586948,1.0
2023-10-04T00:00:00.000000,424.66,0.999997028315188,1.0
2023-10-05T00:00:00.000000,424.5,0.9999882914315895,1.0
2023-10-06T00:00:00.000000,429.54,0.9988573938687841,1.0
2023-10-09T00:00:00.000000,432.29,0.9994247676837742,1.0
2023-10-10T00:00:00.000000,434.54,0.9998591345297179,1.0
2023-10-11T00:00:00.000000,436.32,0.9990301357778019,1.0
2023-10-12T00:00:00.000000,433.66,0.9998382733824381,1.0
2023-10-13T00:00:00.000000,431.5,0.9969769749833661,1.0
2023-10-16T00:00:00.000000,436.04,0.9999768136724111,1.0
2023-10-17T00:00:00.000000,436.02,0.9967565571935008,1.0
2023-10-18T00:00:00.000000,430.21,0.9864443822629412,1.0
2023-10-19T00:00:00.000000,426.43,0.9964112655619057,1.0
2023-10-20T00:00:00.000000,421.19,0.9993699824656076,1.0
2023-10-23T00:00:00.000000,420.46,0.999501806583423,1.0
2023-10-24T00:00:00.000000,423.63,0.999769929995185,1.0
2023-10-25T00:00:00.000000,417.55,0.9993551088916293,1.0
2023-10-26T00:00:00.000000,412.55,0.9998552080091708,1.0
2023-10-27T00:00:00.000000,410.68,0.9999903193668237,1.0
2023-10-30T00:00:00.000000,415.59,0.9998625082971924,1.0
2023-10-31T00:00:00.000000,418.2,0.9975332742974448,1.0
2023-11-01T00:00:00.000000,422.66,0.9840734311189887,1.0
2023-11-02T00:00:00.000000,430.76,0.9973008822807818,1.0
2023-11-03T00:00:00.000000,434.69,0.9985167024930357,1.0
2023-11-06T00:00:00.000000,435.69,0.9955539392918278,1.0
2023-11-07T00:00:00.000000,436.93,0.9308870219465694,1.0
2023-11-08T00:00:00.000000,437.25,0.8571576260338468,1.0
2023-11-09T00:00:00.000000,433.84,0.030874413804594672,0.0
2023-11-10T00:00:00.000000,440.61,0.007690340251728465,0.0
2023-11-13T00:00:00.000000,440.19,0.0015162671112045648,0.0
2023-11-14T00:00:00.000000,448.73,2.6919470211168124e-06,0.0
2023-11-15T00:00:00.000000,449.68,0.002670667772962798,0.0
2023-11-16T00:00:00.000000,450.23,0.010264753322264,0.0
2023-11-17T00:00:00.000000,450.79,9.02697311508031e-05,0.0
2023-11-20T00:00:00.000000,454.26,1.5162415902300398e-06,0.0
2023-11-21T00:00:00.000000,453.27,2.167788229144536e-07,0.0
2023-11-22T00:00:00.000000,455.02,3.265983203774164e-05,0.0
2023-11-24T00:00:00.000000,455.3,4.730269641836256e-06,0.0
2023-11-27T00:00:00.000000,454.48,3.445331627397253e-06,0.0
2023-11-28T00:00:00.000000,454.93,1.3966380266017174e-05,0.0
2023-11-29T00:00:00.000000,454.61,0.0001530647545569093,0.0
2023-11-30T00:00:00.000000,456.4,0.0004424523538358518,0.0
2023-12-01T00:00:00.000000,459.1,9.721167565961864e-05,0.0
2023-12-04T00:00:00.000000,456.69,0.001955322296966109,0.0
2023-12-05T00:00:00.000000,456.6,0.0060955271030105436,0.0
2023-12-06T00:00:00.000000,454.76,0.018746851028477163,0.0
2023-12-07T00:00:00.000000,458.23,0.026090381429869164,0.0
2023-12-08T00:00:00.000000,460.2,0.005834388389682239,0.0
2023-12-11T00:00:00.000000,461.99,0.002882738878060744,0.0
2023-12-12T00:00:00.000000,464.1,0.04697261562937197,0.0
2023-12-13T00:00:00.000000,470.5,0.0013690224697613734,0.0
2023-12-14T00:00:00.000000,472.01,0.02709082177345925,0.0
2023-12-15T00:00:00.000000,469.33,0.005610216674544774,0.0
2023-12-18T00:00:00.000000,471.97,0.011296241166587449,0.0
2023-12-19T00:00:00.000000,474.84,0.014110305970558018,0.0
2023-12-20T00:00:00.000000,468.26,0.00041850249440357094,0.0
2023-12-21T00:00:00.000000,472.7,0.005060569797330531,0.0
2023-12-22T00:00:00.000000,473.65,3.5077349958129326e-05,0.0
2023-12-26T00:00:00.000000,475.65,0.0005130727184084381,0.0
2023-12-27T00:00:00.000000,476.51,1.6429689729369892e-05,0.0
2023-12-28T00:00:00.000000,476.69,6.002522017211683e-05,0.0
2023-12-29T00:00:00.000000,475.31,0.016813703983001964,0.0
2024-01-02T00:00:00.000000,472.65,0.022810210267928677,0.0
2024-01-03T00:00:00.000000,468.79,0.0021123245026388564,0.0
2024-01-04T00:00:00.000000,467.28,0.004613666347565666,0.0
2024-01-05T00:00:00.000000,467.92,0.00816355100062251,0.0
2024-01-08T00:00:00.000000,474.6,0.0006670103412424825,0.0
2024-01-09T00:00:00.000000,473.88,8.06376273945402e-06,0.0
2024-01-10T00:00:00.000000,476.56,1.8291395233834455e-05,0.0
2024-01-11T00:00:00.000000,476.35,0.0002817495960686489,0.0
2024-01-12T00:00:00.000000,476.68,0.013450884563390301,0.0
2024-01-16T00:00:00.000000,474.93,0.0017139930358416639,0.0
2024-01-17T00:00:00.000000,472.29,0.005623970167397842,0.0
2024-01-18T00:00:00.000000,476.49,0.0025834683927166645,0.0
2024-01-19T00:00:00.000000,482.43,0.03854113221144833,0.0
2024-01-22T00:00:00.000000,483.45,0.04167463700229003,0.0
2024-01-23T00:00:00.000000,484.86,0.01328858861006726,0.0
2024-01-24T00:00:00.000000,485.39,0.0053382348666826535,0.0
2024-01-25T00:00:00.000000,488.03,0.00955057424515911,0.0
2024-01-26T00:00:00.000000,487.41,0.03988410370331473,0.0
2024-01-29T00:00:00.000000,491.27,0.028559611996780036,0.0
2024-01-30T00:00:00.000000,490.89,0.09295417999316782,0.0
2024-01-31T00:00:00.000000,482.88,0.07730921625646565,0.0
2024-02-01T00:00:00.000000,489.2,0.00024165916312650804,0.0
2024-02-02T00:00:00.000000,494.35,0.0018686732040589414,0.0
2024-02-05T00:00:00.000000,492.55,1.4951415672577577e-05,0.0
2024-02-06T00:00:00.000000,493.98,4.9041805961005935e-06,0.0
2024-02-07T00:00:00.000000,498.1,0.00015548522158413474,0.0
2024-02-08T00:00:00.000000,498.32,0.000106806222250155,0.0
2024-02-09T00:00:00.000000,501.2,0.0014594876909575947,0.0
2024-02-12T00:00:00.000000,500.98,0.007558253049782028,0.0
2024-02-13T00:00:00.000000,494.08,0.00039528113243894066,0.0
2024-02-14T00:00:00.000000,498.57,0.0008306491636029476,0.0
2024-02-15T00:00:00.000000,502.01,1.2025583971432728e-05,0.0
2024-02-16T00:00:00.000000,499.51,2.8281831446736374e-06,0.0
2024-02-20T00:00:00.000000,496.76,0.0001860231829585008,0.0
2024-02-21T00:00:00.000000,497.21,5.770555228000779e-06,0.0
2024-02-22T00:00:00.000000,507.5,0.0015449607524982054,0.0
2024-02-23T00:00:00.000000,507.85,4.343097893548089e-05,0.0
2024-02-26T00:00:00.000000,505.99,0.00010062124313084645,0.0
2024-02-27T00:00:00.000000,506.93,0.00021014388004345096,0.0
2024-02-28T00:00:00.000000,506.26,0.0011884667030635273,0.0
2024-02-29T00:00:00.000000,508.08,0.0010730579487122614,0.0
2024-03-01T00:00:00.000000,512.85,0.007430430800327015,0.0
2024-03-04T00:00:00.000000,512.3,0.01181634283324691,0.0
2024-03-05T00:00:00.000000,507.18,0.007106568552451086,0.0
2024-03-06T00:00:00.000000,509.75,0.0011381609858786433,0.0
2024-03-07T00:00:00.000000,514.81,0.0016767194708789627,0.0
2024-03-08T00:00:00.000000,511.72,0.004740639377732859,0.0
2024-03-11T00:00:00.000000,511.28,0.026694232606991056,0.0
2024-03-12T00:00:00.000000,516.78,0.9917620224762216,1.0
2024-03-13T00:00:00.000000,515.97,0.9998118315293297,1.0
2024-03-14T00:00:00.000000,514.95,0.9989335729689489,1.0
2024-03-15T00:00:00.000000,509.83,0.9977373333064827,1.0
2024-03-18T00:00:00.000000,512.86,0.9999989160830713,1.0
2024-03-19T00:00:00.000000,515.71,0.9999962070895105,1.0
2024-03-20T00:00:00.000000,520.48,0.9934826595053486,1.0
2024-03-21T00:00:00.000000,522.2,0.9986128373562966,1.0
2024-03-22T00:00:00.000000,521.21,0.9992324376793286,1.0
2024-03-25T00:00:00.000000,519.77,0.9996991213797295,1.0
2024-03-26T00:00:00.000000,518.81,0.9992492256639713,1.0
2024-03-27T00:00:00.000000,523.17,0.9996984403114989,1.0
2024-03-28T00:00:00.000000,523.07,0.9983671153989949,1.0
2024-04-01T00:00:00.000000,522.16,0.9987022694431975,1.0
2024-04-02T00:00:00.000000,518.84,0.9972067789418181,1.0
2024-04-03T00:00:00.000000,519.41,0.9999848601360625,1.0
2024-04-04T00:00:00.000000,513.07,0.9814346594598929,1.0
2024-04-05T00:00:00.000000,518.43,0.9982331394342228,1.0
2024-04-08T00:00:00.000000,518.72,0.9999993719198595,1.0
2024-04-09T00:00:00.000000,519.32,0.9999406336391293,1.0
2024-04-10T00:00:00.000000,514.12,0.9999186903253682,1.0
2024-04-11T00:00:00.000000,518.0,0.9999972171996467,1.0
2024-04-12T00:00:00.000000,510.85,0.999584987204146,1.0
2024-04-15T00:00:00.000000,504.45,0.9994005861738975,1.0
2024-04-16T00:00:00.000000,503.53,0.9985610592755596,1.0
2024-04-17T00:00:00.000000,500.55,0.9997024659308221,1.0
2024-04-18T00:00:00.000000,499.52,0.9998509545768296,1.0
2024-04-19T00:00:00.000000,495.16,0.9999978605058495,1.0
2024-04-22T00:00:00.000000,499.72,0.9999998399335114,1.0
2024-04-23T00:00:00.000000,505.65,0.9999996350018612,1.0
2024-04-24T00:00:00.000000,505.41,0.9999998596767646,1.0
2024-04-25T00:00:00.000000,503.49,0.9999977856343283,1.0
2024-04-26T00:00:00.000000,508.26,0.9999999844646992,1.0
2024-04-29T00:00:00.000000,510.06,0.9999970239644272,1.0
2024-04-30T00:00:00.000000,501.98,0.9999853701416344,1.0
2024-05-01T00:00:00.000000,500.35,0.9999476733276909,1.0
2024-05-02T00:00:00.000000,505.03,0.999996397719674,1.0
2024-05-03T00:00:00.000000,511.29,0.9997451074179149,1.0
2024-05-06T00:00:00.000000,516.57,0.9799104579604235,1.0
2024-05-07T00:00:00.000000,517.14,0.1638420971172278,0.0
2024-05-08T00:00:00.000000,517.19,0.025982409418881088,0.0
2024-05-09T00:00:00.000000,520.17,0.03836574228231294,0.0
2024-05-10T00:00:00.000000,520.84,0.00032242212537428907,0.0
2024-05-13T00:00:00.000000,520.91,0.00022358363659241294,0.0
2024-05-14T00:00:00.000000,523.3,0.00016175865223260353,0.0
2024-05-15T00:00:00.000000,529.78,6.5385284729282466e-06,0.0
2024-05-16T00:00:00.000000,528.69,8.972979922925555e-05,0.0
2024-05-17T00:00:00.000000,529.45,0.0006245112980175968,0.0
2024-05-20T00:00:00.000000,530.06,1.70946646130547e-05,0.0
2024-05-21T00:00:00.000000,531.36,3.5904656127800563e-06,0.0
2024-05-22T00:00:00.000000,529.83,0.002489526604221098,0.0
2024-05-23T00:00:00.000000,525.96,3.525050303322606e-05,0.0
2024-05-24T00:00:00.000000,529.44,0.01909807235039286,0.0
2024-05-28T00:00:00.000000,529.81,0.016931115493807592,0.0
2024-05-29T00:00:00.000000,526.1,0.001995982623424054,0.0
2024-05-30T00:00:00.000000,522.61,0.10855263672930841,0.0
2024-05-31T00:00:00.000000,527.37,0.0007124522175044464,0.0
2024-06-03T00:00:00.000000,527.8,0.000300700623602787,0.0
2024-06-04T00:00:00.000000,528.39,0.001334674148090774,0.0
2024-06-05T00:00:00.000000,534.67,0.001670604622662286,0.0
2024-06-06T00:00:00.000000,534.66,0.0001884277609531083,0.0
2024-06-07T00:00:00.000000,534.01,0.05048488413404598,0.0
2024-06-10T00:00:00.000000,535.66,0.006411380824522345,0.0
2024-06-11T00:00:00.000000,536.95,0.001742664125231633,0.0
2024-06-12T00:00:00.000000,541.36,0.0017511370726006493,0.0
2024-06-13T00:00:00.000000,542.45,0.0008270092461524675,0.0
2024-06-14T00:00:00.000000,542.78,0.0008305315052673975,0.0
2024-06-17T00:00:00.000000,547.1,0.01154700141918742,0.0
2024-06-18T00:00:00.000000,548.49,0.00042538085246406743,0.0
2024-06-20T00:00:00.000000,547.0,0.029654750926221343,0.0
2024-06-21T00:00:00.000000,544.51,0.04422827495827773,0.0
2024-06-24T00:00:00.000000,542.74,0.0003767147500442305,0.0
2024-06-25T00:00:00.000000,544.83,0.02250297336029925,0.0
2024-06-26T00:00:00.000000,545.51,0.9868634335462843,1.0
2024-06-27T00:00:00.000000,546.37,0.9474654404655041,1.0
2024-06-28T00:00:00.000000,544.22,0.9948293653687118,1.0
2024-07-01T00:00:00.000000,545.34,0.9944758096044353,1.0
2024-07-02T00:00:00.000000,549.01,0.999027470859029,1.0
2024-07-03T00:00:00.000000,551.46,0.9998547829608923,1.0
2024-07-05T00:00:00.000000,554.64,0.9999831858375502,1.0
2024-07-08T00:00:00.000000,555.28,0.9569764113164898,1.0
2024-07-09T00:00:00.000000,555.82,0.9999735860258526,1.0
2024-07-10T00:00:00.000000,561.32,0.9999987225040217,1.0
2024-07-11T00:00:00.000000,556.48,0.9997215758601766,1.0
2024-07-12T00:00:00.000000,559.99,0.9998218477606383,1.0
2024-07-15T00:00:00.000000,561.53,0.9976330165697729,1.0
2024-07-16T00:00:00.000000,564.86,0.9922004043950005,1.0
2024-07-17T00:00:00.000000,556.94,0.9972352744740834,1.0
2024-07-18T00:00:00.000000,552.66,0.9999970027036255,1.0
2024-07-19T00:00:00.000000,548.99,0.9999897750061743,1.0
2024-07-22T00:00:00.000000,554.65,0.9919866074880574,1.0
2024-07-23T00:00:00.000000,553.78,0.9954141062701701,1.0
2024-07-24T00:00:00.000000,541.23,0.996062913006427,1.0
2024-07-25T00:00:00.000000,538.41,0.9998450520153525,1.0
2024-07-26T00:00:00.000000,544.44,0.9941526243536566,1.0
2024-07-29T00:00:00.000000,544.76,0.9943668151524678,1.0
2024-07-30T00:00:00.000000,542.0,0.9999502561625618,1.0
2024-07-31T00:00:00.000000,550.81,0.9994207881979511,1.0
2024-08-01T00:00:00.000000,543.01,0.9999956335162095,1.0
2024-08-02T00:00:00.000000,532.9,0.9951519574408962,1.0
2024-08-05T00:00:00.000000,517.38,0.9995137083983958,1.0
2024-08-06T00:00:00.000000,522.15,0.9998611599381593,1.0
2024-08-07T00:00:00.000000,518.66,0.9257215798175946,1.0
2024-08-08T00:00:00.000000,530.65,0.9935923523386072,1.0
2024-08-09T00:00:00.000000,532.99,0.9992534664007635,1.0
2024-08-12T00:00:00.000000,533.27,0.9996458255099868,1.0
2024-08-13T00:00:00.000000,542.04,0.9832214933221294,1.0
2024-08-14T00:00:00.000000,543.75,0.9851576435626407,1.0
2024-08-15T00:00:00.000000,553.07,0.999839656416856,1.0
2024-08-16T00:00:00.000000,554.31,0.9999793104986231,1.0
2024-08-19T00:00:00.000000,559.61,0.9949766403958453,1.0
2024-08-20T00:00:00.000000,558.7,0.9982747354720635,1.0
2024-08-21T00:00:00.000000,560.62,0.9565674094155653,1.0
2024-08-22T00:00:00.000000,556.22,0.9981530182733456,1.0
2024-08-23T00:00:00.000000,562.13,0.9830613477223188,1.0
2024-08-26T00:00:00.000000,560.79,0.9789780066218392,1.0
2024-08-27T00:00:00.000000,561.56,0.9999498350750137,1.0
2024-08-28T00:00:00.000000,558.3,0.9973283500521606,1.0
2024-08-29T00:00:00.000000,558.35,0.9999671394514245,1.0
2024-08-30T00:00:00.000000,563.68,0.9928465930984902,1.0
2024-09-03T00:00:00.000000,552.08,0.9996779824676507,1.0
2024-09-04T00:00:00.000000,550.95,0.9978105642345673,1.0
2024-09-05T00:00:00.000000,549.61,0.9969203948302643,1.0
2024-09-06T00:00:00.000000,540.36,0.9976660592945277,1.0
2024-09-09T00:00:00.000000,546.41,0.999975533067499,1.0
2024-09-10T00:00:00.000000,548.79,0.994942040535506,1.0
2024-09-11T00:00:00.000000,554.42,0.9796155581014049,1.0
2024-09-12T00:00:00.000000,559.09,0.976405128931506,1.0
2024-09-13T00:00:00.000000,562.01,0.9998761130428402,1.0
2024-09-16T00:00:00.000000,562.84,0.9755357810486176,1.0
2024-09-17T00:00:00.000000,563.07,0.9997421299279983,1.0
2024-09-18T00:00:00.000000,561.4,0.9950544657080556,1.0
2024-09-19T00:00:00.000000,570.98,0.005142975186269686,0.0
2024-09-20T00:00:00.000000,568.25,0.010721515256193057,0.0
2024-09-23T00:00:00.000000,569.67,0.011569110957549138,0.0
2024-09-24T00:00:00.000000,571.3,0.0187304217149822,0.0
2024-09-25T00:00:00.000000,570.04,0.009332974529648102,0.0
2024-09-26T00:00:00.000000,572.3,0.0020574745022308508,0.0
2024-09-27T00:00:00.000000,571.47,0.008463499415234341,0.0
2024-09-30T00:00:00.000000,573.76,0.0009894698645712544,0.0
2024-10-01T00:00:00.000000,568.62,0.011488545831626005,0.0
2024-10-02T00:00:00.000000,568.86,0.029986540731313526,0.0
2024-10-03T00:00:00.000000,567.82,0.03569860587365772,0.0
2024-10-04T00:00:00.000000,572.98,0.03405200013860507,0.0
2024-10-07T00:00:00.000000,567.8,0.9941775499032726,1.0
2024-10-08T00:00:00.000000,573.17,0.9901874002169607,1.0
2024-10-09T00:00:00.000000,577.14,0.9954070074110228,1.0
2024-10-10T00:00:00.000000,576.13,0.9983629473871757,1.0
2024-10-11T00:00:00.000000,579.58,0.9952981853580598,1.0
2024-10-14T00:00:00.000000,584.32,0.9826384650752443,1.0
2024-10-15T00:00:00.000000,579.78,0.9918121215227523,1.0
2024-10-16T00:00:00.000000,582.3,0.9723344071885098,1.0
2024-10-17T00:00:00.000000,582.35,0.9817265220383433,1.0
2024-10-18T00:00:00.000000,584.59,0.9656231831380072,1.0
2024-10-21T00:00:00.000000,583.63,0.9987841210446378,1.0
2024-10-22T00:00:00.000000,583.32,0.9653896067255425,1.0
2024-10-23T00:00:00.000000,577.99,0.9709550272549377,1.0
2024-10-24T00:00:00.000000,579.24,0.9982055967719774,1.0
2024-10-25T00:00:00.000000,579.04,0.9997094550131765,1.0
2024-10-28T00:00:00.000000,580.83,0.9999911874229653,1.0
2024-10-29T00:00:00.000000,581.77,0.998053408956916,1.0
2024-10-30T00:00:00.000000,580.01,0.9999703698418757,1.0
2024-10-31T00:00:00.000000,568.64,0.9836850772637609,1.0
2024-11-01T00:00:00.000000,571.04,0.9999651818308928,1.0
2024-11-04T00:00:00.000000,569.81,0.9986094810829201,1.0
2024-11-05T00:00:00.000000,576.7,0.11816745544116,0.0
2024-11-06T00:00:00.000000,591.04,0.0030199366655749007,0.0
2024-11-07T00:00:00.000000,595.61,0.006199009205081734,0.0
2024-11-08T00:00:00.000000,598.19,0.00042753030986777876,0.0
2024-11-11T00:00:00.000000,598.76,0.0019767672415424574,0.0
2024-11-12T00:00:00.000000,596.9,0.0004569589686939506,0.0
2024-11-13T00:00:00.000000,597.19,0.0005413599992578623,0.0
2024-11-14T00:00:00.000000,593.35,0.011221674764871183,0.0
2024-11-15T00:00:00.000000,585.75,0.00016064124764466015,0.0
2024-11-18T00:00:00.000000,588.15,0.0047043191707318655,0.0
2024-11-19T00:00:00.000000,590.3,0.0018694770190980843,0.0
2024-11-20T00:00:00.000000,590.5,0.016866887222251138,0.0
2024-11-21T00:00:00.000000,593.67,0.9997135520108479,1.0
2024-11-22T00:00:00.000000,595.51,0.9963813658593125,1.0
2024-11-25T00:00:00.000000,597.53,0.9999726035838638,1.0
2024-11-26T00:00:00.000000,600.65,0.9989546228787368,1.0
2024-11-27T00:00:00.000000,598.83,0.9997768278400095,1.0
2024-11-29T00:00:00.000000,602.55,0.9885080063675538,1.0
2024-12-02T00:00:00.000000,603.63,0.9964776454634641,1.0
2024-12-03T00:00:00.000000,603.91,0.9958781928773213,1.0
2024-12-04T00:00:00.000000,607.66,0.9984361774227637,1.0
2024-12-05T00:00:00.000000,606.66,0.9999421270143748,1.0
2024-12-06T00:00:00.000000,607.81,0.9999938332049723,1.0
2024-12-09T00:00:00.000000,604.68,0.9999942733452704,1.0
2024-12-10T00:00:00.000000,602.8,0.9999988195704396,1.0
2024-12-11T00:00:00.000000,607.46,0.9954966009582057,1.0
2024-12-12T00:00:00.000000,604.33,0.9999994132224782,1.0
2024-12-13T00:00:00.000000,604.21,0.999996380940212,1.0
2024-12-16T00:00:00.000000,606.79,0.9999213025719658,1.0
2024-12-17T00:00:00.000000,604.29,0.9999929895547244,1.0
2024-12-18T00:00:00.000000,586.28,0.9995280473761978,1.0
2024-12-19T00:00:00.000000,586.1,0.9999999857818456,1.0
2024-12-20T00:00:00.000000,591.15,0.9999947694995274,1.0
2024-12-23T00:00:00.000000,594.69,0.9997702978055206,1.0
2024-12-24T00:00:00.000000,601.3,0.9991775875049786,1.0
2024-12-26T00:00:00.000000,601.34,0.9996589001110706,1.0
2024-12-27T00:00:00.000000,595.01,0.9997290645011798,1.0
2024-12-30T00:00:00.000000,588.22,0.9987547084807544,1.0
2024-12-31T00:00:00.000000,586.08,0.9995125562168139,1.0
2025-01-02T00:00:00.000000,584.64,0.9923363204406827,1.0
2025-01-03T00:00:00.000000,591.95,0.9999811246043627,1.0
2025-01-06T00:00:00.000000,595.36,0.9999579831788822,1.0
2025-01-07T00:00:00.000000,588.63,0.9999891091915066,1.0
2025-01-08T00:00:00.000000,589.49,0.9999992336247874,1.0
2025-01-10T00:00:00.000000,580.49,0.9905918915579466,1.0
2025-01-13T00:00:00.000000,581.39,0.9985060343722296,1.0
2025-01-14T00:00:00.000000,582.19,0.9991959432694688,1.0
2025-01-15T00:00:00.000000,592.78,0.9915358956827183,1.0
2025-01-16T00:00:00.000000,591.64,0.9999558496826838,1.0
2025-01-17T00:00:00.000000,597.58,0.9981010376621224,1.0
2025-01-21T00:00:00.000000,603.05,0.972251164969434,1.0
2025-01-22T00:00:00.000000,606.44,0.9980551314603149,1.0
2025-01-23T00:00:00.000000,609.75,0.013564903816159742,0.0
2025-01-24T00:00:00.000000,607.97,0.07722197117240277,0.0
2025-01-27T00:00:00.000000,599.37,0.0556630298198747,0.0
2025-01-28T00:00:00.000000,604.52,0.9750738160570048,1.0
2025-01-29T00:00:00.000000,601.81,0.9949415298953448,1.0
2025-01-30T00:00:00.000000,605.04,0.9993371576759599,1.0
2025-01-31T00:00:00.000000,601.82,0.9966709637328588,1.0
2025-02-03T00:00:00.000000,597.77,0.999720491408305,1.0
2025-02-04T00:00:00.000000,601.78,0.9920068119821154,1.0
2025-02-05T00:00:00.000000,604.22,0.9940058744794438,1.0
2025-02-06T00:00:00.000000,606.32,0.9997007086831413,1.0
2025-02-07T00:00:00.000000,600.77,0.999956182449886,1.0
2025-02-10T00:00:00.000000,604.85,0.9957208823484228,1.0
2025-02-11T00:00:00.000000,605.31,0.9975352981361117,1.0
2025-02-12T00:00:00.000000,603.36,0.9952601707492856,1.0
2025-02-13T00:00:00.000000,609.73,0.9993420605297707,1.0
2025-02-14T00:00:00.000000,609.7,0.9966185220698902,1.0
2025-02-18T00:00:00.000000,611.49,0.6959514657761906,1.0
2025-02-19T00:00:00.000000,612.93,0.9666348187837109,1.0
2025-02-20T00:00:00.000000,610.38,0.9995380386066647,1.0
2025-02-21T00:00:00.000000,599.94,0.9995844299823191,1.0
2025-02-24T00:00:00.000000,597.21,0.9999555603543001,1.0
2025-02-25T00:00:00.000000,594.24,0.9988304342033897,1.0
2025-02-26T00:00:00.000000,594.54,0.9999297075055472,1.0
2025-02-27T00:00:00.000000,585.05,0.04051230971158977,0.0
2025-02-28T00:00:00.000000,594.18,0.05593518070639429,0.0
2025-03-03T00:00:00.000000,583.77,0.07702929461726953,0.0
2025-03-04T00:00:00.000000,576.86,0.03509869689408729,0.0
2025-03-05T00:00:00.000000,583.06,0.00852083573855754,0.0
2025-03-06T00:00:00.000000,572.71,0.0014458976297004177,0.0
2025-03-07T00:00:00.000000,575.92,0.004490682969520486,0.0
2025-03-10T00:00:00.000000,560.58,0.00041323199316121317,0.0
2025-03-11T00:00:00.000000,555.92,0.000151250853476544,0.0
2025-03-12T00:00:00.000000,558.87,0.0002054097506935006,0.0
2025-03-13T00:00:00.000000,551.42,5.415046804040114e-05,0.0
2025-03-14T00:00:00.000000,562.81,0.014539170514248228,0.0
2025-03-17T00:00:00.000000,567.15,0.0006200327963863581,0.0
2025-03-18T00:00:00.000000,561.02,0.00021413793842818064,0.0
2025-03-19T00:00:00.000000,567.13,0.0005133715229376726,0.0
2025-03-20T00:00:00.000000,565.49,0.00017664882382545242,0.0
2025-03-21T00:00:00.000000,563.98,0.004463592789736457,0.0
2025-03-24T00:00:00.000000,574.08,0.04991928291633846,0.0
2025-03-25T00:00:00.000000,575.46,0.008670714943634654,0.0
2025-03-26T00:00:00.000000,568.59,0.0014236443052888144,0.0
2025-03-27T00:00:00.000000,567.08,0.012037244788256782,0.0
2025-03-28T00:00:00.000000,555.66,0.9759549381999016,1.0
2025-03-31T00:00:00.000000,559.39,0.9964457597036698,1.0
2025-04-01T00:00:00.000000,560.97,0.9967197969214225,1.0
2025-04-02T00:00:00.000000,564.52,0.9773792272447716,1.0
2025-04-03T00:00:00.000000,536.7,0.9979887265327555,1.0
2025-04-04T00:00:00.000000,505.28,0.9999998558289734,1.0
2025-04-07T00:00:00.000000,504.38,0.9999999913365522,1.0
2025-04-08T00:00:00.000000,496.48,0.9999999999940588,1.0
2025-04-09T00:00:00.000000,548.62,0.9999999997788958,1.0
2025-04-10T00:00:00.000000,524.58,0.9999999999999576,1.0
2025-04-11T00:00:00.000000,533.94,0.9999999998136462,1.0
2025-04-14T00:00:00.000000,539.12,0.9999999999999978,1.0
2025-04-15T00:00:00.000000,537.61,0.9999999999999929,1.0
2025-04-16T00:00:00.000000,525.66,0.9999999999999529,1.0
2025-04-17T00:00:00.000000,526.41,0.9999999999994869,1.0
2025-04-21T00:00:00.000000,513.88,0.9999999999997666,1.0
2025-04-22T00:00:00.000000,527.25,0.9999999999951052,1.0
2025-04-23T00:00:00.000000,535.42,0.999999990050176,1.0
2025-04-24T00:00:00.000000,546.69,0.999999953205867,1.0
2025-04-25T00:00:00.000000,550.64,0.9998747057313943,1.0
2025-04-28T00:00:00.000000,550.85,0.9904806919597011,1.0
2025-04-29T00:00:00.000000,554.32,0.0006259753961300355,0.0
2025-04-30T00:00:00.000000,554.54,7.310938664900229e-05,0.0
2025-05-01T00:00:00.000000,558.47,3.3693422371166793e-05,0.0
2025-05-02T00:00:00.000000,566.76,3.080744122096696e-07,0.0
2025-05-05T00:00:00.000000,563.51,9.2971964260982e-09,0.0
2025-05-06T00:00:00.000000,558.8,3.449454003401243e-08,0.0
2025-05-07T00:00:00.000000,561.15,7.413179410528859e-08,0.0
2025-05-08T00:00:00.000000,565.06,6.138736075302694e-06,0.0
2025-05-09T00:00:00.000000,564.34,0.0025159718327311727,0.0
2025-05-12T00:00:00.000000,582.99,0.00021732235514309336,0.0
2025-05-13T00:00:00.000000,586.84,1.0146746463748006e-06,0.0
2025-05-14T00:00:00.000000,587.59,1.4344015582311414e-07,0.0
2025-05-15T00:00:00.000000,590.46,4.8515238208928494e-06,0.0
2025-05-16T00:00:00.000000,594.2,1.266301152170066e-06,0.0
2025-05-19T00:00:00.000000,594.85,7.080271469385532e-06,0.0
2025-05-20T00:00:00.000000,592.85,2.2491672707162227e-06,0.0
2025-05-21T00:00:00.000000,582.86,1.344874754562427e-07,0.0
2025-05-22T00:00:00.000000,583.09,9.22085181485276e-05,0.0
2025-05-23T00:00:00.000000,579.11,0.0013723302683768027,0.0
2025-05-27T00:00:00.000000,591.15,0.002124952027647401,0.0
2025-05-28T00:00:00.000000,587.73,2.5124755509166886e-08,0.0
2025-05-29T00:00:00.000000,590.05,4.309494112821021e-05,0.0
2025-05-30T00:00:00.000000,589.39,0.001597768709706738,0.0
2025-06-02T00:00:00.000000,592.71,0.02635405132833585,0.0
2025-06-03T00:00:00.000000,596.09,0.0002452450587431535,0.0
2025-06-04T00:00:00.000000,595.93,2.868037153298348e-07,0.0
2025-06-05T00:00:00.000000,593.05,2.6801268416264116e-06,0.0
2025-06-06T00:00:00.000000,599.14,0.03018122563954293,0.0
2025-06-09T00:00:00.000000,599.68,1.4464394455408532e-07,0.0
2025-06-10T00:00:00.000000,603.08,0.006616560610641798,0.0
2025-06-11T00:00:00.000000,601.36,0.0001772152825398828,0.0
2025-06-12T00:00:00.000000,603.75,0.00012444819153811096,0.0
2025-06-13T00:00:00.000000,597.0,0.003755214675323789,0.0
2025-06-16T00:00:00.000000,602.68,0.0063796844489923425,0.0
2025-06-17T00:00:00.000000,597.53,0.0006116815911619208,0.0
2025-06-18T00:00:00.000000,597.44,0.0017067974680685031,0.0
2025-06-20T00:00:00.000000,594.28,0.014770784599062814,0.0
2025-06-23T00:00:00.000000,600.15,0.064218017040491,0.0
2025-06-24T00:00:00.000000,606.78,0.0003839185057813739,0.0
2025-06-25T00:00:00.000000,607.12,0.0013503011025994746,0.0
2025-06-26T00:00:00.000000,611.87,1.5172263876379197e-05,0.0
2025-06-27T00:00:00.000000,614.91,0.04097540199818767,0.0
2025-06-30T00:00:00.000000,617.85,0.004439444854138258,0.0
2025-07-01T00:00:00.000000,617.65,0.0012968735384805532,0.0
2025-07-02T00:00:00.000000,620.45,0.4786576538350992,0.0
2025-07-03T00:00:00.000000,625.34,1.5162415093637395e-05,0.0
2025-07-07T00:00:00.000000,620.68,0.8888213778058439,0.0
2025-07-08T00:00:00.000000,620.34,0.31801439866141695,0.0
2025-07-09T00:00:00.000000,624.06,0.1304098499974484,0.0
2025-07-10T00:00:00.000000,625.82,0.13960912122980532,0.0
2025-07-11T00:00:00.000000,623.62,0.025185554505221166,0.0
2025-07-14T00:00:00.000000,624.81,0.4623810636205389,0.0
2025-07-15T00:00:00.000000,622.14,0.007346161828188436,0.0
2025-07-16T00:00:00.000000,624.22,0.9994550611282834,0.0
2025-07-17T00:00:00.000000,628.04,0.999941811877252,0.0
2025-07-18T00:00:00.000000,627.58,0.9966669120177739,0.0
2025-07-21T00:00:00.000000,628.77,0.2867919756063797,0.0
2025-07-22T00:00:00.000000,628.86,0.9999949432109444,0.0
2025-07-23T00:00:00.000000,634.21,0.9999890985546552,0.0
2025-07-24T00:00:00.000000,634.42,0.9970616526010695,0.0
2025-07-25T00:00:00.000000,637.1,0.9999953004025004,0.0
2025-07-28T00:00:00.000000,636.94,0.9999895886695015,0.0
2025-07-29T00:00:00.000000,635.26,0.9660541443792708,0.0
2025-07-30T00:00:00.000000,634.46,0.9959515029855178,0.0
2025-07-31T00:00:00.000000,632.08,0.9926584757182898,0.0
2025-08-01T00:00:00.000000,621.72,0.9999196197861383,0.0
2025-08-04T00:00:00.000000,631.17,0.9879618970300748,0.0
2025-08-05T00:00:00.000000,627.97,0.9999431203585389,0.0
2025-08-06T00:00:00.000000,632.78,0.998279242291148,0.0
2025-08-07T00:00:00.000000,632.25,0.9998481634142324,0.0
2025-08-08T00:00:00.000000,637.18,0.15891657412050966,0.0
2025-08-11T00:00:00.000000,635.92,0.99821522137559,0.0
2025-08-12T00:00:00.000000,642.69,0.09553988924101094,0.0
2025-08-13T00:00:00.000000,644.89,0.0010663701875336872,0.0
2025-08-14T00:00:00.000000,644.95,0.002364144704302232,0.0
2025-08-15T00:00:00.000000,643.44,0.7898815506069072,0.0
2025-08-18T00:00:00.000000,643.3,0.05057185281694015,0.0
2025-08-19T00:00:00.000000,639.81,0.9206667648917004,0.0
2025-08-20T00:00:00.000000,638.11,0.3252328955927721,0.0
2025-08-21T00:00:00.000000,635.55,0.9966676306745846,0.0
2025-08-22T00:00:00.000000,645.31,0.015664992587660083,0.0
2025-08-25T00:00:00.000000,642.47,0.9768033591467344,0.0
2025-08-26T00:00:00.000000,645.16,0.9971332437184359,0.0
2025-08-27T00:00:00.000000,646.63,0.975803547456909,0.0
2025-08-28T00:00:00.000000,648.92,0.9071823341053172,0.0
2025-08-29T00:00:00.000000,645.05,0.1830495193011437,0.0
2025-09-02T00:00:00.000000,640.27,0.7786033180118175,0.0
2025-09-03T00:00:00.000000,643.74,0.08765216529913643,0.0
2025-09-04T00:00:00.000000,649.12,0.017371145565854954,0.0
2025-09-05T00:00:00.000000,647.24,0.9811671188796447,0.0
2025-09-08T00:00:00.000000,648.83,0.7833054148850561,0.0
2025-09-09T00:00:00.000000,650.33,0.08794967894264596,0.0
2025-09-10T00:00:00.000000,652.21,0.999840875257451,0.0
2025-09-11T00:00:00.000000,657.63,0.022744133185657576,0.0
2025-09-12T00:00:00.000000,657.41,0.5866198482198769,0.0
2025-09-15T00:00:00.000000,660.91,0.00028962357957861213,0.0
2025-09-16T00:00:00.000000,660.0,0.8294218110451362,0.0
2025-09-17T00:00:00.000000,659.18,0.026487333260446534,0.0
2025-09-18T00:00:00.000000,662.26,0.46360276393090694,0.0
2025-09-19T00:00:00.000000,663.7,0.5771321839276025,0.0
2025-09-22T00:00:00.000000,666.84,0.956437118641591,0.0
2025-09-23T00:00:00.000000,663.21,0.9885028238735085,0.0
2025-09-24T00:00:00.000000,661.1,0.34384797124042094,0.0
2025-09-25T00:00:00.000000,658.05,0.99371095765031,0.0
2025-09-26T00:00:00.000000,661.82,0.25566095811228695,0.0
2025-09-29T00:00:00.000000,663.68,0.9130971835605722,0.0
2025-09-30T00:00:00.000000,666.18,0.9939714146142685,0.0
2025-10-01T00:00:00.000000,668.45,0.9998157537538099,0.0
2025-10-02T00:00:00.000000,669.22,0.9999927728431297,0.0
2025-10-03T00:00:00.000000,669.21,0.9999328038943203,0.0
2025-10-06T00:00:00.000000,671.61,0.9998601340891272,0.0
2025-10-07T00:00:00.000000,669.12,0.9998182946621561,0.0
2025-10-08T00:00:00.000000,673.11,0.9965435299460248,0.0
2025-10-09T00:00:00.000000,671.16,0.9926487337598984,0.0
2025-10-10T00:00:00.000000,653.02,0.9998848826968605,0.0
2025-10-13T00:00:00.000000,663.04,0.9974152965975244,0.0
2025-10-14T00:00:00.000000,662.23,0.9999940821702538,0.0
2025-10-15T00:00:00.000000,665.17,0.9999860340193563,0.0
2025-10-16T00:00:00.000000,660.64,0.9999684827806353,0.0
2025-10-17T00:00:00.000000,664.39,0.9999772719358447,1.0
2025-10-20T00:00:00.000000,671.3,0.9776505091190603,1.0
2025-10-21T00:00:00.000000,671.29,0.9964865254049167,1.0
2025-10-22T00:00:00.000000,667.8,0.9927598936842531,1.0
2025-10-23T00:00:00.000000,671.76,0.9968393062475568,1.0
2025-10-24T00:00:00.000000,677.25,0.994799275469168,1.0
2025-10-27T00:00:00.000000,685.24,0.00023811937184306045,1.0
2025-10-28T00:00:00.000000,687.06,0.0006179998772305735,1.0
2025-10-29T00:00:00.000000,687.39,0.00038832645431957115,1.0
2025-10-30T00:00:00.000000,679.83,0.28612180247097885,1.0
2025-10-31T00:00:00.000000,682.06,0.45562443356948346,1.0
2025-11-03T00:00:00.000000,683.34,0.6455963485205619,1.0
2025-11-04T00:00:00.000000,675.24,0.9969523566476765,1.0
2025-11-05T00:00:00.000000,677.58,0.7291299426570227,1.0
2025-11-06T00:00:00.000000,670.31,0.9964854080082372,1.0
2025-11-07T00:00:00.000000,670.97,0.9755145540308185,1.0
2025-11-10T00:00:00.000000,681.44,0.4763868915380856,1.0
2025-11-11T00:00:00.000000,683.0,0.24115384196213113,1.0
2025-11-12T00:00:00.000000,683.38,0.9998986554202708,1.0
2025-11-13T00:00:00.000000,672.04,0.9994298698787519,1.0
2025-11-14T00:00:00.000000,671.93,0.999157681128486,1.0
2025-11-17T00:00:00.000000,665.67,0.9941411778425073,1.0
2025-11-18T00:00:00.000000,660.08,0.9426485880488548,1.0
2025-11-19T00:00:00.000000,662.63,0.9999427621835282,1.0
2025-11-20T00:00:00.000000,652.53,0.8784289387825384,1.0
2025-11-21T00:00:00.000000,659.03,0.9999032916673701,1.0
2025-11-24T00:00:00.000000,668.73,0.9980337777418072,1.0
2025-11-25T00:00:00.000000,675.02,0.9992888482960053,1.0
2025-11-26T00:00:00.000000,679.68,0.9856594665287509,1.0
2025-11-28T00:00:00.000000,683.39,0.9999781199621157,1.0
2025-12-01T00:00:00.000000,680.27,0.9999575062896664,1.0
2025-12-02T00:00:00.000000,681.53,0.9998328743735969,1.0
2025-12-03T00:00:00.000000,683.89,0.999943157504311,1.0
2025-12-04T00:00:00.000000,684.39,0.9999908048534765,0.0
2025-12-05T00:00:00.000000,685.69,0.9999947250826138,0.0
2025-12-08T00:00:00.000000,683.63,0.9976962490387447,0.0
2025-12-09T00:00:00.000000,683.04,0.9999689395080963,0.0
2025-12-10T00:00:00.000000,687.57,0.9998752332488824,0.0
2025-12-11T00:00:00.000000,689.17,0.995546202169876,0.0
2025-12-12T00:00:00.000000,681.76,0.43253401797157465,0.0
2025-12-15T00:00:00.000000,680.73,0.9993094191664258,0.0
2025-12-16T00:00:00.000000,678.87,0.99973198316904,0.0
2025-12-17T00:00:00.000000,671.4,0.9719400787437517,0.0
2025-12-18T00:00:00.000000,676.47,0.8869867230068536,0.0
2025-12-19T00:00:00.000000,680.59,0.9931062232303323,0.0
2025-12-22T00:00:00.000000,684.83,0.9999932555704425,0.0
2025-12-23T00:00:00.000000,687.96,0.9999943537936615,0.0
2025-12-24T00:00:00.000000,690.38,0.9999849541554696,0.0
2025-12-26T00:00:00.000000,690.31,0.9999659222319753,0.0
2025-12-29T00:00:00.000000,687.85,0.9992683357932477,0.0
2025-12-30T00:00:00.000000,687.01,0.9999956709749311,0.0
2025-12-31T00:00:00.000000,681.92,0.9998950415599044,0.0
2026-01-02T00:00:00.000000,683.17,0.9999339459016886,0.0
2026-01-05T00:00:00.000000,687.72,0.9999877568771709,0.0
2026-01-06T00:00:00.000000,691.81,0.9845724552260756,0.0
2026-01-07T00:00:00.000000,689.58,0.9999914266542896,0.0
2026-01-08T00:00:00.000000,689.51,0.9999429443127068,0.0
2026-01-09T00:00:00.000000,694.07,0.0034412835323097985,0.0
2026-01-12T00:00:00.000000,695.16,0.004074259145947888,1.0
2026-01-13T00:00:00.000000,693.77,0.967319003709801,1.0
2026-01-14T00:00:00.000000,690.36,0.0916464696247485,1.0
2026-01-15T00:00:00.000000,692.24,0.9998946022837729,1.0
2026-01-16T00:00:00.000000,691.66,0.9998557444660414,1.0
2026-01-20T00:00:00.000000,677.58,0.9923891156403174,1.0
2026-01-21T00:00:00.000000,685.4,0.9979069474031769,1.0
2026-01-22T00:00:00.000000,688.98,0.9995271896287163,1.0
2026-01-23T00:00:00.000000,689.23,0.9999989227839174,1.0
2026-01-26T00:00:00.000000,692.73,0.995629669529669,1.0
2026-01-27T00:00:00.000000,695.49,0.9999995302470603,1.0
2026-01-28T00:00:00.000000,695.42,0.9986148791837892,1.0
2026-01-29T00:00:00.000000,694.04,0.9480347172275915,1.0
2026-01-30T00:00:00.000000,691.97,0.9670285462837042,1.0
2026-02-02T00:00:00.000000,695.41,0.9253532664671047,1.0
2026-02-03T00:00:00.000000,689.53,0.9861304853170446,1.0
2026-02-04T00:00:00.000000,686.19,0.9994764783867817,1.0
2026-02-05T00:00:00.000000,677.62,0.9887936897353267,1.0
2026-02-06T00:00:00.000000,690.62,0.908067718480979,1.0
2026-02-09T00:00:00.000000,693.95,0.9999544126453058,1.0
2026-02-10T00:00:00.000000,692.12,0.999993365472899,1.0
2026-02-11T00:00:00.000000,691.96,0.9999654082102444,0.0
2026-02-12T00:00:00.000000,681.27,0.9996845620086918,0.0
2026-02-13T00:00:00.000000,681.75,0.9999931550998198,0.0
2026-02-17T00:00:00.000000,682.85,0.9999030491231885,0.0
2026-02-18T00:00:00.000000,686.29,0.9918305587840384,0.0
2026-02-19T00:00:00.000000,684.48,0.9937786407921351,0.0
2026-02-20T00:00:00.000000,689.43,0.9851830766800698,0.0
2026-02-23T00:00:00.000000,682.39,0.9998947598489787,0.0
2026-02-24T00:00:00.000000,687.35,0.9981571202065065,0.0
2026-02-25T00:00:00.000000,693.15,0.8852451206190136,0.0
2026-02-26T00:00:00.000000,689.3,0.9945161960073148,0.0
2026-02-27T00:00:00.000000,685.99,0.9967011877169131,0.0
2026-03-02T00:00:00.000000,686.38,0.9207217239899433,0.0
2026-03-03T00:00:00.000000,680.33,0.9791019552562306,0.0
2026-03-04T00:00:00.000000,685.13,0.9847691004123952,0.0
2026-03-05T00:00:00.000000,681.31,0.9964035824301702,0.0
2026-03-06T00:00:00.000000,672.38,0.8601022500405952,0.0
2026-03-09T00:00:00.000000,678.27,0.9999795548295723,0.0
2026-03-10T00:00:00.000000,677.18,0.9999983854063862,0.0
2026-03-11T00:00:00.000000,676.33,0.9998520304025426,1.0
2026-03-12T00:00:00.000000,666.06,0.7912126192160063,1.0
2026-03-13T00:00:00.000000,662.29,0.9709056218155077,1.0
2026-03-16T00:00:00.000000,669.03,0.9988398178203639,1.0
2026-03-17T00:00:00.000000,670.79,0.21303224871421828,1.0
2026-03-18T00:00:00.000000,661.43,0.4831583995794609,1.0
2026-03-19T00:00:00.000000,659.8,0.9994077148111771,1.0
2026-03-20T00:00:00.000000,648.57,0.02812020300183441,1.0
2026-03-23T00:00:00.000000,655.38,0.7656404954764163,1.0
2026-03-24T00:00:00.000000,653.18,0.8726553767872934,1.0
2026-03-25T00:00:00.000000,656.82,0.5079701497394918,1.0
2026-03-26T00:00:00.000000,645.09,0.2739765060810605,1.0
2026-03-27T00:00:00.000000,634.09,0.01871552105176921,1.0
2026-03-30T00:00:00.000000,631.97,0.6525098558956851,1.0
2026-03-31T00:00:00.000000,650.34,0.9994352078216501,1.0
2026-04-01T00:00:00.000000,655.24,0.15720507844871914,1.0
2026-04-02T00:00:00.000000,655.83,0.9994140827264881,1.0
2026-04-06T00:00:00.000000,658.93,0.998017394210506,1.0
2026-04-07T00:00:00.000000,659.22,0.9991195162468341,1.0
2026-04-08T00:00:00.000000,676.01,0.9680248876270369,1.0
2026-04-09T00:00:00.000000,679.91,0.9662970861032477,1.0
2026-04-10T00:00:00.000000,679.46,0.9670555904281165,0.0
2026-04-13T00:00:00.000000,686.1,0.06677255909909388,0.0
2026-04-14T00:00:00.000000,694.46,0.0026399275037177978,0.0
2026-04-15T00:00:00.000000,699.94,2.9670035226313595e-05,0.0
2026-04-16T00:00:00.000000,701.66,0.9635511608125787,0.0
2026-04-17T00:00:00.000000,710.14,0.0009838170226990446,0.0
2026-04-20T00:00:00.000000,708.72,0.9985100607324288,0.0
2026-04-21T00:00:00.000000,704.08,0.5347948858462052,0.0
2026-04-22T00:00:00.000000,711.21,0.7405332249565254,0.0
2026-04-23T00:00:00.000000,708.45,0.9588653310033296,0.0
2026-04-24T00:00:00.000000,713.94,0.8769476261945435,0.0
2026-04-27T00:00:00.000000,715.17,0.9738992316552721,0.0
2026-04-28T00:00:00.000000,711.69,0.2409445074089629,0.0
2026-04-29T00:00:00.000000,711.58,5.921750932001678e-06,0.0
2026-04-30T00:00:00.000000,718.66,0.10942076047852632,0.0
2026-05-01T00:00:00.000000,720.65,1.9959268550737113e-08,0.0
2026-05-04T00:00:00.000000,718.01,2.8925979828296554e-07,0.0
2026-05-05T00:00:00.000000,723.77,0.0040748385685983515,0.0
2026-05-06T00:00:00.000000,733.83,1.2596160323754555e-08,0.0
2026-05-07T00:00:00.000000,731.58,0.00035366941920422117,0.0
2026-05-08T00:00:00.000000,737.62,1.8793266566366898e-06,0.0
2026-05-11T00:00:00.000000,739.3,7.250337123853992e-08,0.0
2026-05-12T00:00:00.000000,738.18,0.9999973777108623,0.0
2026-05-13T00:00:00.000000,742.31,0.999887471448153,0.0
2026-05-14T00:00:00.000000,748.17,0.9999949688438421,0.0
2026-05-15T00:00:00.000000,739.17,4.954853378901476e-07,0.0
