date,close,prob_regime_bull,prob_regime_bear,prob_shift
2020-01-02,324.87,1.0,0.0,0.1372
2020-01-03,322.41,1.0,0.0,0.1429
2020-01-06,323.64,1.0,0.0,0.1832
2020-01-07,322.73,1.0,0.0,0.2142
2020-01-08,324.45,1.0,0.0,0.2425
2020-01-09,326.65,1.0,0.0,0.2954
2020-01-10,325.71,1.0,0.0,0.3436
2020-01-13,327.95,1.0,0.0,0.3559
2020-01-14,327.45,1.0,0.0,0.3608
2020-01-15,328.19,1.0,0.0,0.3352
2020-01-16,330.92,1.0,0.0,0.3051
2020-01-17,331.95,1.0,0.0,0.3128
2020-01-21,331.3,1.0,0.0,0.3175
2020-01-22,331.34,1.0,0.0,0.3268
2020-01-23,331.72,1.0,0.0,0.4328
2020-01-24,328.77,1.0,0.0,0.4047
2020-01-27,323.5,0.9985,0.0015,0.2911
2020-01-28,326.89,1.0,0.0,0.3936
2020-01-29,326.62,1.0,0.0,0.3835
2020-01-30,327.68,1.0,0.0,0.3989
2020-01-31,321.73,0.6183,0.3817,0.2996
2020-02-03,324.12,0.6235,0.3765,0.4006
2020-02-04,329.06,0.9207,0.0793,0.4212
2020-02-05,332.86,0.9859,0.0141,0.395
2020-02-06,333.98,0.9817,0.0183,0.3903
2020-02-07,332.2,0.9954,0.0046,0.413
2020-02-10,334.68,0.9831,0.0169,0.3862
2020-02-11,335.26,0.6925,0.3075,0.3931
2020-02-12,337.42,0.5942,0.4058,0.3759
2020-02-13,337.06,0.5767,0.4233,0.3846
2020-02-14,337.6,0.3975,0.6025,0.382
2020-02-18,336.73,0.2894,0.7106,0.4014
2020-02-19,338.34,0.2768,0.7232,0.3873
2020-02-20,336.95,0.1591,0.8409,0.4125
2020-02-21,333.48,0.1472,0.8528,0.4278
2020-02-24,322.42,0.0019,0.9981,0.2003
2020-02-25,312.65,0.0,1.0,0.2817
2020-02-26,311.5,0.0,1.0,0.2789
2020-02-27,297.51,0.0,1.0,0.1211
2020-02-28,296.26,0.0,1.0,0.1651
2020-03-02,309.09,0.0,1.0,0.2249
2020-03-03,300.24,0.0,1.0,0.2894
2020-03-04,312.86,0.0001,0.9999,0.2699
2020-03-05,302.46,0.0,1.0,0.2913
2020-03-06,297.46,0.0003,0.9997,0.2479
2020-03-09,274.23,0.0,1.0,0.1076
2020-03-10,288.42,0.0,1.0,0.1728
2020-03-11,274.36,0.0,1.0,0.1303
2020-03-12,248.11,0.0,1.0,0.0523
2020-03-13,269.32,0.0,1.0,0.0789
2020-03-16,239.85,0.0,1.0,0.0636
2020-03-17,252.8,0.0,1.0,0.0733
2020-03-18,240.0,0.0,1.0,0.1081
2020-03-19,240.51,0.0031,0.9969,0.0861
2020-03-20,228.8,0.0,1.0,0.0967
2020-03-23,222.95,0.0,1.0,0.095
2020-03-24,243.15,1.0,0.0,0.0817
2020-03-25,246.79,1.0,0.0,0.1322
2020-03-26,261.2,1.0,0.0,0.1048
2020-03-27,253.42,1.0,0.0,0.1473
2020-03-30,261.65,0.9837,0.0163,0.127
2020-03-31,257.75,1.0,0.0,0.183
2020-04-01,246.15,0.9998,0.0002,0.1823
2020-04-02,251.83,1.0,0.0,0.1371
2020-04-03,248.19,1.0,0.0,0.1921
2020-04-06,264.86,1.0,0.0,0.1222
2020-04-07,265.13,1.0,0.0,0.1648
2020-04-08,274.03,1.0,0.0,0.1408
2020-04-09,278.2,1.0,0.0,0.1842
2020-04-13,275.66,1.0,0.0,0.2174
2020-04-14,283.79,1.0,0.0,0.1613
2020-04-15,277.76,1.0,0.0,0.3207
2020-04-16,279.1,1.0,0.0,0.2656
2020-04-17,286.64,1.0,0.0,0.1967
2020-04-20,281.59,1.0,0.0,0.3691
2020-04-21,273.04,1.0,0.0,0.3884
2020-04-22,279.1,1.0,0.0,0.2773
2020-04-23,279.08,1.0,0.0,0.331
2020-04-24,282.97,1.0,0.0,0.3095
2020-04-27,287.05,1.0,0.0,0.2841
2020-04-28,285.73,1.0,0.0,0.3513
2020-04-29,293.21,1.0,0.0,0.2681
2020-04-30,290.48,1.0,0.0,0.3547
2020-05-01,282.79,1.0,0.0,0.4598
2020-05-04,283.57,1.0,0.0,0.4127
2020-05-05,286.19,1.0,0.0,0.393
2020-05-06,284.25,1.0,0.0,0.4307
2020-05-07,287.68,1.0,0.0,0.4108
2020-05-08,292.44,1.0,0.0,0.3635
2020-05-11,292.5,1.0,0.0,0.3993
2020-05-12,286.67,0.9999,0.0001,0.4212
2020-05-13,281.6,0.9997,0.0003,0.4449
2020-05-14,284.97,1.0,0.0,0.4116
2020-05-15,286.28,1.0,0.0,0.418
2020-05-18,295.0,1.0,0.0,0.3374
2020-05-19,291.97,0.9996,0.0004,0.4662
2020-05-20,296.93,1.0,0.0,0.3267
2020-05-21,294.88,1.0,0.0,0.4117
2020-05-22,295.44,1.0,0.0,0.4053
2020-05-26,299.08,1.0,0.0,0.371
2020-05-27,303.53,1.0,0.0,0.3265
2020-05-28,302.97,1.0,0.0,0.3806
2020-05-29,304.32,0.9999,0.0001,0.365
2020-06-01,305.55,0.9996,0.0004,0.3553
2020-06-02,308.08,0.9994,0.0006,0.3357
2020-06-03,312.18,0.9996,0.0004,0.3002
2020-06-04,311.36,0.9978,0.0022,0.3342
2020-06-05,319.34,0.9999,0.0001,0.2402
2020-06-08,323.2,0.9994,0.0006,0.2613
2020-06-09,320.79,0.9524,0.0476,0.3212
2020-06-10,319.0,0.0008,0.9992,0.3746
2020-06-11,300.61,0.0,1.0,0.3404
2020-06-12,304.21,0.0,1.0,0.3349
2020-06-15,307.05,0.0001,0.9999,0.3558
2020-06-16,312.96,0.0018,0.9982,0.3461
2020-06-17,311.66,0.0003,0.9997,0.4048
2020-06-18,311.78,0.0004,0.9996,0.4219
2020-06-19,308.64,0.0227,0.9773,0.4735
2020-06-22,310.62,0.0443,0.9557,0.4623
2020-06-23,312.05,0.9272,0.0728,0.486
2020-06-24,304.09,0.9944,0.0056,0.4425
2020-06-25,307.35,0.9957,0.0043,0.4532
2020-06-26,300.05,0.9853,0.0147,0.3955
2020-06-29,304.46,0.9966,0.0034,0.4365
2020-06-30,308.36,0.9979,0.0021,0.4204
2020-07-01,310.52,0.9926,0.0074,0.4246
2020-07-02,312.23,0.9987,0.0013,0.4449
2020-07-06,317.05,0.9971,0.0029,0.4082
2020-07-07,313.78,0.9994,0.0006,0.4381
2020-07-08,316.18,0.9991,0.0009,0.4213
2020-07-09,314.38,0.9987,0.0013,0.4519
2020-07-10,317.59,0.9994,0.0006,0.4066
2020-07-13,314.84,0.9936,0.0064,0.4232
2020-07-14,318.92,0.9991,0.0009,0.406
2020-07-15,321.85,0.9998,0.0002,0.4044
2020-07-16,320.79,0.9999,0.0001,0.4279
2020-07-17,321.72,0.9996,0.0004,0.4146
2020-07-20,324.32,0.9998,0.0002,0.3724
2020-07-21,325.01,0.9993,0.0007,0.39
2020-07-22,326.86,0.9972,0.0028,0.3831
2020-07-23,322.96,0.9662,0.0338,0.4551
2020-07-24,320.88,0.9867,0.0133,0.4632
2020-07-27,323.22,0.9301,0.0699,0.414
2020-07-28,321.17,0.9776,0.0224,0.469
2020-07-29,325.12,0.9949,0.0051,0.4092
2020-07-30,323.96,0.9982,0.0018,0.4405
2020-07-31,326.52,0.9985,0.0015,0.4101
2020-08-03,328.79,0.9982,0.0018,0.3974
2020-08-04,330.06,0.9993,0.0007,0.3841
2020-08-05,332.11,0.9991,0.0009,0.3722
2020-08-06,334.33,0.9997,0.0003,0.3499
2020-08-07,334.57,0.9971,0.0029,0.3667
2020-08-10,335.57,0.9982,0.0018,0.3553
2020-08-11,332.8,0.7978,0.2022,0.4017
2020-08-12,337.44,0.9921,0.0079,0.3635
2020-08-13,336.83,0.9977,0.0023,0.3848
2020-08-14,336.84,0.9946,0.0054,0.3877
2020-08-17,337.91,0.9913,0.0087,0.3836
2020-08-18,338.64,0.9966,0.0034,0.3747
2020-08-19,337.23,0.7098,0.2902,0.4072
2020-08-20,338.28,0.6271,0.3729,0.3975
2020-08-21,339.48,0.8225,0.1775,0.3858
2020-08-24,342.92,0.8931,0.1069,0.3541
2020-08-25,344.12,0.9918,0.0082,0.3535
2020-08-26,347.57,0.9888,0.0112,0.3265
2020-08-27,348.33,0.8868,0.1132,0.352
2020-08-28,350.58,0.929,0.071,0.3329
2020-08-31,349.31,0.0428,0.9572,0.3636
2020-09-01,352.6,0.0778,0.9222,0.3373
2020-09-02,357.7,0.2001,0.7999,0.3046
2020-09-03,345.39,0.264,0.736,0.4125
2020-09-04,342.57,0.0021,0.9979,0.4292
2020-09-08,333.21,0.0428,0.9572,0.3879
2020-09-09,339.79,0.0381,0.9619,0.3783
2020-09-10,333.89,0.0409,0.9591,0.375
2020-09-11,334.06,0.0393,0.9607,0.4091
2020-09-14,338.46,0.0358,0.9642,0.4282
2020-09-15,340.17,0.0788,0.9212,0.4434
2020-09-16,338.82,0.8428,0.1572,0.4462
2020-09-17,335.84,0.1415,0.8585,0.4317
2020-09-18,330.65,0.0634,0.9366,0.4411
2020-09-21,326.97,0.2477,0.7523,0.378
2020-09-22,330.3,0.0541,0.9459,0.3888
2020-09-23,322.64,0.7218,0.2782,0.3611
2020-09-24,323.5,0.5668,0.4332,0.337
2020-09-25,328.73,0.7658,0.2342,0.3448
2020-09-28,334.19,0.7112,0.2888,0.3557
2020-09-29,332.37,0.9925,0.0075,0.3809
2020-09-30,334.89,0.9825,0.0175,0.3724
2020-10-01,337.04,0.9905,0.0095,0.3803
2020-10-02,333.84,0.9827,0.0173,0.3983
2020-10-05,339.76,0.9984,0.0016,0.4052
2020-10-06,334.93,0.865,0.135,0.4456
2020-10-07,340.76,0.999,0.001,0.4066
2020-10-08,343.78,0.9999,0.0001,0.4055
2020-10-09,346.85,0.9999,0.0001,0.3679
2020-10-12,352.43,1.0,0.0,0.3186
2020-10-13,350.13,0.9997,0.0003,0.3857
2020-10-14,347.93,0.2187,0.7813,0.4631
2020-10-15,347.5,0.1274,0.8726,0.4545
2020-10-16,347.29,0.0909,0.9091,0.4528
2020-10-19,342.01,0.0244,0.9756,0.4682
2020-10-20,343.38,0.437,0.563,0.4727
2020-10-21,342.73,0.0201,0.9799,0.5031
2020-10-22,344.61,0.0413,0.9587,0.4878
2020-10-23,345.78,0.2244,0.7756,0.485
2020-10-26,339.39,0.5072,0.4928,0.3885
2020-10-27,338.22,0.9019,0.0981,0.4386
2020-10-28,326.66,0.8882,0.1118,0.2975
2020-10-29,329.98,0.9737,0.0263,0.3644
2020-10-30,326.54,0.9683,0.0317,0.3474
2020-11-02,330.2,0.9711,0.0289,0.366
2020-11-03,336.03,0.9879,0.0121,0.3926
2020-11-04,343.54,0.9988,0.0012,0.384
2020-11-05,350.24,1.0,0.0,0.3686
2020-11-06,350.16,1.0,0.0,0.3783
2020-11-09,354.56,1.0,0.0,0.332
2020-11-10,354.04,1.0,0.0,0.3482
2020-11-11,356.67,1.0,0.0,0.3219
2020-11-12,353.21,0.9999,0.0001,0.4064
2020-11-13,358.1,1.0,0.0,0.3334
2020-11-16,362.57,0.9999,0.0001,0.3096
2020-11-17,360.62,0.9998,0.0002,0.3564
2020-11-18,356.28,0.8661,0.1339,0.4488
2020-11-19,357.78,0.9494,0.0506,0.4189
2020-11-20,355.33,0.9817,0.0183,0.4574
2020-11-23,357.46,0.6902,0.3098,0.421
2020-11-24,363.22,0.9357,0.0643,0.3587
2020-11-25,362.66,0.9584,0.0416,0.3622
2020-11-27,363.67,0.9896,0.0104,0.3546
2020-11-30,362.06,0.9698,0.0302,0.3783
2020-12-01,366.02,0.9906,0.0094,0.3398
2020-12-02,366.79,0.9802,0.0198,0.3658
2020-12-03,366.69,0.9468,0.0532,0.3865
2020-12-04,369.85,0.9724,0.0276,0.3564
2020-12-07,369.09,0.9782,0.0218,0.3882
2020-12-08,370.17,0.9767,0.0233,0.3808
2020-12-09,366.85,0.8165,0.1835,0.441
2020-12-10,366.73,0.9412,0.0588,0.4439
2020-12-11,366.3,0.5335,0.4665,0.4402
2020-12-14,364.66,0.7315,0.2685,0.4353
2020-12-15,369.59,0.9292,0.0708,0.4209
2020-12-16,370.17,0.9821,0.0179,0.4227
2020-12-17,372.24,0.9758,0.0242,0.4028
2020-12-18,369.18,0.9734,0.0266,0.453
2020-12-21,367.86,0.9191,0.0809,0.4329
2020-12-22,367.24,0.7584,0.2416,0.453
2020-12-23,367.57,0.9404,0.0596,0.4465
2020-12-24,369.0,0.9904,0.0096,0.4637
2020-12-28,372.17,0.9858,0.0142,0.4144
2020-12-29,371.46,0.9721,0.0279,0.4396
2020-12-30,371.99,0.9868,0.0132,0.4312
2020-12-31,373.88,0.9913,0.0087,0.4097
2021-01-04,368.79,0.9706,0.0294,0.3775
2021-01-05,371.33,0.992,0.008,0.455
2021-01-06,373.55,0.9892,0.0108,0.4371
2021-01-07,379.1,0.9974,0.0026,0.3704
2021-01-08,381.26,0.9996,0.0004,0.364
2021-01-11,378.69,0.998,0.002,0.4133
2021-01-12,378.77,0.9939,0.0061,0.418
2021-01-13,379.79,0.9932,0.0068,0.4066
2021-01-14,378.46,0.7796,0.2204,0.4209
2021-01-15,375.7,0.8834,0.1166,0.4603
2021-01-19,378.65,0.7667,0.2333,0.4466
2021-01-20,383.89,0.9885,0.0115,0.3768
2021-01-21,384.24,0.9968,0.0032,0.3919
2021-01-22,382.88,0.9906,0.0094,0.4061
2021-01-25,384.39,0.9852,0.0148,0.3839
2021-01-26,383.79,0.8455,0.1545,0.4095
2021-01-27,374.41,0.8309,0.1691,0.2316
2021-01-28,377.63,0.3081,0.6919,0.4135
2021-01-29,370.07,0.9693,0.0307,0.3485
2021-02-01,376.23,0.9469,0.0531,0.3987
2021-02-02,381.55,0.9995,0.0005,0.4015
2021-02-03,381.85,0.9996,0.0004,0.4305
2021-02-04,386.19,0.9999,0.0001,0.3885
2021-02-05,387.71,0.9999,0.0001,0.3831
2021-02-08,390.51,0.9994,0.0006,0.3746
2021-02-09,390.25,0.9942,0.0058,0.3929
2021-02-10,390.08,0.9799,0.0201,0.4011
2021-02-11,390.71,0.9609,0.0391,0.405
2021-02-12,392.64,0.9502,0.0498,0.3868
2021-02-16,392.3,0.6295,0.3705,0.3995
2021-02-17,392.39,0.3267,0.6733,0.4119
2021-02-18,390.72,0.0965,0.9035,0.4287
2021-02-19,390.03,0.3196,0.6804,0.4488
2021-02-22,387.03,0.292,0.708,0.4468
2021-02-23,387.5,0.1996,0.8004,0.4578
2021-02-24,391.77,0.4597,0.5403,0.4369
2021-02-25,382.33,0.0951,0.9049,0.3281
2021-02-26,380.36,0.6592,0.3408,0.445
2021-03-01,389.58,0.9998,0.0002,0.3873
2021-03-02,386.54,0.7683,0.2317,0.4815
2021-03-03,381.42,0.9388,0.0612,0.3587
2021-03-04,376.7,0.9092,0.0908,0.3589
2021-03-05,383.63,0.9938,0.0062,0.4007
2021-03-08,381.72,0.9851,0.0149,0.4171
2021-03-09,387.17,0.9884,0.0116,0.4125
2021-03-10,389.58,0.9999,0.0001,0.4117
2021-03-11,393.53,0.9999,0.0001,0.3861
2021-03-12,394.06,0.9997,0.0003,0.4044
2021-03-15,396.41,0.9997,0.0003,0.3813
2021-03-16,395.91,0.9924,0.0076,0.4005
2021-03-17,397.26,0.987,0.013,0.39
2021-03-18,391.48,0.8952,0.1048,0.4281
2021-03-19,389.48,0.9873,0.0127,0.4528
2021-03-22,392.59,0.9743,0.0257,0.4313
2021-03-23,389.5,0.9596,0.0404,0.4584
2021-03-24,387.52,0.9576,0.0424,0.4326
2021-03-25,389.7,0.8072,0.1928,0.4633
2021-03-26,395.98,0.9823,0.0177,0.4096
2021-03-29,395.78,0.9366,0.0634,0.4529
2021-03-30,394.73,0.9771,0.0229,0.4487
2021-03-31,396.33,0.9807,0.0193,0.4196
2021-04-01,400.61,0.9967,0.0033,0.3638
2021-04-05,406.36,0.9996,0.0004,0.3301
2021-04-06,406.12,0.9985,0.0015,0.3535
2021-04-07,406.59,0.9986,0.0014,0.3555
2021-04-08,408.52,0.9993,0.0007,0.3397
2021-04-09,411.49,0.9993,0.0007,0.3274
2021-04-12,411.64,0.9969,0.0031,0.3436
2021-04-13,412.86,0.9928,0.0072,0.3427
2021-04-14,411.45,0.98,0.02,0.3753
2021-04-15,415.87,0.9942,0.0058,0.3326
2021-04-16,417.26,0.9935,0.0065,0.3362
2021-04-19,415.21,0.9929,0.0071,0.3678
2021-04-20,412.17,0.9923,0.0077,0.4156
2021-04-21,416.07,0.9856,0.0144,0.3697
2021-04-22,412.27,0.9254,0.0746,0.4295
2021-04-23,416.74,0.9907,0.0093,0.3751
2021-04-26,417.61,0.9936,0.0064,0.3751
2021-04-27,417.52,0.9957,0.0043,0.3834
2021-04-28,417.4,0.9887,0.0113,0.3947
2021-04-29,420.06,0.9953,0.0047,0.3663
2021-04-30,417.3,0.6642,0.3358,0.421
2021-05-03,418.2,0.658,0.342,0.4234
2021-05-04,415.62,0.7056,0.2944,0.4326
2021-05-05,415.75,0.5281,0.4719,0.4361
2021-05-06,419.07,0.6165,0.3835,0.419
2021-05-07,422.12,0.8065,0.1935,0.3866
2021-05-10,417.94,0.6492,0.3508,0.4426
2021-05-11,414.21,0.862,0.138,0.3937
2021-05-12,405.41,0.1851,0.8149,0.264
2021-05-13,410.28,0.8455,0.1545,0.405
2021-05-14,416.58,0.989,0.011,0.4032
2021-05-17,415.52,0.9019,0.0981,0.4394
2021-05-18,411.94,0.9173,0.0827,0.426
2021-05-19,410.86,0.9568,0.0432,0.41
2021-05-20,415.28,0.9177,0.0823,0.4466
2021-05-21,414.94,0.8786,0.1214,0.4395
2021-05-24,419.17,0.9953,0.0047,0.429
2021-05-25,418.24,0.9816,0.0184,0.4421
2021-05-26,419.07,0.9978,0.0022,0.4309
2021-05-27,419.29,0.9675,0.0325,0.4373
2021-05-28,420.04,0.9192,0.0808,0.4291
2021-06-01,419.67,0.6723,0.3277,0.4514
2021-06-02,420.33,0.6907,0.3093,0.4441
2021-06-03,418.77,0.5521,0.4479,0.4608
2021-06-04,422.6,0.7847,0.2153,0.4108
2021-06-07,422.19,0.7469,0.2531,0.4352
2021-06-08,422.28,0.755,0.245,0.4401
2021-06-09,421.65,0.8855,0.1145,0.4515
2021-06-10,423.61,0.9167,0.0833,0.4126
2021-06-11,424.31,0.8519,0.1481,0.4129
2021-06-14,425.26,0.8822,0.1178,0.4094
2021-06-15,424.48,0.9494,0.0506,0.4267
2021-06-16,422.11,0.9771,0.0229,0.4606
2021-06-17,421.97,0.9638,0.0362,0.4588
2021-06-18,414.92,0.5968,0.4032,0.333
2021-06-21,420.86,0.9734,0.0266,0.4222
2021-06-22,423.11,0.9922,0.0078,0.4455
2021-06-23,422.6,0.9889,0.0111,0.4539
2021-06-24,425.1,0.9862,0.0138,0.4143
2021-06-25,426.61,0.9989,0.0011,0.4012
2021-06-28,427.47,0.9746,0.0254,0.408
2021-06-29,427.7,0.9121,0.0879,0.4132
2021-06-30,428.06,0.7163,0.2837,0.4062
2021-07-01,430.43,0.8018,0.1982,0.3877
2021-07-02,433.72,0.7525,0.2475,0.3628
2021-07-06,432.93,0.8737,0.1263,0.3965
2021-07-07,434.46,0.6209,0.3791,0.3772
2021-07-08,430.92,0.9427,0.0573,0.4155
2021-07-09,435.52,0.7784,0.2216,0.3843
2021-07-12,437.08,0.847,0.153,0.3756
2021-07-13,435.59,0.8441,0.1559,0.4031
2021-07-14,436.24,0.8527,0.1473,0.4012
2021-07-15,434.75,0.9337,0.0663,0.4116
2021-07-16,431.34,0.8217,0.1783,0.4446
2021-07-19,424.97,0.8372,0.1628,0.3826
2021-07-20,431.06,0.8239,0.1761,0.3964
2021-07-21,434.55,0.9494,0.0506,0.4284
2021-07-22,435.46,0.9823,0.0177,0.4319
2021-07-23,439.94,0.9858,0.0142,0.3797
2021-07-26,441.02,0.9986,0.0014,0.3783
2021-07-27,439.01,0.8759,0.1241,0.4083
2021-07-28,438.83,0.6048,0.3952,0.4274
2021-07-29,440.65,0.8615,0.1385,0.4075
2021-07-30,438.51,0.7904,0.2096,0.4462
2021-08-02,437.59,0.6282,0.3718,0.4488
2021-08-03,441.15,0.8748,0.1252,0.4201
2021-08-04,438.98,0.8473,0.1527,0.4542
2021-08-05,441.76,0.9108,0.0892,0.423
2021-08-06,442.49,0.8849,0.1151,0.4123
2021-08-09,442.13,0.9591,0.0409,0.4199
2021-08-10,442.68,0.934,0.066,0.4277
2021-08-11,443.78,0.8759,0.1241,0.4112
2021-08-12,445.11,0.807,0.193,0.4073
2021-08-13,445.92,0.7763,0.2237,0.4037
2021-08-16,446.97,0.8996,0.1004,0.3941
2021-08-17,444.04,0.7281,0.2719,0.4269
2021-08-18,439.18,0.8933,0.1067,0.3812
2021-08-19,439.86,0.5991,0.4009,0.4051
2021-08-20,443.36,0.9589,0.0411,0.4363
2021-08-23,447.26,0.8524,0.1476,0.4053
2021-08-24,447.97,0.9747,0.0253,0.4096
2021-08-25,448.91,0.9765,0.0235,0.3959
2021-08-26,446.26,0.8451,0.1549,0.4245
2021-08-27,450.25,0.8908,0.1092,0.3941
2021-08-30,452.23,0.8903,0.1097,0.3806
2021-08-31,451.56,0.3471,0.6529,0.4001
2021-09-01,451.8,0.7263,0.2737,0.3971
2021-09-02,453.19,0.2975,0.7025,0.3803
2021-09-03,453.08,0.0621,0.9379,0.3959
2021-09-07,451.46,0.1479,0.8521,0.4166
2021-09-08,450.91,0.044,0.956,0.427
2021-09-09,448.98,0.2356,0.7644,0.4564
2021-09-10,445.44,0.281,0.719,0.4048
2021-09-13,446.58,0.1265,0.8735,0.4309
2021-09-14,444.17,0.1068,0.8932,0.4181
2021-09-15,447.88,0.1248,0.8752,0.4451
2021-09-16,447.17,0.2447,0.7553,0.4497
2021-09-17,441.4,0.5757,0.4243,0.3666
2021-09-20,434.04,0.1909,0.8091,0.2631
2021-09-21,433.63,0.0239,0.9761,0.3594
2021-09-22,437.86,0.0384,0.9616,0.3983
2021-09-23,443.18,0.3307,0.6693,0.436
2021-09-24,443.91,0.1641,0.8359,0.4383
2021-09-27,442.64,0.6358,0.3642,0.4002
2021-09-28,433.72,0.0685,0.9315,0.2782
2021-09-29,434.45,0.2696,0.7304,0.3556
2021-09-30,429.14,0.3288,0.6712,0.3356
2021-10-01,434.24,0.9877,0.0123,0.3706
2021-10-04,428.64,0.8083,0.1917,0.3261
2021-10-05,433.1,0.9822,0.0178,0.3734
2021-10-06,434.9,0.9861,0.0139,0.3915
2021-10-07,438.66,0.9593,0.0407,0.4027
2021-10-08,437.86,0.8847,0.1153,0.431
2021-10-11,434.69,0.9356,0.0644,0.3885
2021-10-12,433.62,0.9907,0.0093,0.4078
2021-10-13,435.18,0.9849,0.0151,0.414
2021-10-14,442.5,0.9573,0.0427,0.4174
2021-10-15,445.87,0.9885,0.0115,0.3942
2021-10-18,447.19,0.9936,0.0064,0.3874
2021-10-19,450.64,0.9993,0.0007,0.3673
2021-10-20,452.41,0.9985,0.0015,0.3644
2021-10-21,453.59,0.9814,0.0186,0.3679
2021-10-22,453.12,0.8897,0.1103,0.3747
2021-10-25,455.55,0.9588,0.0412,0.362
2021-10-26,455.96,0.9791,0.0209,0.3548
2021-10-27,453.94,0.9592,0.0408,0.3867
2021-10-28,458.32,0.99,0.01,0.3559
2021-10-29,459.25,0.9899,0.0101,0.3534
2021-11-01,460.04,0.9976,0.0024,0.3509
2021-11-02,461.9,0.9909,0.0091,0.342
2021-11-03,464.72,0.9969,0.0031,0.3314
2021-11-04,466.91,0.9965,0.0035,0.3245
2021-11-05,468.53,0.9907,0.0093,0.3221
2021-11-08,468.93,0.927,0.073,0.3373
2021-11-09,467.38,0.629,0.371,0.3617
2021-11-10,463.62,0.9935,0.0065,0.3955
2021-11-11,463.77,0.9717,0.0283,0.3971
2021-11-12,467.27,0.5477,0.4523,0.374
2021-11-15,467.43,0.4065,0.5935,0.3792
2021-11-16,469.28,0.2009,0.7991,0.3654
2021-11-17,468.14,0.2038,0.7962,0.3844
2021-11-18,469.73,0.0546,0.9454,0.3806
2021-11-19,468.89,0.0468,0.9532,0.3981
2021-11-22,467.57,0.0198,0.9802,0.4083
2021-11-23,468.19,0.0152,0.9848,0.4175
2021-11-24,469.44,0.0418,0.9582,0.4096
2021-11-26,458.97,0.1224,0.8776,0.1962
2021-11-29,464.6,0.1281,0.8719,0.3822
2021-11-30,455.56,0.3271,0.6729,0.2983
2021-12-01,450.5,0.0616,0.9384,0.2837
2021-12-02,457.4,0.3353,0.6647,0.3517
2021-12-03,453.42,0.8949,0.1051,0.303
2021-12-06,458.79,0.9461,0.0539,0.3962
2021-12-07,468.28,0.9997,0.0003,0.3868
2021-12-08,469.52,0.9998,0.0002,0.4113
2021-12-09,466.35,0.9942,0.0058,0.4508
2021-12-10,470.74,0.9999,0.0001,0.398
2021-12-13,466.57,0.9857,0.0143,0.4476
2021-12-14,463.36,0.9552,0.0448,0.4332
2021-12-15,470.6,0.9942,0.0058,0.4078
2021-12-16,466.45,0.966,0.034,0.4693
2021-12-17,459.87,0.9711,0.0289,0.4093
2021-12-20,454.98,0.7804,0.2196,0.3916
2021-12-21,463.06,0.985,0.015,0.4025
2021-12-22,467.69,0.9969,0.0031,0.4285
2021-12-23,470.6,0.9911,0.0089,0.4202
2021-12-27,477.26,0.988,0.012,0.3597
2021-12-28,476.87,0.9968,0.0032,0.3764
2021-12-29,477.48,0.8667,0.1333,0.3773
2021-12-30,476.16,0.4322,0.5678,0.4042
2021-12-31,474.96,0.4043,0.5957,0.4288
2022-01-03,477.71,0.2476,0.7524,0.398
2022-01-04,477.55,0.2138,0.7862,0.4219
2022-01-05,468.38,0.1918,0.8082,0.3921
2022-01-06,467.94,0.5874,0.4126,0.4333
2022-01-07,466.09,0.1392,0.8608,0.4491
2022-01-10,465.51,0.4257,0.5743,0.4136
2022-01-11,469.75,0.0744,0.9256,0.4397
2022-01-12,471.02,0.1776,0.8224,0.4587
2022-01-13,464.53,0.184,0.816,0.3657
2022-01-14,464.72,0.3005,0.6995,0.4377
2022-01-18,456.49,0.0105,0.9895,0.3268
2022-01-19,451.75,0.0021,0.9979,0.3868
2022-01-20,446.75,0.0034,0.9966,0.3457
2022-01-21,437.98,0.0005,0.9995,0.2949
2022-01-24,439.84,0.0042,0.9958,0.2837
2022-01-25,434.47,0.0046,0.9954,0.2758
2022-01-26,433.38,0.0688,0.9312,0.2675
2022-01-27,431.24,0.8657,0.1343,0.2823
2022-01-28,441.95,0.998,0.002,0.3214
2022-01-31,449.91,0.9822,0.0178,0.3638
2022-02-01,452.95,0.9552,0.0448,0.378
2022-02-02,457.35,0.9992,0.0008,0.3919
2022-02-03,446.6,0.9869,0.0131,0.3437
2022-02-04,448.7,0.248,0.752,0.3784
2022-02-07,447.26,0.4169,0.5831,0.3825
2022-02-08,450.94,0.3321,0.6679,0.3881
2022-02-09,457.54,0.1505,0.8495,0.398
2022-02-10,449.32,0.1149,0.8851,0.3306
2022-02-11,440.46,0.0042,0.9958,0.3193
2022-02-14,439.02,0.0214,0.9786,0.3389
2022-02-15,446.1,0.1919,0.8081,0.385
2022-02-16,446.6,0.1623,0.8377,0.4212
2022-02-17,437.06,0.0145,0.9855,0.3431
2022-02-18,434.23,0.0594,0.9406,0.3968
2022-02-22,429.57,0.1021,0.8979,0.3768
2022-02-23,421.95,0.0091,0.9909,0.3436
2022-02-24,428.3,0.0164,0.9836,0.3659
2022-02-25,437.75,0.0405,0.9595,0.4032
2022-02-28,436.63,0.0885,0.9115,0.3971
2022-03-01,429.98,0.0122,0.9878,0.361
2022-03-02,437.89,0.0649,0.9351,0.3789
2022-03-03,435.71,0.139,0.861,0.3865
2022-03-04,432.17,0.2903,0.7097,0.3841
2022-03-07,419.43,0.0575,0.9425,0.3061
2022-03-08,416.25,0.9771,0.0229,0.3087
2022-03-09,427.41,0.9862,0.0138,0.3384
2022-03-10,425.48,0.9961,0.0039,0.3595
2022-03-11,420.07,1.0,0.0,0.3289
2022-03-14,417.0,0.9998,0.0002,0.335
2022-03-15,426.17,0.9993,0.0007,0.3657
2022-03-16,435.62,0.9784,0.0216,0.3707
2022-03-17,441.07,0.9936,0.0064,0.4051
2022-03-18,444.52,1.0,0.0,0.3447
2022-03-21,444.39,1.0,0.0,0.3617
2022-03-22,449.59,1.0,0.0,0.3423
2022-03-23,443.8,0.9779,0.0221,0.4612
2022-03-24,450.49,1.0,0.0,0.3482
2022-03-25,452.69,0.9999,0.0001,0.3454
2022-03-28,455.91,0.9999,0.0001,0.324
2022-03-29,461.55,0.9996,0.0004,0.2945
2022-03-30,458.7,0.9944,0.0056,0.3427
2022-03-31,451.64,0.3091,0.6909,0.4445
2022-04-01,452.92,0.1008,0.8992,0.4269
2022-04-04,456.8,0.0625,0.9375,0.3804
2022-04-05,451.03,0.0084,0.9916,0.4686
2022-04-06,446.52,0.0546,0.9454,0.4818
2022-04-07,448.77,0.0733,0.9267,0.4591
2022-04-08,447.57,0.0118,0.9882,0.4906
2022-04-11,439.92,0.0017,0.9983,0.4654
2022-04-12,438.29,0.0555,0.9445,0.4752
2022-04-13,443.31,0.0225,0.9775,0.4485
2022-04-14,437.79,0.0103,0.9897,0.411
2022-04-18,437.97,0.0032,0.9968,0.4086
2022-04-19,445.04,0.0653,0.9347,0.4221
2022-04-20,444.71,0.0811,0.9189,0.4382
2022-04-21,438.06,0.0493,0.9507,0.3714
2022-04-22,426.04,0.0123,0.9877,0.2792
2022-04-25,428.51,0.0524,0.9476,0.3381
2022-04-26,416.1,0.0009,0.9991,0.2417
2022-04-27,417.27,0.022,0.978,0.2691
2022-04-28,427.81,0.0632,0.9368,0.3153
2022-04-29,412.0,0.0093,0.9907,0.2916
2022-05-02,414.48,0.0161,0.9839,0.2737
2022-05-03,416.38,0.0031,0.9969,0.3102
2022-05-04,429.06,0.0296,0.9704,0.3432
2022-05-05,413.81,0.0031,0.9969,0.2657
2022-05-06,411.34,0.0105,0.9895,0.3028
2022-05-09,398.17,0.0003,0.9997,0.2409
2022-05-10,399.09,0.0041,0.9959,0.2583
2022-05-11,392.75,0.0012,0.9988,0.2624
2022-05-12,392.34,0.0272,0.9728,0.2559
2022-05-13,401.72,0.0871,0.9129,0.3142
2022-05-16,400.09,0.1822,0.8178,0.342
2022-05-17,408.32,0.9465,0.0535,0.3235
2022-05-18,391.86,0.0086,0.9914,0.2508
2022-05-19,389.46,0.9324,0.0676,0.2693
2022-05-20,389.63,0.9891,0.0109,0.2835
2022-05-23,396.92,0.914,0.086,0.3032
2022-05-24,393.89,0.975,0.025,0.3284
2022-05-25,397.37,0.6699,0.3301,0.3347
2022-05-26,405.31,0.9513,0.0487,0.364
2022-05-27,415.26,0.9817,0.0183,0.3632
2022-05-31,412.93,0.0538,0.9462,0.3966
2022-06-01,409.59,0.0321,0.9679,0.4034
2022-06-02,417.39,0.1035,0.8965,0.3733
2022-06-03,410.54,0.0671,0.9329,0.4139
2022-06-06,411.79,0.0219,0.9781,0.4039
2022-06-07,415.74,0.9999,0.0001,0.3969
2022-06-08,411.22,0.0857,0.9143,0.4602
2022-06-09,401.44,0.0546,0.9454,0.4048
2022-06-10,389.8,0.0343,0.9657,0.3992
2022-06-13,375.0,0.0,1.0,0.2426
2022-06-14,373.87,0.0,1.0,0.2861
2022-06-15,379.2,0.0002,0.9998,0.293
2022-06-16,366.65,0.0,1.0,0.265
2022-06-17,365.86,0.0001,0.9999,0.2836
2022-06-21,375.07,0.0,1.0,0.293
2022-06-22,374.39,0.013,0.987,0.3493
2022-06-23,378.06,0.9668,0.0332,0.3505
2022-06-24,390.08,0.0791,0.9209,0.3463
2022-06-27,388.59,0.6507,0.3493,0.3803
2022-06-28,380.65,0.9512,0.0488,0.3414
2022-06-29,380.34,0.9505,0.0495,0.3493
2022-06-30,377.25,0.9829,0.0171,0.3447
2022-07-01,381.24,0.9736,0.0264,0.3321
2022-07-05,381.96,0.9992,0.0008,0.3542
2022-07-06,383.25,0.9737,0.0263,0.371
2022-07-07,388.99,0.9971,0.0029,0.3799
2022-07-08,388.67,0.9727,0.0273,0.3936
2022-07-11,384.23,0.9963,0.0037,0.3632
2022-07-12,380.83,0.9855,0.0145,0.393
2022-07-13,378.83,0.9975,0.0025,0.4354
2022-07-14,377.91,0.9945,0.0055,0.426
2022-07-15,385.13,0.9985,0.0015,0.4339
2022-07-18,381.95,0.9996,0.0004,0.4678
2022-07-19,392.27,1.0,0.0,0.3724
2022-07-20,394.77,1.0,0.0,0.3832
2022-07-21,398.79,1.0,0.0,0.3519
2022-07-22,395.09,0.9999,0.0001,0.4204
2022-07-25,395.57,0.9999,0.0001,0.3841
2022-07-26,390.89,0.7765,0.2235,0.4296
2022-07-27,401.04,1.0,0.0,0.3492
2022-07-28,406.07,1.0,0.0,0.3271
2022-07-29,411.99,1.0,0.0,0.2835
2022-08-01,410.77,0.9998,0.0002,0.3331
2022-08-02,408.06,0.9995,0.0005,0.3653
2022-08-03,414.45,0.9997,0.0003,0.2929
2022-08-04,414.17,0.9936,0.0064,0.3425
2022-08-05,413.47,0.9914,0.0086,0.374
2022-08-08,412.99,0.9865,0.0135,0.3912
2022-08-09,411.35,0.9783,0.0217,0.4183
2022-08-10,419.99,0.9543,0.0457,0.305
2022-08-11,419.99,0.8461,0.1539,0.3499
2022-08-12,427.1,0.7627,0.2373,0.275
2022-08-15,428.86,0.2032,0.7968,0.2885
2022-08-16,429.7,0.1723,0.8277,0.2948
2022-08-17,426.65,0.1166,0.8834,0.3563
2022-08-18,427.89,0.0408,0.9592,0.3462
2022-08-19,422.14,0.0003,0.9997,0.4457
2022-08-22,413.35,0.0,1.0,0.4463
2022-08-23,412.35,0.0,1.0,0.4592
2022-08-24,413.67,0.0003,0.9997,0.4628
2022-08-25,419.51,0.0053,0.9947,0.428
2022-08-26,405.31,0.0012,0.9988,0.3281
2022-08-29,402.63,0.0006,0.9994,0.3786
2022-08-30,398.21,0.0002,0.9998,0.3892
2022-08-31,395.18,0.0004,0.9996,0.3545
2022-09-01,396.42,0.0006,0.9994,0.3384
2022-09-02,392.24,0.0016,0.9984,0.364
2022-09-06,390.76,0.0252,0.9748,0.3539
2022-09-07,397.78,0.0051,0.9949,0.3566
2022-09-08,400.38,0.0508,0.9492,0.3758
2022-09-09,406.6,0.1287,0.8713,0.3985
2022-09-12,410.97,0.9751,0.0249,0.3938
2022-09-13,393.1,0.0333,0.9667,0.313
2022-09-14,394.6,0.0725,0.9275,0.3158
2022-09-15,390.12,0.0523,0.9477,0.2982
2022-09-16,385.56,0.0222,0.9778,0.2897
2022-09-19,388.55,0.1303,0.8697,0.2944
2022-09-20,384.09,0.0739,0.9261,0.3085
2022-09-21,377.39,0.1071,0.8929,0.3192
2022-09-22,374.22,0.0521,0.9479,0.3041
2022-09-23,367.95,0.0045,0.9955,0.2405
2022-09-26,364.31,0.0014,0.9986,0.2384
2022-09-27,363.38,0.031,0.969,0.2617
2022-09-28,370.53,0.0277,0.9723,0.3096
2022-09-29,362.79,0.0848,0.9152,0.2888
2022-09-30,357.18,0.1046,0.8954,0.2613
2022-10-03,366.61,0.11,0.89,0.3107
2022-10-04,377.97,0.0713,0.9287,0.3303
2022-10-05,377.09,0.0483,0.9517,0.3489
2022-10-06,373.2,0.0432,0.9568,0.3328
2022-10-07,362.79,0.0057,0.9943,0.3149
2022-10-10,360.02,0.9809,0.0191,0.2535
2022-10-11,357.74,0.9992,0.0008,0.272
2022-10-12,356.56,0.9999,0.0001,0.2892
2022-10-13,365.97,1.0,0.0,0.3383
2022-10-14,357.63,1.0,0.0,0.3247
2022-10-17,366.82,0.9996,0.0004,0.3335
2022-10-18,371.13,0.9952,0.0048,0.3579
2022-10-19,368.5,0.9836,0.0164,0.3684
2022-10-20,365.41,0.9955,0.0045,0.372
2022-10-21,374.29,1.0,0.0,0.3311
2022-10-24,378.87,1.0,0.0,0.3642
2022-10-25,384.92,1.0,0.0,0.342
2022-10-26,382.02,1.0,0.0,0.382
2022-10-27,379.98,0.9964,0.0036,0.4304
2022-10-28,389.02,1.0,0.0,0.3088
2022-10-31,386.21,1.0,0.0,0.3983
2022-11-01,384.52,0.9234,0.0766,0.4257
2022-11-02,374.87,0.9989,0.0011,0.3954
2022-11-03,371.01,0.9988,0.0012,0.3979
2022-11-04,376.35,0.9993,0.0007,0.3787
2022-11-07,379.95,0.9987,0.0013,0.441
2022-11-08,382.0,0.9962,0.0038,0.4531
2022-11-09,374.13,0.9252,0.0748,0.4891
2022-11-10,394.69,1.0,0.0,0.2558
2022-11-11,398.51,1.0,0.0,0.302
2022-11-14,395.12,0.9999,0.0001,0.3661
2022-11-15,398.49,1.0,0.0,0.3262
2022-11-16,395.45,0.9986,0.0014,0.3544
2022-11-17,394.24,0.0784,0.9216,0.3923
2022-11-18,396.03,0.9975,0.0025,0.4177
2022-11-21,394.59,0.9924,0.0076,0.4515
2022-11-22,399.9,0.985,0.015,0.3924
2022-11-23,402.42,0.9256,0.0744,0.3774
2022-11-25,402.33,0.7905,0.2095,0.3938
2022-11-28,395.91,0.9718,0.0282,0.4404
2022-11-29,395.23,0.8617,0.1383,0.4548
2022-11-30,407.68,0.3206,0.6794,0.3306
2022-12-01,407.38,0.1133,0.8867,0.3719
2022-12-02,406.91,0.0912,0.9088,0.362
2022-12-05,399.59,0.0004,0.9996,0.4666
2022-12-06,393.83,0.0003,0.9997,0.4584
2022-12-07,393.16,0.0002,0.9998,0.4161
2022-12-08,396.24,0.0,1.0,0.4637
2022-12-09,393.28,0.0015,0.9985,0.3963
2022-12-12,398.95,0.0232,0.9768,0.3986
2022-12-13,401.97,0.0324,0.9676,0.4642
2022-12-14,399.4,0.0709,0.9291,0.449
2022-12-15,389.63,0.0158,0.9842,0.395
2022-12-16,383.27,0.0007,0.9993,0.4048
2022-12-19,380.02,0.0007,0.9993,0.3774
2022-12-20,380.54,0.0043,0.9957,0.3793
2022-12-21,386.23,0.0189,0.9811,0.3946
2022-12-22,380.72,0.0153,0.9847,0.3586
2022-12-23,382.91,0.0686,0.9314,0.3774
2022-12-27,381.4,0.0767,0.9233,0.3928
2022-12-28,376.66,0.5241,0.4759,0.3828
2022-12-29,383.44,0.9694,0.0306,0.3598
2022-12-30,382.43,0.9872,0.0128,0.3612
2023-01-03,380.82,0.9968,0.0032,0.3475
2023-01-04,383.76,0.9966,0.0034,0.3905
2023-01-05,379.38,0.8727,0.1273,0.3975
2023-01-06,388.08,0.9855,0.0145,0.3924
2023-01-09,387.86,0.965,0.035,0.4116
2023-01-10,390.58,0.9646,0.0354,0.4269
2023-01-11,395.52,0.9894,0.0106,0.4068
2023-01-12,396.96,0.9955,0.0045,0.4036
2023-01-13,398.5,0.9985,0.0015,0.3612
2023-01-17,397.77,0.9713,0.0287,0.4002
2023-01-18,391.49,0.9061,0.0939,0.4569
2023-01-19,388.64,0.7991,0.2009,0.4768
2023-01-20,395.88,0.991,0.009,0.4107
2023-01-23,400.63,0.9945,0.0055,0.3868
2023-01-24,400.2,0.993,0.007,0.4045
2023-01-25,400.35,0.9967,0.0033,0.3966
2023-01-26,404.75,0.9977,0.0023,0.3504
2023-01-27,405.68,0.9865,0.0135,0.3614
2023-01-30,400.59,0.904,0.096,0.4641
2023-01-31,406.48,0.9907,0.0093,0.3673
2023-02-01,410.8,0.997,0.003,0.3262
2023-02-02,416.78,0.9999,0.0001,0.2901
2023-02-03,412.35,0.0951,0.9049,0.4005
2023-02-06,409.83,0.8749,0.1251,0.4324
2023-02-07,415.19,0.9939,0.0061,0.3321
2023-02-08,410.65,0.1866,0.8134,0.4338
2023-02-09,407.09,0.0489,0.9511,0.4428
2023-02-10,408.04,0.1323,0.8677,0.4403
2023-02-13,412.83,0.9459,0.0541,0.4154
2023-02-14,412.64,0.0862,0.9138,0.4349
2023-02-15,413.98,0.2568,0.7432,0.4091
2023-02-16,408.28,0.1356,0.8644,0.4763
2023-02-17,407.26,0.1347,0.8653,0.4734
2023-02-21,399.09,0.0121,0.9879,0.3609
2023-02-22,398.54,0.0013,0.9987,0.4128
2023-02-23,400.66,0.0018,0.9982,0.4229
2023-02-24,396.38,0.0052,0.9948,0.3971
2023-02-27,397.73,0.0025,0.9975,0.3977
2023-02-28,396.26,0.0003,0.9997,0.4206
2023-03-01,394.74,0.0107,0.9893,0.3955
2023-03-02,397.81,0.0782,0.9218,0.3934
2023-03-03,404.19,0.4116,0.5884,0.4025
2023-03-06,404.47,0.2951,0.7049,0.414
2023-03-07,398.27,0.4683,0.5317,0.3888
2023-03-08,398.92,0.6307,0.3693,0.3928
2023-03-09,391.56,0.1067,0.8933,0.3096
2023-03-10,385.91,0.0365,0.9635,0.317
2023-03-13,385.36,0.0651,0.9349,0.3035
2023-03-14,391.73,0.9076,0.0924,0.3587
2023-03-15,389.28,0.7611,0.2389,0.3133
2023-03-16,396.11,0.9382,0.0618,0.3725
2023-03-17,389.99,0.8765,0.1235,0.3561
2023-03-20,393.74,0.9647,0.0353,0.3892
2023-03-21,398.91,0.9764,0.0236,0.4104
2023-03-22,392.11,0.8827,0.1173,0.4162
2023-03-23,393.17,0.6273,0.3727,0.4016
2023-03-24,395.75,0.9195,0.0805,0.4212
2023-03-27,396.49,0.7638,0.2362,0.4285
2023-03-28,395.6,0.7477,0.2523,0.4426
2023-03-29,401.35,0.999,0.001,0.4174
2023-03-30,403.7,0.9844,0.0156,0.4174
2023-03-31,409.39,0.9948,0.0052,0.371
2023-04-03,410.95,0.9973,0.0027,0.3661
2023-04-04,408.67,0.9886,0.0114,0.398
2023-04-05,407.6,0.96,0.04,0.4147
2023-04-06,409.19,0.8996,0.1004,0.4015
2023-04-10,409.61,0.97,0.03,0.409
2023-04-11,409.72,0.9637,0.0363,0.4081
2023-04-12,408.05,0.8738,0.1262,0.4314
2023-04-13,413.47,0.9713,0.0287,0.3685
2023-04-14,412.46,0.9704,0.0296,0.4027
2023-04-17,413.94,0.9897,0.0103,0.3779
2023-04-18,414.21,0.9923,0.0077,0.3806
2023-04-19,414.14,0.9726,0.0274,0.3901
2023-04-20,411.88,0.9798,0.0202,0.4318
2023-04-21,412.2,0.9485,0.0515,0.4176
2023-04-24,412.63,0.9167,0.0833,0.4235
2023-04-25,406.08,0.8249,0.1751,0.4626
2023-04-26,404.36,0.6417,0.3583,0.4674
2023-04-27,412.41,0.9697,0.0303,0.4041
2023-04-28,415.93,0.995,0.005,0.3959
2023-05-01,415.51,0.9783,0.0217,0.41
2023-05-02,410.84,0.9929,0.0071,0.4295
2023-05-03,408.02,0.6058,0.3942,0.4279
2023-05-04,405.13,0.1294,0.8706,0.3708
2023-05-05,412.63,0.9955,0.0045,0.4136
2023-05-08,412.74,0.9114,0.0886,0.4791
2023-05-09,410.93,0.9479,0.0521,0.433
2023-05-10,412.85,0.9893,0.0107,0.4388
2023-05-11,412.13,0.989,0.011,0.4404
2023-05-12,411.59,0.6443,0.3557,0.4285
2023-05-15,413.01,0.9283,0.0717,0.4449
2023-05-16,410.25,0.5125,0.4875,0.4055
2023-05-17,415.23,0.9838,0.0162,0.4178
2023-05-18,419.23,0.9599,0.0401,0.3922
2023-05-19,418.62,0.9657,0.0343,0.4206
2023-05-22,418.79,0.9605,0.0395,0.4231
2023-05-23,414.09,0.9222,0.0778,0.4339
2023-05-24,411.09,0.8409,0.1591,0.4296
2023-05-25,414.65,0.4883,0.5117,0.4322
2023-05-26,420.02,0.9786,0.0214,0.4093
2023-05-30,420.18,0.9466,0.0534,0.4271
2023-05-31,417.85,0.9772,0.0228,0.461
2023-06-01,421.82,0.9988,0.0012,0.3861
2023-06-02,427.92,0.9969,0.0031,0.334
2023-06-05,427.1,0.9914,0.0086,0.3683
2023-06-06,428.03,0.9861,0.0139,0.356
2023-06-07,426.55,0.9631,0.0369,0.3778
2023-06-08,429.13,0.9808,0.0192,0.3506
2023-06-09,429.9,0.9059,0.0941,0.3614
2023-06-12,433.8,0.9958,0.0042,0.3419
2023-06-13,436.66,0.9966,0.0034,0.3325
2023-06-14,437.18,0.9972,0.0028,0.3376
2023-06-15,442.6,0.9994,0.0006,0.2879
2023-06-16,439.46,0.9919,0.0081,0.362
2023-06-20,437.18,0.9977,0.0023,0.39
2023-06-21,434.94,0.986,0.014,0.4182
2023-06-22,436.51,0.9699,0.0301,0.401
2023-06-23,433.21,0.9592,0.0408,0.4422
2023-06-26,431.44,0.9658,0.0342,0.454
2023-06-27,436.17,0.9029,0.0971,0.4152
2023-06-28,436.39,0.9476,0.0524,0.4454
2023-06-29,438.11,0.9405,0.0595,0.4288
2023-06-30,443.28,0.9952,0.0048,0.3469
2023-07-03,443.79,0.9938,0.0062,0.3641
2023-07-05,443.13,0.9693,0.0307,0.3842
2023-07-06,439.66,0.9225,0.0775,0.4151
2023-07-07,438.55,0.8621,0.1379,0.4373
2023-07-10,439.66,0.7808,0.2192,0.4435
2023-07-11,442.46,0.606,0.394,0.4182
2023-07-12,446.02,0.6382,0.3618,0.3745
2023-07-13,449.56,0.9916,0.0084,0.353
2023-07-14,449.28,0.9835,0.0165,0.3747
2023-07-17,450.84,0.9909,0.0091,0.3666
2023-07-18,454.19,0.9939,0.0061,0.3408
2023-07-19,455.2,0.9948,0.0052,0.354
2023-07-20,452.18,0.936,0.064,0.3972
2023-07-21,452.18,0.8778,0.1222,0.3926
2023-07-24,454.2,0.9815,0.0185,0.3739
2023-07-25,455.44,0.9398,0.0602,0.375
2023-07-26,455.51,0.574,0.426,0.3831
2023-07-27,452.49,0.7951,0.2049,0.4006
2023-07-28,456.92,0.7805,0.2195,0.3709
2023-07-31,457.79,0.7736,0.2264,0.3785
2023-08-01,456.48,0.6577,0.3423,0.4005
2023-08-02,450.13,0.9017,0.0983,0.4211
2023-08-03,448.84,0.4151,0.5849,0.4325
2023-08-04,446.81,0.1378,0.8622,0.428
2023-08-07,450.71,0.5018,0.4982,0.4151
2023-08-08,448.75,0.1938,0.8062,0.4449
2023-08-09,445.75,0.003,0.997,0.4218
2023-08-10,445.91,0.0074,0.9926,0.4158
2023-08-11,445.65,0.0007,0.9993,0.4345
2023-08-14,448.11,0.0324,0.9676,0.4173
2023-08-15,442.89,0.1393,0.8607,0.3351
2023-08-16,439.64,0.0735,0.9265,0.3633
2023-08-17,436.29,0.1097,0.8903,0.3377
2023-08-18,436.5,0.1024,0.8976,0.3655
2023-08-21,439.34,0.4973,0.5027,0.3647
2023-08-22,438.15,0.4517,0.5483,0.3635
2023-08-23,443.03,0.9601,0.0399,0.3951
2023-08-24,436.89,0.7938,0.2062,0.3496
2023-08-25,439.97,0.2504,0.7496,0.395
2023-08-28,442.76,0.9439,0.0561,0.4046
2023-08-29,449.16,0.9518,0.0482,0.4028
2023-08-30,451.01,0.9927,0.0073,0.4004
2023-08-31,450.35,0.9978,0.0022,0.406
2023-09-01,451.19,0.9787,0.0213,0.4
2023-09-05,449.24,0.6196,0.3804,0.4284
2023-09-06,446.22,0.0366,0.9634,0.4197
2023-09-07,444.85,0.026,0.974,0.4311
2023-09-08,445.52,0.0264,0.9736,0.438
2023-09-11,448.45,0.6277,0.3723,0.4384
2023-09-12,445.99,0.0119,0.9881,0.4304
2023-09-13,446.51,0.1098,0.8902,0.4566
2023-09-14,450.36,0.764,0.236,0.4148
2023-09-15,443.37,0.1218,0.8782,0.4499
2023-09-18,443.63,0.3438,0.6562,0.4539
2023-09-19,442.71,0.1361,0.8639,0.447
2023-09-20,438.64,0.0636,0.9364,0.3909
2023-09-21,431.39,0.0092,0.9908,0.314
2023-09-22,430.42,0.0101,0.9899,0.3783
2023-09-25,432.23,0.0882,0.9118,0.37
2023-09-26,425.88,0.0303,0.9697,0.3079
2023-09-27,426.05,0.0402,0.9598,0.3278
2023-09-28,428.52,0.1633,0.8367,0.3347
2023-09-29,427.48,0.4309,0.5691,0.3435
2023-10-02,427.31,0.5417,0.4583,0.3384
2023-10-03,421.59,0.8652,0.1348,0.2968
2023-10-04,424.66,0.8994,0.1006,0.3346
2023-10-05,424.5,0.7115,0.2885,0.3512
2023-10-06,429.54,0.9937,0.0063,0.3838
2023-10-09,432.29,0.9821,0.0179,0.3805
2023-10-10,434.54,0.9902,0.0098,0.3981
2023-10-11,436.32,0.9338,0.0662,0.4094
2023-10-12,433.66,0.8332,0.1668,0.3711
2023-10-13,431.5,0.0865,0.9135,0.357
2023-10-16,436.04,0.1981,0.8019,0.4061
2023-10-17,436.02,0.047,0.953,0.4164
2023-10-18,430.21,0.0321,0.9679,0.3947
2023-10-19,426.43,0.0605,0.9395,0.3598
2023-10-20,421.19,0.1502,0.8498,0.3622
2023-10-23,420.46,0.0726,0.9274,0.3826
2023-10-24,423.63,0.3418,0.6582,0.4168
2023-10-25,417.55,0.7524,0.2476,0.3681
2023-10-26,412.55,0.8085,0.1915,0.3517
2023-10-27,410.68,0.9237,0.0763,0.3354
2023-10-30,415.59,0.9934,0.0066,0.3575
2023-10-31,418.2,0.8803,0.1197,0.4037
2023-11-01,422.66,0.9448,0.0552,0.4233
2023-11-02,430.76,0.9945,0.0055,0.4173
2023-11-03,434.69,0.9998,0.0002,0.3795
2023-11-06,435.69,0.999,0.001,0.3809
2023-11-07,436.93,0.9985,0.0015,0.3713
2023-11-08,437.25,0.9939,0.0061,0.3703
2023-11-09,433.84,0.7564,0.2436,0.4197
2023-11-10,440.61,0.9816,0.0184,0.3499
2023-11-13,440.19,0.8515,0.1485,0.3837
2023-11-14,448.73,0.9984,0.0016,0.304
2023-11-15,449.68,0.992,0.008,0.3205
2023-11-16,450.23,0.9982,0.0018,0.3216
2023-11-17,450.79,0.993,0.007,0.3242
2023-11-20,454.26,0.9996,0.0004,0.2996
2023-11-21,453.27,0.9981,0.0019,0.3261
2023-11-22,455.02,0.9924,0.0076,0.3172
2023-11-24,455.3,0.998,0.002,0.3141
2023-11-27,454.48,0.9996,0.0004,0.3193
2023-11-28,454.93,0.9989,0.0011,0.3265
2023-11-29,454.61,0.9961,0.0039,0.3422
2023-11-30,456.4,0.9775,0.0225,0.3426
2023-12-01,459.1,0.908,0.092,0.3355
2023-12-04,456.69,0.8919,0.1081,0.3785
2023-12-05,456.6,0.8523,0.1477,0.3854
2023-12-06,454.76,0.8886,0.1114,0.4097
2023-12-07,458.23,0.9347,0.0653,0.3788
2023-12-08,460.2,0.9127,0.0873,0.3723
2023-12-11,461.99,0.9531,0.0469,0.3619
2023-12-12,464.1,0.9648,0.0352,0.3559
2023-12-13,470.5,0.9967,0.0033,0.3024
2023-12-14,472.01,0.9984,0.0016,0.3211
2023-12-15,469.33,0.9922,0.0078,0.3664
2023-12-18,471.97,0.9985,0.0015,0.33
2023-12-19,474.84,0.9982,0.0018,0.3227
2023-12-20,468.26,0.9943,0.0057,0.4095
2023-12-21,472.7,0.9399,0.0601,0.3522
2023-12-22,473.65,0.971,0.029,0.3663
2023-12-26,475.65,0.9883,0.0117,0.3522
2023-12-27,476.51,0.964,0.036,0.3576
2023-12-28,476.69,0.9908,0.0092,0.3563
2023-12-29,475.31,0.5527,0.4473,0.3856
2024-01-02,472.65,0.4101,0.5899,0.4063
2024-01-03,468.79,0.843,0.157,0.433
2024-01-04,467.28,0.6536,0.3464,0.4347
2024-01-05,467.92,0.6845,0.3155,0.4492
2024-01-08,474.6,0.5993,0.4007,0.3922
2024-01-09,473.88,0.8522,0.1478,0.4186
2024-01-10,476.56,0.9432,0.0568,0.3858
2024-01-11,476.35,0.8861,0.1139,0.3965
2024-01-12,476.68,0.826,0.174,0.3952
2024-01-16,474.93,0.7298,0.2702,0.4286
2024-01-17,472.29,0.7004,0.2996,0.4427
2024-01-18,476.49,0.5941,0.4059,0.4148
2024-01-19,482.43,0.8089,0.1911,0.3695
2024-01-22,483.45,0.9821,0.0179,0.38
2024-01-23,484.86,0.9786,0.0214,0.3646
2024-01-24,485.39,0.9975,0.0025,0.3704
2024-01-25,488.03,0.9881,0.0119,0.3623
2024-01-26,487.41,0.7989,0.2011,0.3863
2024-01-29,491.27,0.9712,0.0288,0.3574
2024-01-30,490.89,0.9015,0.0985,0.3851
2024-01-31,482.88,0.956,0.044,0.4235
2024-02-01,489.2,0.9828,0.0172,0.3843
2024-02-02,494.35,0.9976,0.0024,0.3461
2024-02-05,492.55,0.9787,0.0213,0.3802
2024-02-06,493.98,0.9856,0.0144,0.3651
2024-02-07,498.1,0.9992,0.0008,0.3331
2024-02-08,498.32,0.9928,0.0072,0.3599
2024-02-09,501.2,0.9916,0.0084,0.3429
2024-02-12,500.98,0.9406,0.0594,0.3571
2024-02-13,494.08,0.9787,0.0213,0.4241
2024-02-14,498.57,0.8868,0.1132,0.3891
2024-02-15,502.01,0.9488,0.0512,0.3592
2024-02-16,499.51,0.7511,0.2489,0.4072
2024-02-20,496.76,0.9738,0.0262,0.4316
2024-02-21,497.21,0.8467,0.1533,0.4314
2024-02-22,507.5,0.9502,0.0498,0.3398
2024-02-23,507.85,0.9411,0.0589,0.3635
2024-02-26,505.99,0.9707,0.0293,0.3849
2024-02-27,506.93,0.9844,0.0156,0.3732
2024-02-28,506.26,0.9863,0.0137,0.3879
2024-02-29,508.08,0.9283,0.0717,0.3808
2024-03-01,512.85,0.8674,0.1326,0.3558
2024-03-04,512.3,0.9246,0.0754,0.3801
2024-03-05,507.18,0.9688,0.0312,0.4258
2024-03-06,509.75,0.9205,0.0795,0.4
2024-03-07,514.81,0.9391,0.0609,0.3637
2024-03-08,511.72,0.7752,0.2248,0.4225
2024-03-11,511.28,0.6776,0.3224,0.4227
2024-03-12,516.78,0.8786,0.1214,0.3611
2024-03-13,515.97,0.8968,0.1032,0.3978
2024-03-14,514.95,0.8947,0.1053,0.4138
2024-03-15,509.83,0.7438,0.2562,0.4371
2024-03-18,512.86,0.5474,0.4526,0.4261
2024-03-19,515.71,0.6415,0.3585,0.4149
2024-03-20,520.48,0.9066,0.0934,0.3674
2024-03-21,522.2,0.9717,0.0283,0.3684
2024-03-22,521.21,0.9959,0.0041,0.3881
2024-03-25,519.77,0.9585,0.0415,0.4109
2024-03-26,518.81,0.9296,0.0704,0.4257
2024-03-27,523.17,0.5708,0.4292,0.3804
2024-03-28,523.07,0.6064,0.3936,0.4057
2024-04-01,522.16,0.5385,0.4615,0.4256
2024-04-02,518.84,0.0533,0.9467,0.4376
2024-04-03,519.41,0.0654,0.9346,0.4487
2024-04-04,513.07,0.029,0.971,0.3606
2024-04-05,518.43,0.0398,0.9602,0.4124
2024-04-08,518.72,0.0159,0.9841,0.4579
2024-04-09,519.32,0.3272,0.6728,0.4497
2024-04-10,514.12,0.1863,0.8137,0.3976
2024-04-11,518.0,0.982,0.018,0.4247
2024-04-12,510.85,0.0994,0.9006,0.3465
2024-04-15,504.45,0.0103,0.9897,0.3442
2024-04-16,503.53,0.0024,0.9976,0.3882
2024-04-17,500.55,0.0048,0.9952,0.3752
2024-04-18,499.52,0.0235,0.9765,0.3557
2024-04-19,495.16,0.4709,0.5291,0.3352
2024-04-22,499.72,0.8734,0.1266,0.3747
2024-04-23,505.65,0.9399,0.0601,0.4
2024-04-24,505.41,0.9226,0.0774,0.3975
2024-04-25,503.49,0.9616,0.0384,0.3989
2024-04-26,508.26,0.9904,0.0096,0.3955
2024-04-29,510.06,0.9753,0.0247,0.4151
2024-04-30,501.98,0.937,0.063,0.3769
2024-05-01,500.35,0.9585,0.0415,0.3866
2024-05-02,505.03,0.9892,0.0108,0.4168
2024-05-03,511.29,0.9035,0.0965,0.4128
2024-05-06,516.57,0.9937,0.0063,0.3762
2024-05-07,517.14,0.9984,0.0016,0.3902
2024-05-08,517.19,0.9904,0.0096,0.393
2024-05-09,520.17,0.9936,0.0064,0.3748
2024-05-10,520.84,0.8849,0.1151,0.3817
2024-05-13,520.91,0.9323,0.0677,0.3929
2024-05-14,523.3,0.9263,0.0737,0.3701
2024-05-15,529.78,0.9881,0.0119,0.3398
2024-05-16,528.69,0.9962,0.0038,0.3485
2024-05-17,529.45,0.9971,0.0029,0.3439
2024-05-20,530.06,0.9976,0.0024,0.3364
2024-05-21,531.36,0.9883,0.0117,0.346
2024-05-22,529.83,0.9853,0.0147,0.3625
2024-05-23,525.96,0.9887,0.0113,0.4194
2024-05-24,529.44,0.8566,0.1434,0.3771
2024-05-28,529.81,0.8468,0.1532,0.3755
2024-05-29,526.1,0.9444,0.0556,0.4242
2024-05-30,522.61,0.9932,0.0068,0.4351
2024-05-31,527.37,0.9385,0.0615,0.4058
2024-06-03,527.8,0.8835,0.1165,0.4082
2024-06-04,528.39,0.6181,0.3819,0.4127
2024-06-05,534.67,0.8422,0.1578,0.3634
2024-06-06,534.66,0.911,0.089,0.3748
2024-06-07,534.01,0.7028,0.2972,0.3915
2024-06-10,535.66,0.9088,0.0912,0.3809
2024-06-11,536.95,0.8612,0.1388,0.3809
2024-06-12,541.36,0.804,0.196,0.3546
2024-06-13,542.45,0.7388,0.2612,0.3662
2024-06-14,542.78,0.8372,0.1628,0.3704
2024-06-17,547.1,0.6687,0.3313,0.3388
2024-06-18,548.49,0.7928,0.2072,0.3521
2024-06-20,547.0,0.4715,0.5285,0.3709
2024-06-21,544.51,0.6258,0.3742,0.4035
2024-06-24,542.74,0.8975,0.1025,0.4207
2024-06-25,544.83,0.6502,0.3498,0.3997
2024-06-26,545.51,0.4711,0.5289,0.4047
2024-06-27,546.37,0.6799,0.3201,0.4015
2024-06-28,544.22,0.8751,0.1249,0.4084
2024-07-01,545.34,0.7817,0.2183,0.3979
2024-07-02,549.01,0.6898,0.3102,0.3758
2024-07-03,551.46,0.8008,0.1992,0.3708
2024-07-05,554.64,0.7348,0.2652,0.3579
2024-07-08,555.28,0.8312,0.1688,0.3712
2024-07-09,555.82,0.2416,0.7584,0.3672
2024-07-10,561.32,0.4192,0.5808,0.3256
2024-07-11,556.48,0.4981,0.5019,0.3862
2024-07-12,559.99,0.5899,0.4101,0.3573
2024-07-15,561.53,0.4861,0.5139,0.3523
2024-07-16,564.86,0.6154,0.3846,0.3423
2024-07-17,556.94,0.9765,0.0235,0.4171
2024-07-18,552.66,0.846,0.154,0.4197
2024-07-19,548.99,0.1515,0.8485,0.4063
2024-07-22,554.65,0.7967,0.2033,0.3999
2024-07-23,553.78,0.8047,0.1953,0.4376
2024-07-24,541.23,0.0164,0.9836,0.3098
2024-07-25,538.41,0.0032,0.9968,0.3811
2024-07-26,544.44,0.1354,0.8646,0.3907
2024-07-29,544.76,0.03,0.97,0.426
2024-07-30,542.0,0.0194,0.9806,0.3825
2024-07-31,550.81,0.5988,0.4012,0.4175
2024-08-01,543.01,0.6353,0.3647,0.3672
2024-08-02,532.9,0.1196,0.8804,0.2417
2024-08-05,517.38,0.0001,0.9999,0.1201
2024-08-06,522.15,0.0004,0.9996,0.3069
2024-08-07,518.66,0.0026,0.9974,0.2685
2024-08-08,530.65,0.1417,0.8583,0.3366
2024-08-09,532.99,0.0199,0.9801,0.3749
2024-08-12,533.27,0.3761,0.6239,0.3752
2024-08-13,542.04,0.8766,0.1234,0.3816
2024-08-14,543.75,0.9738,0.0262,0.4098
2024-08-15,553.07,0.9996,0.0004,0.3598
2024-08-16,554.31,0.996,0.004,0.3663
2024-08-19,559.61,0.9991,0.0009,0.341
2024-08-20,558.7,0.9818,0.0182,0.3582
2024-08-21,560.62,0.9749,0.0251,0.359
2024-08-22,556.22,0.8502,0.1498,0.4055
2024-08-23,562.13,0.8987,0.1013,0.3708
2024-08-26,560.79,0.7708,0.2292,0.3971
2024-08-27,561.56,0.5181,0.4819,0.3944
2024-08-28,558.3,0.456,0.544,0.4126
2024-08-29,558.35,0.3693,0.6307,0.4249
2024-08-30,563.68,0.9174,0.0826,0.3823
2024-09-03,552.08,0.2966,0.7034,0.4125
2024-09-04,550.95,0.3227,0.6773,0.4354
2024-09-05,549.61,0.0328,0.9672,0.4587
2024-09-06,540.36,0.0456,0.9544,0.4037
2024-09-09,546.41,0.3253,0.6747,0.4148
2024-09-10,548.79,0.2113,0.7887,0.4597
2024-09-11,554.42,0.6663,0.3337,0.4516
2024-09-12,559.09,0.9971,0.0029,0.4196
2024-09-13,562.01,0.9992,0.0008,0.4024
2024-09-16,562.84,0.9742,0.0258,0.4058
2024-09-17,563.07,0.825,0.175,0.4083
2024-09-18,561.4,0.5196,0.4804,0.428
2024-09-19,570.98,0.9172,0.0828,0.3628
2024-09-20,568.25,0.9568,0.0432,0.4055
2024-09-23,569.67,0.9472,0.0528,0.3928
2024-09-24,571.3,0.9622,0.0378,0.3842
2024-09-25,570.04,0.9264,0.0736,0.3968
2024-09-26,572.3,0.8691,0.1309,0.3857
2024-09-27,571.47,0.5192,0.4808,0.4013
2024-09-30,573.76,0.1841,0.8159,0.3973
2024-10-01,568.62,0.5535,0.4465,0.4358
2024-10-02,568.86,0.6633,0.3367,0.4502
2024-10-03,567.82,0.8526,0.1474,0.4531
2024-10-04,572.98,0.7444,0.2556,0.419
2024-10-07,567.8,0.9767,0.0233,0.4339
2024-10-08,573.17,0.4169,0.5831,0.4186
2024-10-09,577.14,0.6531,0.3469,0.4081
2024-10-10,576.13,0.698,0.302,0.4169
2024-10-11,579.58,0.873,0.127,0.4035
2024-10-14,584.32,0.9905,0.0095,0.3748
2024-10-15,579.78,0.9254,0.0746,0.4291
2024-10-16,582.3,0.9787,0.0213,0.4173
2024-10-17,582.35,0.9354,0.0646,0.4136
2024-10-18,584.59,0.9515,0.0485,0.3955
2024-10-21,583.63,0.6893,0.3107,0.4145
2024-10-22,583.32,0.9088,0.0912,0.4156
2024-10-23,577.99,0.258,0.742,0.4395
2024-10-24,579.24,0.9185,0.0815,0.4525
2024-10-25,579.04,0.7604,0.2396,0.461
2024-10-28,580.83,0.8028,0.1972,0.4555
2024-10-29,581.77,0.8904,0.1096,0.4575
2024-10-30,580.01,0.9193,0.0807,0.4617
2024-10-31,568.64,0.568,0.432,0.3474
2024-11-01,571.04,0.3401,0.6599,0.4186
2024-11-04,569.81,0.1297,0.8703,0.4132
2024-11-05,576.7,0.8424,0.1576,0.4311
2024-11-06,591.04,0.9998,0.0002,0.3382
2024-11-07,595.61,0.9999,0.0001,0.3374
2024-11-08,598.19,0.9997,0.0003,0.3384
2024-11-11,598.76,0.9998,0.0002,0.3425
2024-11-12,596.9,0.9988,0.0012,0.356
2024-11-13,597.19,0.9936,0.0064,0.3608
2024-11-14,593.35,0.7659,0.2341,0.4225
2024-11-15,585.75,0.151,0.849,0.4352
2024-11-18,588.15,0.4862,0.5138,0.4456
2024-11-19,590.3,0.2231,0.7769,0.4455
2024-11-20,590.5,0.7224,0.2776,0.4562
2024-11-21,593.67,0.6237,0.3763,0.4277
2024-11-22,595.51,0.8736,0.1264,0.4165
2024-11-25,597.53,0.5136,0.4864,0.3993
2024-11-26,600.65,0.6854,0.3146,0.3792
2024-11-27,598.83,0.771,0.229,0.398
2024-11-29,602.55,0.9617,0.0383,0.3666
2024-12-02,603.63,0.9883,0.0117,0.3635
2024-12-03,603.91,0.9868,0.0132,0.366
2024-12-04,607.66,0.9556,0.0444,0.3405
2024-12-05,606.66,0.4426,0.5574,0.3785
2024-12-06,607.81,0.4325,0.5675,0.3759
2024-12-09,604.68,0.1859,0.8141,0.4028
2024-12-10,602.8,0.4221,0.5779,0.4172
2024-12-11,607.46,0.5464,0.4536,0.3832
2024-12-12,604.33,0.4629,0.5371,0.4221
2024-12-13,604.21,0.742,0.258,0.4238
2024-12-16,606.79,0.9024,0.0976,0.4032
2024-12-17,604.29,0.8561,0.1439,0.429
2024-12-18,586.28,0.0068,0.9932,0.1255
2024-12-19,586.1,0.0028,0.9972,0.3498
2024-12-20,591.15,0.0094,0.9906,0.3991
2024-12-23,594.69,0.1059,0.8941,0.4293
2024-12-24,601.3,0.8777,0.1223,0.4114
2024-12-26,601.34,0.9621,0.0379,0.4368
2024-12-27,595.01,0.5554,0.4446,0.4101
2024-12-30,588.22,0.1199,0.8801,0.365
2024-12-31,586.08,0.0099,0.9901,0.3806
2025-01-02,584.64,0.0545,0.9455,0.3563
2025-01-03,591.95,0.8454,0.1546,0.4091
2025-01-06,595.36,0.6603,0.3397,0.4156
2025-01-07,588.63,0.5352,0.4648,0.3576
2025-01-08,589.49,0.6963,0.3037,0.397
2025-01-10,580.49,0.4964,0.5036,0.3348
2025-01-13,581.39,0.078,0.922,0.3469
2025-01-14,582.19,0.1553,0.8447,0.3665
2025-01-15,592.78,0.7454,0.2546,0.4065
2025-01-16,591.64,0.6891,0.3109,0.418
2025-01-17,597.58,0.9692,0.0308,0.4151
2025-01-21,603.05,0.9945,0.0055,0.3942
2025-01-22,606.44,0.9993,0.0007,0.3761
2025-01-23,609.75,0.9939,0.0061,0.367
2025-01-24,607.97,0.9643,0.0357,0.3894
2025-01-27,599.37,0.403,0.597,0.4084
2025-01-28,604.52,0.9604,0.0396,0.4071
2025-01-29,601.81,0.5558,0.4442,0.4444
2025-01-30,605.04,0.9135,0.0865,0.4314
2025-01-31,601.82,0.9073,0.0927,0.4679
2025-02-03,597.77,0.9572,0.0428,0.4505
2025-02-04,601.78,0.4413,0.5587,0.4293
2025-02-05,604.22,0.7775,0.2225,0.444
2025-02-06,606.32,0.8383,0.1617,0.4299
2025-02-07,600.77,0.6531,0.3469,0.4707
2025-02-10,604.85,0.9614,0.0386,0.4367
2025-02-11,605.31,0.9779,0.0221,0.4367
2025-02-12,603.36,0.8738,0.1262,0.4678
2025-02-13,609.73,0.8357,0.1643,0.4027
2025-02-14,609.7,0.938,0.062,0.4103
2025-02-18,611.49,0.9204,0.0796,0.4073
2025-02-19,612.93,0.7269,0.2731,0.4046
2025-02-20,610.38,0.9019,0.0981,0.4271
2025-02-21,599.94,0.5179,0.4821,0.3385
2025-02-24,597.21,0.3016,0.6984,0.3664
2025-02-25,594.24,0.0423,0.9577,0.3841
2025-02-26,594.54,0.0454,0.9546,0.3928
2025-02-27,585.05,0.0312,0.9688,0.331
2025-02-28,594.18,0.4709,0.5291,0.3828
2025-03-03,583.77,0.1365,0.8635,0.2961
2025-03-04,576.86,0.0063,0.9937,0.3472
2025-03-05,583.06,0.0597,0.9403,0.3501
2025-03-06,572.71,0.0298,0.9702,0.2918
2025-03-07,575.92,0.0218,0.9782,0.3233
2025-03-10,560.58,0.0008,0.9992,0.2752
2025-03-11,555.92,0.0009,0.9991,0.2896
2025-03-12,558.87,0.0141,0.9859,0.2935
2025-03-13,551.42,0.0216,0.9784,0.2873
2025-03-14,562.81,0.0056,0.9944,0.3042
2025-03-17,567.15,0.0496,0.9504,0.3429
2025-03-18,561.02,0.6226,0.3774,0.3134
2025-03-19,567.13,0.8296,0.1704,0.3349
2025-03-20,565.49,0.9867,0.0133,0.3374
2025-03-21,563.98,0.996,0.004,0.3577
2025-03-24,574.08,0.9971,0.0029,0.3753
2025-03-25,575.46,0.9884,0.0116,0.3945
2025-03-26,568.59,0.9886,0.0114,0.3608
2025-03-27,567.08,0.9918,0.0082,0.3751
2025-03-28,555.66,0.2348,0.7652,0.3115
2025-03-31,559.39,0.9632,0.0368,0.3324
2025-04-01,560.97,0.9532,0.0468,0.3837
2025-04-02,564.52,0.5586,0.4414,0.3905
2025-04-03,536.7,0.0,1.0,0.2137
2025-04-04,505.28,0.0,1.0,0.1066
2025-04-07,504.38,0.0,1.0,0.1583
2025-04-08,496.48,0.0,1.0,0.14
2025-04-09,548.62,0.0,1.0,0.1289
2025-04-10,524.58,0.0242,0.9758,0.2507
2025-04-11,533.94,0.0005,0.9995,0.2325
2025-04-14,539.12,0.0087,0.9913,0.2764
2025-04-15,537.61,0.1077,0.8923,0.2782
2025-04-16,525.66,0.5568,0.4432,0.2523
2025-04-17,526.41,0.9998,0.0002,0.3403
2025-04-21,513.88,0.13,0.87,0.3248
2025-04-22,527.25,0.9999,0.0001,0.3111
2025-04-23,535.42,0.999,0.001,0.3158
2025-04-24,546.69,0.9479,0.0521,0.3438
2025-04-25,550.64,0.7711,0.2289,0.3695
2025-04-28,550.85,0.6246,0.3754,0.3902
2025-04-29,554.32,0.3195,0.6805,0.392
2025-04-30,554.54,0.7202,0.2798,0.3976
2025-05-01,558.47,0.251,0.749,0.3867
2025-05-02,566.76,0.9997,0.0003,0.3567
2025-05-05,563.51,1.0,0.0,0.3863
2025-05-06,558.8,0.9839,0.0161,0.4375
2025-05-07,561.15,0.9999,0.0001,0.3587
2025-05-08,565.06,0.9544,0.0456,0.4026
2025-05-09,564.34,0.9943,0.0057,0.4051
2025-05-12,582.99,1.0,0.0,0.2397
2025-05-13,586.84,1.0,0.0,0.2604
2025-05-14,587.59,0.9999,0.0001,0.2771
2025-05-15,590.46,0.9999,0.0001,0.2599
2025-05-16,594.2,1.0,0.0,0.2487
2025-05-19,594.85,0.9999,0.0001,0.2568
2025-05-20,592.85,0.9995,0.0005,0.3063
2025-05-21,582.86,0.9384,0.0616,0.4131
2025-05-22,583.09,0.7918,0.2082,0.3787
2025-05-23,579.11,0.5938,0.4062,0.4455
2025-05-27,591.15,0.9904,0.0096,0.3528
2025-05-28,587.73,0.8659,0.1341,0.4199
2025-05-29,590.05,0.9442,0.0558,0.3841
2025-05-30,589.39,0.7249,0.2751,0.4074
2025-06-02,592.71,0.9186,0.0814,0.3859
2025-06-03,596.09,0.7958,0.2042,0.3831
2025-06-04,595.93,0.8296,0.1704,0.3857
2025-06-05,593.05,0.6436,0.3564,0.4247
2025-06-06,599.14,0.7968,0.2032,0.3679
2025-06-09,599.68,0.6316,0.3684,0.3851
2025-06-10,603.08,0.8588,0.1412,0.3732
2025-06-11,601.36,0.9084,0.0916,0.3975
2025-06-12,603.75,0.9673,0.0327,0.3837
2025-06-13,597.0,0.8554,0.1446,0.4206
2025-06-16,602.68,0.7944,0.2056,0.4068
2025-06-17,597.53,0.8475,0.1525,0.4187
2025-06-18,597.44,0.8348,0.1652,0.4446
2025-06-20,594.28,0.3235,0.6765,0.449
2025-06-23,600.15,0.9628,0.0372,0.4354
2025-06-24,606.78,0.9352,0.0648,0.3892
2025-06-25,607.12,0.9795,0.0205,0.3944
2025-06-26,611.87,0.9959,0.0041,0.3649
2025-06-27,614.91,0.9993,0.0007,0.354
2025-06-30,617.85,0.9988,0.0012,0.3515
2025-07-01,617.65,0.9894,0.0106,0.3681
2025-07-02,620.45,0.9934,0.0066,0.3548
2025-07-03,625.34,0.9934,0.0066,0.3362
2025-07-07,620.68,0.9458,0.0542,0.3885
2025-07-08,620.34,0.9161,0.0839,0.3983
2025-07-09,624.06,0.9803,0.0197,0.3653
2025-07-10,625.82,0.9845,0.0155,0.363
2025-07-11,623.62,0.9043,0.0957,0.4041
2025-07-14,624.81,0.8621,0.1379,0.3906
2025-07-15,622.14,0.8453,0.1547,0.4223
2025-07-16,624.22,0.6839,0.3161,0.4095
2025-07-17,628.04,0.9075,0.0925,0.3925
2025-07-18,627.58,0.9222,0.0778,0.4008
2025-07-21,628.77,0.9253,0.0747,0.3945
2025-07-22,628.86,0.6777,0.3223,0.3947
2025-07-23,634.21,0.7632,0.2368,0.3661
2025-07-24,634.42,0.8562,0.1438,0.3769
2025-07-25,637.1,0.9074,0.0926,0.3643
2025-07-28,636.94,0.7848,0.2152,0.3794
2025-07-29,635.26,0.8253,0.1747,0.3925
2025-07-30,634.46,0.8115,0.1885,0.4105
2025-07-31,632.08,0.6787,0.3213,0.4359
2025-08-01,621.72,0.5827,0.4173,0.3297
2025-08-04,631.17,0.978,0.022,0.4174
2025-08-05,627.97,0.5814,0.4186,0.4439
2025-08-06,632.78,0.9856,0.0144,0.4381
2025-08-07,632.25,0.9739,0.0261,0.4516
2025-08-08,637.18,0.9987,0.0013,0.3873
2025-08-11,635.92,0.9606,0.0394,0.4299
2025-08-12,642.69,0.9821,0.0179,0.3664
2025-08-13,644.89,0.9867,0.0133,0.3706
2025-08-14,644.95,0.9923,0.0077,0.3839
2025-08-15,643.44,0.9705,0.0295,0.4043
2025-08-18,643.3,0.9725,0.0275,0.4046
2025-08-19,639.81,0.8159,0.1841,0.4514
2025-08-20,638.11,0.17,0.83,0.4284
2025-08-21,635.55,0.0985,0.9015,0.4076
2025-08-22,645.31,0.9418,0.0582,0.3888
2025-08-25,642.47,0.0803,0.9197,0.4567
2025-08-26,645.16,0.6808,0.3192,0.4212
2025-08-27,646.63,0.7827,0.2173,0.4213
2025-08-28,648.92,0.9431,0.0569,0.4006
2025-08-29,645.05,0.5828,0.4172,0.4549
2025-09-02,640.27,0.6284,0.3716,0.4236
2025-09-03,643.74,0.754,0.246,0.4516
2025-09-04,649.12,0.9339,0.0661,0.412
2025-09-05,647.24,0.8536,0.1464,0.4479
2025-09-08,648.83,0.959,0.041,0.422
2025-09-09,650.33,0.9829,0.0171,0.4121
2025-09-10,652.21,0.9277,0.0723,0.4051
2025-09-11,657.63,0.9322,0.0678,0.3754
2025-09-12,657.41,0.972,0.028,0.3942
2025-09-15,660.91,0.9926,0.0074,0.386
2025-09-16,660.0,0.9587,0.0413,0.3989
2025-09-17,659.18,0.916,0.084,0.4116
2025-09-18,662.26,0.9542,0.0458,0.3912
2025-09-19,663.7,0.9111,0.0889,0.396
2025-09-22,666.84,0.395,0.605,0.3755
2025-09-23,663.21,0.6791,0.3209,0.4093
2025-09-24,661.1,0.7411,0.2589,0.4207
2025-09-25,658.05,0.3902,0.6098,0.43
2025-09-26,661.82,0.9454,0.0546,0.4207
2025-09-29,663.68,0.9315,0.0685,0.4253
2025-09-30,666.18,0.9162,0.0838,0.409
2025-10-01,668.45,0.7571,0.2429,0.3946
2025-10-02,669.22,0.6381,0.3619,0.3901
2025-10-03,669.21,0.253,0.747,0.3981
2025-10-06,671.61,0.287,0.713,0.3929
2025-10-07,669.12,0.3584,0.6416,0.4165
2025-10-08,673.11,0.7108,0.2892,0.3995
2025-10-09,671.16,0.6956,0.3044,0.4181
2025-10-10,653.02,0.3744,0.6256,0.2635
2025-10-13,663.04,0.9427,0.0573,0.3855
2025-10-14,662.23,0.8472,0.1528,0.4179
2025-10-15,665.17,0.4933,0.5067,0.4244
2025-10-16,660.64,0.9428,0.0572,0.3497
2025-10-17,664.39,0.5452,0.4548,0.4082
2025-10-20,671.3,0.9611,0.0389,0.4254
2025-10-21,671.29,0.9007,0.0993,0.4322
2025-10-22,667.8,0.9526,0.0474,0.4677
2025-10-23,671.76,0.9603,0.0397,0.4277
2025-10-24,677.25,0.9349,0.0651,0.3984
2025-10-27,685.24,0.9894,0.0106,0.3586
2025-10-28,687.06,0.9957,0.0043,0.3658
2025-10-29,687.39,0.9975,0.0025,0.3694
2025-10-30,679.83,0.9179,0.0821,0.4432
2025-10-31,682.06,0.9806,0.0194,0.4071
2025-11-03,683.34,0.6497,0.3503,0.4198
2025-11-04,675.24,0.6935,0.3065,0.4441
2025-11-05,677.58,0.5083,0.4917,0.434
2025-11-06,670.31,0.6489,0.3511,0.4268
2025-11-07,670.97,0.4137,0.5863,0.4691
2025-11-10,681.44,0.9256,0.0744,0.417
2025-11-11,683.0,0.9924,0.0076,0.4235
2025-11-12,683.38,0.9218,0.0782,0.4193
2025-11-13,672.04,0.9704,0.0296,0.4341
2025-11-14,671.93,0.7354,0.2646,0.4511
2025-11-17,665.67,0.4641,0.5359,0.3399
2025-11-18,660.08,0.3309,0.6691,0.3345
2025-11-19,662.63,0.0795,0.9205,0.4017
2025-11-20,652.53,0.2076,0.7924,0.3113
2025-11-21,659.03,0.0367,0.9633,0.3888
2025-11-24,668.73,0.5147,0.4853,0.3994
2025-11-25,675.02,0.9586,0.0414,0.4041
2025-11-26,679.68,0.9957,0.0043,0.4162
2025-11-28,683.39,0.9999,0.0001,0.3882
2025-12-01,680.27,0.9539,0.0461,0.4161
2025-12-02,681.53,0.9685,0.0315,0.4256
2025-12-03,683.89,0.8254,0.1746,0.4132
2025-12-04,684.39,0.5372,0.4628,0.4184
2025-12-05,685.69,0.5708,0.4292,0.4072
2025-12-08,683.63,0.6049,0.3951,0.4209
2025-12-09,683.04,0.0807,0.9193,0.4341
2025-12-10,687.57,0.3322,0.6678,0.4095
2025-12-11,689.17,0.5221,0.4779,0.4037
2025-12-12,681.76,0.2425,0.7575,0.4531
2025-12-15,680.73,0.2079,0.7921,0.4561
2025-12-16,678.87,0.4156,0.5844,0.4647
2025-12-17,671.4,0.4869,0.5131,0.4593
2025-12-18,676.47,0.4815,0.5185,0.4343
2025-12-19,680.59,0.9645,0.0355,0.448
2025-12-22,684.83,0.9398,0.0602,0.4224
2025-12-23,687.96,0.9451,0.0549,0.4005
2025-12-24,690.38,0.992,0.008,0.3924
2025-12-26,690.31,0.6818,0.3182,0.399
2025-12-29,687.85,0.6477,0.3523,0.4285
2025-12-30,687.01,0.8269,0.1731,0.4347
2025-12-31,681.92,0.0291,0.9709,0.426
2026-01-02,683.17,0.02,0.98,0.4404
2026-01-05,687.72,0.7891,0.2109,0.4332
2026-01-06,691.81,0.9239,0.0761,0.4189
2026-01-07,689.58,0.9691,0.0309,0.4464
2026-01-08,689.51,0.9843,0.0157,0.4412
2026-01-09,694.07,0.9563,0.0437,0.4067
2026-01-12,695.16,0.9502,0.0498,0.415
2026-01-13,693.77,0.9501,0.0499,0.437
2026-01-14,690.36,0.9486,0.0514,0.4529
2026-01-15,692.24,0.9456,0.0544,0.4452
2026-01-16,691.66,0.9472,0.0528,0.457
2026-01-20,677.58,0.3621,0.6379,0.2976
2026-01-21,685.4,0.8278,0.1722,0.4114
2026-01-22,688.98,0.9868,0.0132,0.4486
2026-01-23,689.23,0.9671,0.0329,0.4667
2026-01-26,692.73,0.99,0.01,0.435
2026-01-27,695.49,0.9987,0.0013,0.4154
2026-01-28,695.42,0.7403,0.2597,0.4292
2026-01-29,694.04,0.5677,0.4323,0.4473
2026-01-30,691.97,0.8683,0.1317,0.4617
2026-02-02,695.41,0.715,0.285,0.4348
2026-02-03,689.53,0.4813,0.5187,0.4465
2026-02-04,686.19,0.137,0.863,0.4152
2026-02-05,677.62,0.3956,0.6044,0.3003
2026-02-06,690.62,0.999,0.001,0.3961
2026-02-09,693.95,0.9657,0.0343,0.4513
2026-02-10,692.12,0.9761,0.0239,0.4653
2026-02-11,691.96,0.9932,0.0068,0.4481
2026-02-12,681.27,0.4843,0.5157,0.3308
2026-02-13,681.75,0.3594,0.6406,0.3903
2026-02-17,682.85,0.4204,0.5796,0.4075
2026-02-18,686.29,0.2456,0.7544,0.4496
2026-02-19,684.48,0.3673,0.6327,0.4354
2026-02-20,689.43,0.9964,0.0036,0.4452
2026-02-23,682.39,0.3818,0.6182,0.3754
2026-02-24,687.35,0.7117,0.2883,0.4244
2026-02-25,693.15,0.9978,0.0022,0.4327
2026-02-26,689.3,0.9786,0.0214,0.4496
2026-02-27,685.99,0.4519,0.5481,0.412
2026-03-02,686.38,0.4758,0.5242,0.4021
2026-03-03,680.33,0.5626,0.4374,0.3477
2026-03-04,685.13,0.7421,0.2579,0.4263
2026-03-05,681.31,0.4759,0.5241,0.3636
2026-03-06,672.38,0.5526,0.4474,0.2631
2026-03-09,678.27,0.2019,0.7981,0.389
2026-03-10,677.18,0.7439,0.2561,0.3939
2026-03-11,676.33,0.6875,0.3125,0.3968
2026-03-12,666.06,0.5007,0.4993,0.3096
2026-03-13,662.29,0.4127,0.5873,0.3637
2026-03-16,669.03,0.8383,0.1617,0.3885
2026-03-17,670.79,0.9621,0.0379,0.406
2026-03-18,661.43,0.6844,0.3156,0.3314
2026-03-19,659.8,0.6527,0.3473,0.3699
2026-03-20,648.57,0.7592,0.2408,0.3125
2026-03-23,655.38,0.9925,0.0075,0.3398
2026-03-24,653.18,0.8942,0.1058,0.3369
2026-03-25,656.82,0.9944,0.0056,0.3574
2026-03-26,645.09,0.9221,0.0779,0.32
2026-03-27,634.09,0.1351,0.8649,0.2764
2026-03-30,631.97,0.838,0.162,0.281
2026-03-31,650.34,0.9988,0.0012,0.3539
2026-04-01,655.24,0.7444,0.2556,0.3809
2026-04-02,655.83,0.654,0.346,0.3874
2026-04-06,658.93,0.985,0.015,0.4049
2026-04-07,659.22,0.9662,0.0338,0.3945
2026-04-08,676.01,1.0,0.0,0.3381
2026-04-09,679.91,0.9999,0.0001,0.3609
2026-04-10,679.46,0.9969,0.0031,0.3697
2026-04-13,686.1,0.9997,0.0003,0.3372
2026-04-14,694.46,0.9999,0.0001,0.3103
2026-04-15,699.94,0.9995,0.0005,0.3019
2026-04-16,701.66,0.9968,0.0032,0.3108
2026-04-17,710.14,0.9999,0.0001,0.269
2026-04-20,708.72,0.9998,0.0002,0.2962
2026-04-21,704.08,0.9862,0.0138,0.3392
2026-04-22,711.21,0.9974,0.0026,0.2995
2026-04-23,708.45,0.9798,0.0202,0.3437
2026-04-24,713.94,0.9796,0.0204,0.3142
2026-04-27,715.17,0.9583,0.0417,0.3167
2026-04-28,711.69,0.9769,0.0231,0.3386
2026-04-29,711.58,0.9945,0.0055,0.3534
2026-04-30,718.66,0.9966,0.0034,0.3233
2026-05-01,720.65,0.9984,0.0016,0.3266
2026-05-04,718.01,0.9902,0.0098,0.3637
2026-05-05,723.77,0.9807,0.0193,0.3346
2026-05-06,733.83,0.9973,0.0027,0.291
2026-05-07,731.58,0.9904,0.0096,0.3427
2026-05-08,737.62,0.9836,0.0164,0.3071
2026-05-11,739.3,0.9931,0.0069,0.3216
2026-05-12,738.18,0.7929,0.2071,0.3562
2026-05-13,742.31,0.5765,0.4235,0.3408
