date,close,prob,equity
2025-06-02,592.71,0.2526,1000000.0
2025-06-03,596.09,0.2334,1002851.31
2025-06-04,595.93,0.2703,1002717.1
2025-06-05,593.05,0.1736,1000300.71
2025-06-06,599.14,0.2556,1005435.19
2025-06-09,599.68,0.3172,1005885.83
2025-06-10,603.08,0.1356,1005885.83
2025-06-11,601.36,0.1502,1003033.8
2025-06-12,603.75,0.0948,1005020.97
2025-06-13,597.0,0.2078,993840.84
2025-06-16,602.68,0.0802,998597.96
2025-06-17,597.53,0.2551,994284.73
2025-06-18,597.44,0.2108,994209.42
2025-06-20,594.28,0.1945,991564.8
2025-06-23,600.15,0.0609,996503.55
2025-06-24,606.78,0.1147,1002081.73
2025-06-25,607.12,0.0828,1002642.07
2025-06-26,611.87,0.048,1010465.89
2025-06-27,614.91,0.0369,1015434.26
2025-06-30,617.85,0.0256,1020215.45
2025-07-01,617.65,0.0632,1019891.75
2025-07-02,620.45,0.0569,1024425.06
2025-07-03,625.34,0.0527,1032306.44
2025-07-07,620.68,0.1008,1024854.49
2025-07-08,620.34,0.0828,1024306.7
2025-07-09,624.06,0.0477,1030303.42
2025-07-10,625.82,0.0388,1033123.66
2025-07-11,623.62,0.0996,1029608.27
2025-07-14,624.81,0.0536,1031516.48
2025-07-15,622.14,0.0507,1027243.18
2025-07-16,624.22,0.0111,1030586.48
2025-07-17,628.04,0.0247,1036706.12
2025-07-18,627.58,0.0453,1035973.68
2025-07-21,628.77,0.0444,1037869.86
2025-07-22,628.86,0.0448,1038012.99
2025-07-23,634.21,0.0258,1046520.45
2025-07-24,634.42,0.0307,1046851.57
2025-07-25,637.1,0.0318,1051075.9
2025-07-28,636.94,0.038,1050824.76
2025-07-29,635.26,0.0461,1048187.15
2025-07-30,634.46,0.0375,1046927.83
2025-07-31,632.08,0.0187,1043176.6
2025-08-01,621.72,0.0191,1026786.27
2025-08-04,631.17,0.0721,1041986.04
2025-08-05,627.97,0.2299,1036916.09
2025-08-06,632.78,0.1335,1040745.89
2025-08-07,632.25,0.1258,1039908.32
2025-08-08,637.18,0.0771,1047705.87
2025-08-11,635.92,0.093,1045728.41
2025-08-12,642.69,0.0728,1056374.4
2025-08-13,644.89,0.0666,1059797.51
2025-08-14,644.95,0.0581,1059890.55
2025-08-15,643.44,0.0644,1057549.28
2025-08-18,643.3,0.062,1057331.7
2025-08-19,639.81,0.0753,1051906.55
2025-08-20,638.11,0.0289,1049249.51
2025-08-21,635.55,0.2108,1045237.66
2025-08-22,645.31,0.0078,1052916.05
2025-08-25,642.47,0.139,1048515.07
2025-08-26,645.16,0.0465,1052702.03
2025-08-27,646.63,0.0529,1054980.54
2025-08-28,648.92,0.0553,1058521.98
2025-08-29,645.05,0.1018,1052558.22
2025-09-02,640.27,0.1065,1045147.94
2025-09-03,643.74,0.0909,1050567.53
2025-09-04,649.12,0.0553,1058924.94
2025-09-05,647.24,0.0461,1056028.71
2025-09-08,648.83,0.0575,1058485.3
2025-09-09,650.33,0.0619,1060797.15
2025-09-10,652.21,0.0328,1063687.99
2025-09-11,657.63,0.0348,1071998.2
2025-09-12,657.41,0.0575,1071663.66
2025-09-15,660.91,0.0518,1076987.59
2025-09-16,660.0,0.0965,1075610.7
2025-09-17,659.18,0.041,1074368.27
2025-09-18,662.26,0.0432,1079040.75
2025-09-19,663.7,0.0331,1081215.12
2025-09-22,666.84,0.0717,1085946.17
2025-09-23,663.21,0.082,1080502.59
2025-09-24,661.1,0.1789,1077321.09
2025-09-25,658.05,0.1143,1075014.33
2025-09-26,661.82,0.1155,1080743.38
2025-09-29,663.68,0.1267,1083553.81
2025-09-30,666.18,0.0615,1087320.68
2025-10-01,668.45,0.1002,1090728.17
2025-10-02,669.22,0.0846,1091880.09
2025-10-03,669.21,0.0555,1091865.15
2025-10-06,671.61,0.0724,1095451.47
2025-10-07,669.12,0.1122,1091743.96
2025-10-08,673.11,0.0486,1097707.01
2025-10-09,671.16,0.068,1094810.01
2025-10-10,653.02,0.0273,1067782.18
2025-10-13,663.04,0.1755,1083126.27
2025-10-14,662.23,0.2008,1082515.45
2025-10-15,665.17,0.1877,1084735.22
2025-10-16,660.64,0.1273,1081330.08
2025-10-17,664.39,0.1164,1087006.39
2025-10-20,671.3,0.1007,1097406.91
2025-10-21,671.29,0.1336,1097392.01
2025-10-22,667.8,0.2021,1092193.07
2025-10-23,671.76,0.1242,1095158.03
2025-10-24,677.25,0.0965,1103330.59
2025-10-27,685.24,0.0501,1115128.3
2025-10-28,687.06,0.0623,1117784.31
2025-10-29,687.39,0.0456,1118264.61
2025-10-30,679.83,0.188,1107266.49
2025-10-31,682.06,0.0711,1108906.61
2025-11-03,683.34,0.1842,1110783.27
2025-11-04,675.24,0.3217,1104856.5
2025-11-05,677.58,0.2234,1104856.5
2025-11-06,670.31,0.377,1099491.82
2025-11-07,670.97,0.2554,1099491.82
2025-11-10,681.44,0.2072,1107293.96
2025-11-11,683.0,0.2784,1108438.59
2025-11-12,683.38,0.2829,1108716.78
2025-11-13,672.04,0.3652,1100419.78
2025-11-14,671.93,0.2523,1100419.78
2025-11-17,665.67,0.2297,1095761.56
2025-11-18,660.08,0.1015,1091562.78
2025-11-19,662.63,0.1193,1095425.95
2025-11-20,652.53,0.0244,1080183.66
2025-11-21,659.03,0.037,1090144.89
2025-11-24,668.73,0.1294,1104863.49
2025-11-25,675.02,0.1312,1114269.38
2025-11-26,679.68,0.153,1121172.88
2025-11-28,683.39,0.1786,1123902.1
2025-12-01,680.27,0.1916,1121619.36
2025-12-02,681.53,0.1837,1122545.47
2025-12-03,683.89,0.1989,1124276.87
2025-12-04,684.39,0.1454,1124642.42
2025-12-05,685.69,0.1129,1126541.92
2025-12-08,683.63,0.1594,1123537.65
2025-12-09,683.04,0.1026,1123106.13
2025-12-10,687.57,0.0272,1129738.25
2025-12-11,689.17,0.026,1132065.28
2025-12-12,681.76,0.0359,1121313.22
2025-12-15,680.73,0.0758,1119802.42
2025-12-16,678.87,0.0237,1117070.06
2025-12-17,671.4,0.0989,1106066.48
2025-12-18,676.47,0.0357,1113617.87
2025-12-19,680.59,0.0434,1119708.31
2025-12-22,684.83,0.0574,1125938.2
2025-12-23,687.96,0.0552,1130508.67
2025-12-24,690.38,0.1059,1134026.32
2025-12-26,690.31,0.0823,1133924.93
2025-12-29,687.85,0.0638,1130361.31
2025-12-30,687.01,0.1247,1129140.11
2025-12-31,681.92,0.1765,1121731.2
2026-01-02,683.17,0.0421,1122647.73
2026-01-05,687.72,0.038,1129307.85
2026-01-06,691.81,0.0283,1135255.04
2026-01-07,689.58,0.0538,1132031.61
2026-01-08,689.51,0.0553,1131930.1
2026-01-09,694.07,0.0224,1138543.49
2026-01-12,695.16,0.0389,1140113.94
2026-01-13,693.77,0.0665,1138114.4
2026-01-14,690.36,0.0533,1133199.23
2026-01-15,692.24,0.0975,1135922.45
2026-01-16,691.66,0.1313,1135084.59
2026-01-20,677.58,0.0999,1114727.76
2026-01-21,685.4,0.0295,1126268.84
2026-01-22,688.98,0.2206,1131492.06
2026-01-23,689.23,0.3871,1131673.49
2026-01-26,692.73,0.1999,1131673.49
2026-01-27,695.49,0.1522,1133665.61
2026-01-28,695.42,0.1152,1133615.28
2026-01-29,694.04,0.0805,1131630.87
2026-01-30,691.97,0.1112,1128648.33
2026-02-02,695.41,0.1672,1133619.65
2026-02-03,689.53,0.1987,1129391.93
2026-02-04,686.19,0.18,1126969.99
2026-02-05,677.62,0.0865,1120725.36
2026-02-06,690.62,0.0913,1139910.15
2026-02-09,693.95,0.2414,1144731.91
2026-02-10,692.12,0.2991,1143413.37
2026-02-11,691.96,0.2334,1143297.78
2026-02-12,681.27,0.1497,1135573.35
2026-02-13,681.75,0.1801,1136277.92
2026-02-17,682.85,0.2282,1137084.66
2026-02-18,686.29,0.3366,1139603.52
2026-02-19,684.48,0.4873,1139603.52
2026-02-20,689.43,0.0635,1139603.52
2026-02-23,682.39,0.1584,1129392.18
2026-02-24,687.35,0.1772,1133026.47
2026-02-25,693.15,0.1306,1137245.57
2026-02-26,689.3,0.1955,1131691.22
2026-02-27,685.99,0.2823,1129290.23
2026-03-02,686.38,0.188,1129574.49
2026-03-03,680.33,0.121,1125167.31
2026-03-04,685.13,0.2141,1132222.71
2026-03-05,681.31,0.1294,1129434.92
2026-03-06,672.38,0.1649,1116327.82
2026-03-09,678.27,0.128,1120707.78
2026-03-10,677.18,0.2717,1119100.75
2026-03-11,676.33,0.3839,1118473.15
2026-03-12,666.06,0.1388,1118473.15
2026-03-13,662.29,0.1674,1112813.0
2026-03-16,669.03,0.212,1117901.4
2026-03-17,670.79,0.2414,1119216.74
2026-03-18,661.43,0.3429,1112239.89
2026-03-19,659.8,0.1169,1112239.89
2026-03-20,648.57,0.0372,1095219.58
2026-03-23,655.38,0.0489,1105719.61
2026-03-24,653.18,0.1394,1102362.77
2026-03-25,656.82,0.1348,1107935.51
2026-03-26,645.09,0.1494,1090076.74
2026-03-27,634.09,0.1123,1073024.85
2026-03-30,631.97,0.0774,1069681.48
2026-03-31,650.34,0.0095,1098749.31
2026-04-01,655.24,0.1099,1106283.83
2026-04-02,655.83,0.3621,1107184.27
2026-04-06,658.93,0.4663,1107184.27
2026-04-07,659.22,0.2639,1107184.27
2026-04-08,676.01,0.019,1119919.02
2026-04-09,679.91,0.0519,1125688.16
2026-04-10,679.46,0.0961,1125026.31
2026-04-13,686.1,0.0546,1134798.78
2026-04-14,694.46,0.0588,1146983.59
2026-04-15,699.94,0.0619,1154874.61
2026-04-16,701.66,0.0364,1157331.96
2026-04-17,710.14,0.0259,1169417.59
2026-04-20,708.72,0.0728,1167417.98
2026-04-21,704.08,0.1193,1160870.97
2026-04-22,711.21,0.0674,1170997.66
2026-04-23,708.45,0.095,1167116.95
2026-04-24,713.94,0.0717,1174866.26
2026-04-27,715.17,0.1137,1176589.1
2026-04-28,711.69,0.1089,1171723.12
