date,close,nn_prob
2020-01-02,324.87,0.000313
2020-01-03,322.41,0.000462
2020-01-06,323.64,0.001343
2020-01-07,322.73,0.004891
2020-01-08,324.45,0.001841
2020-01-09,326.65,0.005923
2020-01-10,325.71,0.010775
2020-01-13,327.95,0.018758
2020-01-14,327.45,0.019808
2020-01-15,328.19,0.019033
2020-01-16,330.92,0.026878
2020-01-17,331.95,0.00995
2020-01-21,331.3,0.025048
2020-01-22,331.34,0.041224
2020-01-23,331.72,0.016633
2020-01-24,328.77,0.011893
2020-01-27,323.5,0.05307
2020-01-28,326.89,0.029047
2020-01-29,326.62,0.053969
2020-01-30,327.68,0.018902
2020-01-31,321.73,0.277453
2020-02-03,324.12,0.479391
2020-02-04,329.06,0.406771
2020-02-05,332.86,0.310373
2020-02-06,333.98,0.481729
2020-02-07,332.2,0.441733
2020-02-10,334.68,0.537547
2020-02-11,335.26,0.527519
2020-02-12,337.42,0.597904
2020-02-13,337.06,0.667756
2020-02-14,337.6,0.712026
2020-02-18,336.73,0.735041
2020-02-19,338.34,0.76913
2020-02-20,336.95,0.752936
2020-02-21,333.48,0.785328
2020-02-24,322.42,0.888362
2020-02-25,312.65,0.939476
2020-02-26,311.5,0.918064
2020-02-27,297.51,0.968246
2020-02-28,296.26,0.725529
2020-03-02,309.09,0.811166
2020-03-03,300.24,0.981883
2020-03-04,312.86,0.968677
2020-03-05,302.46,0.994279
2020-03-06,297.46,0.994528
2020-03-09,274.23,0.999246
2020-03-10,288.42,0.987056
2020-03-11,274.36,0.998187
2020-03-12,248.11,0.999617
2020-03-13,269.32,0.954484
2020-03-16,239.85,0.998949
2020-03-17,252.8,0.941731
2020-03-18,240.0,0.950048
2020-03-19,240.51,0.781714
2020-03-20,228.8,0.852578
2020-03-23,222.95,0.343794
2020-03-24,243.15,0.066328
2020-03-25,246.79,0.033713
2020-03-26,261.2,0.07684
2020-03-27,253.42,0.158593
2020-03-30,261.65,0.510253
2020-03-31,257.75,0.429499
2020-04-01,246.15,0.228565
2020-04-02,251.83,0.134628
2020-04-03,248.19,0.186118
2020-04-06,264.86,0.090823
2020-04-07,265.13,0.165857
2020-04-08,274.03,0.190288
2020-04-09,278.2,0.187621
2020-04-13,275.66,0.320951
2020-04-14,283.79,0.251548
2020-04-15,277.76,0.282496
2020-04-16,279.1,0.316761
2020-04-17,286.64,0.32065
2020-04-20,281.59,0.344522
2020-04-21,273.04,0.398
2020-04-22,279.1,0.31238
2020-04-23,279.08,0.330497
2020-04-24,282.97,0.300083
2020-04-27,287.05,0.281235
2020-04-28,285.73,0.303038
2020-04-29,293.21,0.265127
2020-04-30,290.48,0.335757
2020-05-01,282.79,0.374654
2020-05-04,283.57,0.389804
2020-05-05,286.19,0.32886
2020-05-06,284.25,0.407927
2020-05-07,287.68,0.358421
2020-05-08,292.44,0.176453
2020-05-11,292.5,0.204938
2020-05-12,286.67,0.418411
2020-05-13,281.6,0.306578
2020-05-14,284.97,0.216414
2020-05-15,286.28,0.229264
2020-05-18,295.0,0.051125
2020-05-19,291.97,0.32761
2020-05-20,296.93,0.236708
2020-05-21,294.88,0.263422
2020-05-22,295.44,0.285643
2020-05-26,299.08,0.28818
2020-05-27,303.53,0.241286
2020-05-28,302.97,0.294014
2020-05-29,304.32,0.213754
2020-06-01,305.55,0.392279
2020-06-02,308.08,0.34532
2020-06-03,312.18,0.265407
2020-06-04,311.36,0.395143
2020-06-05,319.34,0.108732
2020-06-08,323.2,0.377414
2020-06-09,320.79,0.43278
2020-06-10,319.0,0.462267
2020-06-11,300.61,0.56964
2020-06-12,304.21,0.370033
2020-06-15,307.05,0.567368
2020-06-16,312.96,0.435181
2020-06-17,311.66,0.556663
2020-06-18,311.78,0.468869
2020-06-19,308.64,0.442053
2020-06-22,310.62,0.45128
2020-06-23,312.05,0.527964
2020-06-24,304.09,0.469503
2020-06-25,307.35,0.448878
2020-06-26,300.05,0.360064
2020-06-29,304.46,0.314146
2020-06-30,308.36,0.157141
2020-07-01,310.52,0.265833
2020-07-02,312.23,0.25535
2020-07-06,317.05,0.179559
2020-07-07,313.78,0.166069
2020-07-08,316.18,0.147308
2020-07-09,314.38,0.210665
2020-07-10,317.59,0.199414
2020-07-13,314.84,0.111288
2020-07-14,318.92,0.034808
2020-07-15,321.85,0.032547
2020-07-16,320.79,0.06446
2020-07-17,321.72,0.067127
2020-07-20,324.32,0.048863
2020-07-21,325.01,0.046573
2020-07-22,326.86,0.033507
2020-07-23,322.96,0.112134
2020-07-24,320.88,0.099286
2020-07-27,323.22,0.259987
2020-07-28,321.17,0.176547
2020-07-29,325.12,0.079203
2020-07-30,323.96,0.068994
2020-07-31,326.52,0.008543
2020-08-03,328.79,0.031207
2020-08-04,330.06,0.031957
2020-08-05,332.11,0.021664
2020-08-06,334.33,0.023514
2020-08-07,334.57,0.016452
2020-08-10,335.57,0.024194
2020-08-11,332.8,0.022348
2020-08-12,337.44,0.017886
2020-08-13,336.83,0.045128
2020-08-14,336.84,0.056299
2020-08-17,337.91,0.03091
2020-08-18,338.64,0.026353
2020-08-19,337.23,0.016281
2020-08-20,338.28,0.033768
2020-08-21,339.48,0.049745
2020-08-24,342.92,0.042159
2020-08-25,344.12,0.154559
2020-08-26,347.57,0.088136
2020-08-27,348.33,0.109508
2020-08-28,350.58,0.177041
2020-08-31,349.31,0.187747
2020-09-01,352.6,0.209179
2020-09-02,357.7,0.191004
2020-09-03,345.39,0.246528
2020-09-04,342.57,0.477354
2020-09-08,333.21,0.816302
2020-09-09,339.79,0.597966
2020-09-10,333.89,0.87145
2020-09-11,334.06,0.77145
2020-09-14,338.46,0.672626
2020-09-15,340.17,0.817463
2020-09-16,338.82,0.661277
2020-09-17,335.84,0.648338
2020-09-18,330.65,0.49883
2020-09-21,326.97,0.364465
2020-09-22,330.3,0.31306
2020-09-23,322.64,0.322109
2020-09-24,323.5,0.198486
2020-09-25,328.73,0.168118
2020-09-28,334.19,0.303007
2020-09-29,332.37,0.407894
2020-09-30,334.89,0.100201
2020-10-01,337.04,0.102718
2020-10-02,333.84,0.187564
2020-10-05,339.76,0.190871
2020-10-06,334.93,0.245147
2020-10-07,340.76,0.119663
2020-10-08,343.78,0.135202
2020-10-09,346.85,0.082018
2020-10-12,352.43,0.064079
2020-10-13,350.13,0.177137
2020-10-14,347.93,0.238748
2020-10-15,347.5,0.243139
2020-10-16,347.29,0.192238
2020-10-19,342.01,0.507615
2020-10-20,343.38,0.492567
2020-10-21,342.73,0.520444
2020-10-22,344.61,0.524231
2020-10-23,345.78,0.533228
2020-10-26,339.39,0.460513
2020-10-27,338.22,0.586345
2020-10-28,326.66,0.311366
2020-10-29,329.98,0.248527
2020-10-30,326.54,0.184471
2020-11-02,330.2,0.203962
2020-11-03,336.03,0.209275
2020-11-04,343.54,0.086222
2020-11-05,350.24,0.23292
2020-11-06,350.16,0.309296
2020-11-09,354.56,0.031923
2020-11-10,354.04,0.340606
2020-11-11,356.67,0.34548
2020-11-12,353.21,0.427422
2020-11-13,358.1,0.273542
2020-11-16,362.57,0.299727
2020-11-17,360.62,0.329037
2020-11-18,356.28,0.460195
2020-11-19,357.78,0.30102
2020-11-20,355.33,0.390911
2020-11-23,357.46,0.366926
2020-11-24,363.22,0.113438
2020-11-25,362.66,0.217805
2020-11-27,363.67,0.174578
2020-11-30,362.06,0.075507
2020-12-01,366.02,0.072086
2020-12-02,366.79,0.104465
2020-12-03,366.69,0.062529
2020-12-04,369.85,0.030582
2020-12-07,369.09,0.054513
2020-12-08,370.17,0.049162
2020-12-09,366.85,0.056395
2020-12-10,366.73,0.087468
2020-12-11,366.3,0.112063
2020-12-14,364.66,0.085396
2020-12-15,369.59,0.019052
2020-12-16,370.17,0.035808
2020-12-17,372.24,0.030322
2020-12-18,369.18,0.004278
2020-12-21,367.86,0.046755
2020-12-22,367.24,0.431445
2020-12-23,367.57,0.463175
2020-12-24,369.0,0.536526
2020-12-28,372.17,0.147691
2020-12-29,371.46,0.12734
2020-12-30,371.99,0.097005
2020-12-31,373.88,0.027146
2021-01-04,368.79,0.080184
2021-01-05,371.33,0.169616
2021-01-06,373.55,0.008983
2021-01-07,379.1,0.023925
2021-01-08,381.26,0.043741
2021-01-11,378.69,0.13943
2021-01-12,378.77,0.139856
2021-01-13,379.79,0.229816
2021-01-14,378.46,0.39863
2021-01-15,375.7,0.154293
2021-01-19,378.65,0.373549
2021-01-20,383.89,0.077646
2021-01-21,384.24,0.169155
2021-01-22,382.88,0.129166
2021-01-25,384.39,0.067118
2021-01-26,383.79,0.122187
2021-01-27,374.41,0.059498
2021-01-28,377.63,0.071587
2021-01-29,370.07,0.053763
2021-02-01,376.23,0.136786
2021-02-02,381.55,0.146843
2021-02-03,381.85,0.182351
2021-02-04,386.19,0.119719
2021-02-05,387.71,0.158876
2021-02-08,390.51,0.145647
2021-02-09,390.25,0.227847
2021-02-10,390.08,0.131086
2021-02-11,390.71,0.185776
2021-02-12,392.64,0.133746
2021-02-16,392.3,0.137395
2021-02-17,392.39,0.12024
2021-02-18,390.72,0.177765
2021-02-19,390.03,0.186434
2021-02-22,387.03,0.552284
2021-02-23,387.5,0.233654
2021-02-24,391.77,0.447845
2021-02-25,382.33,0.420124
2021-02-26,380.36,0.232339
2021-03-01,389.58,0.381962
2021-03-02,386.54,0.620492
2021-03-03,381.42,0.599542
2021-03-04,376.7,0.197425
2021-03-05,383.63,0.228456
2021-03-08,381.72,0.555496
2021-03-09,387.17,0.375791
2021-03-10,389.58,0.458079
2021-03-11,393.53,0.506797
2021-03-12,394.06,0.559126
2021-03-15,396.41,0.461157
2021-03-16,395.91,0.533547
2021-03-17,397.26,0.446261
2021-03-18,391.48,0.544907
2021-03-19,389.48,0.450137
2021-03-22,392.59,0.498382
2021-03-23,389.5,0.459429
2021-03-24,387.52,0.329169
2021-03-25,389.7,0.101584
2021-03-26,395.98,0.030027
2021-03-29,395.78,0.057386
2021-03-30,394.73,0.094885
2021-03-31,396.33,0.036301
2021-04-01,400.61,0.038805
2021-04-05,406.36,0.029783
2021-04-06,406.12,0.051592
2021-04-07,406.59,0.048007
2021-04-08,408.52,0.034064
2021-04-09,411.49,0.024402
2021-04-12,411.64,0.029869
2021-04-13,412.86,0.021316
2021-04-14,411.45,0.02592
2021-04-15,415.87,0.013469
2021-04-16,417.26,0.014482
2021-04-19,415.21,0.027966
2021-04-20,412.17,0.036381
2021-04-21,416.07,0.047697
2021-04-22,412.27,0.040635
2021-04-23,416.74,0.04764
2021-04-26,417.61,0.05446
2021-04-27,417.52,0.063025
2021-04-28,417.4,0.085402
2021-04-29,420.06,0.05356
2021-04-30,417.3,0.097038
2021-05-03,418.2,0.067758
2021-05-04,415.62,0.070881
2021-05-05,415.75,0.232776
2021-05-06,419.07,0.073116
2021-05-07,422.12,0.036899
2021-05-10,417.94,0.176913
2021-05-11,414.21,0.106495
2021-05-12,405.41,0.078207
2021-05-13,410.28,0.08862
2021-05-14,416.58,0.148023
2021-05-17,415.52,0.39145
2021-05-18,411.94,0.52691
2021-05-19,410.86,0.101565
2021-05-20,415.28,0.150603
2021-05-21,414.94,0.185694
2021-05-24,419.17,0.1251
2021-05-25,418.24,0.126758
2021-05-26,419.07,0.098603
2021-05-27,419.29,0.064266
2021-05-28,420.04,0.035228
2021-06-01,419.67,0.047278
2021-06-02,420.33,0.02792
2021-06-03,418.77,0.053353
2021-06-04,422.6,0.017636
2021-06-07,422.19,0.026741
2021-06-08,422.28,0.031043
2021-06-09,421.65,0.0396
2021-06-10,423.61,0.027289
2021-06-11,424.31,0.023947
2021-06-14,425.26,0.0215
2021-06-15,424.48,0.019723
2021-06-16,422.11,0.014709
2021-06-17,421.97,0.008997
2021-06-18,414.92,0.011347
2021-06-21,420.86,0.023495
2021-06-22,423.11,0.053564
2021-06-23,422.6,0.073549
2021-06-24,425.1,0.061637
2021-06-25,426.61,0.067868
2021-06-28,427.47,0.061655
2021-06-29,427.7,0.181433
2021-06-30,428.06,0.069982
2021-07-01,430.43,0.055461
2021-07-02,433.72,0.047719
2021-07-06,432.93,0.048974
2021-07-07,434.46,0.059034
2021-07-08,430.92,0.04683
2021-07-09,435.52,0.03724
2021-07-12,437.08,0.111315
2021-07-13,435.59,0.147807
2021-07-14,436.24,0.127235
2021-07-15,434.75,0.224936
2021-07-16,431.34,0.243446
2021-07-19,424.97,0.02427
2021-07-20,431.06,0.039703
2021-07-21,434.55,0.164727
2021-07-22,435.46,0.203966
2021-07-23,439.94,0.057445
2021-07-26,441.02,0.08098
2021-07-27,439.01,0.062008
2021-07-28,438.83,0.071502
2021-07-29,440.65,0.04929
2021-07-30,438.51,0.062631
2021-08-02,437.59,0.090973
2021-08-03,441.15,0.02093
2021-08-04,438.98,0.052907
2021-08-05,441.76,0.041619
2021-08-06,442.49,0.032389
2021-08-09,442.13,0.044128
2021-08-10,442.68,0.040888
2021-08-11,443.78,0.027009
2021-08-12,445.11,0.029061
2021-08-13,445.92,0.032553
2021-08-16,446.97,0.011116
2021-08-17,444.04,0.007593
2021-08-18,439.18,0.031562
2021-08-19,439.86,0.015729
2021-08-20,443.36,0.021399
2021-08-23,447.26,0.026466
2021-08-24,447.97,0.047435
2021-08-25,448.91,0.044609
2021-08-26,446.26,0.0831
2021-08-27,450.25,0.017859
2021-08-30,452.23,0.073121
2021-08-31,451.56,0.114438
2021-09-01,451.8,0.122012
2021-09-02,453.19,0.106362
2021-09-03,453.08,0.084632
2021-09-07,451.46,0.272193
2021-09-08,450.91,0.268916
2021-09-09,448.98,0.431063
2021-09-10,445.44,0.250672
2021-09-13,446.58,0.210147
2021-09-14,444.17,0.252971
2021-09-15,447.88,0.241977
2021-09-16,447.17,0.354236
2021-09-17,441.4,0.126016
2021-09-20,434.04,0.05269
2021-09-21,433.63,0.227694
2021-09-22,437.86,0.171655
2021-09-23,443.18,0.387054
2021-09-24,443.91,0.620514
2021-09-27,442.64,0.609834
2021-09-28,433.72,0.14446
2021-09-29,434.45,0.339754
2021-09-30,429.14,0.093153
2021-10-01,434.24,0.083069
2021-10-04,428.64,0.106403
2021-10-05,433.1,0.155284
2021-10-06,434.9,0.089015
2021-10-07,438.66,0.341997
2021-10-08,437.86,0.254091
2021-10-11,434.69,0.393777
2021-10-12,433.62,0.344816
2021-10-13,435.18,0.156621
2021-10-14,442.5,0.074571
2021-10-15,445.87,0.057778
2021-10-18,447.19,0.069458
2021-10-19,450.64,0.028266
2021-10-20,452.41,0.020858
2021-10-21,453.59,0.021157
2021-10-22,453.12,0.020359
2021-10-25,455.55,0.016187
2021-10-26,455.96,0.028892
2021-10-27,453.94,0.015602
2021-10-28,458.32,0.030811
2021-10-29,459.25,0.009603
2021-11-01,460.04,0.020901
2021-11-02,461.9,0.023729
2021-11-03,464.72,0.015915
2021-11-04,466.91,0.012846
2021-11-05,468.53,0.007319
2021-11-08,468.93,0.020121
2021-11-09,467.38,0.035464
2021-11-10,463.62,0.033653
2021-11-11,463.77,0.156192
2021-11-12,467.27,0.031281
2021-11-15,467.43,0.06667
2021-11-16,469.28,0.04772
2021-11-17,468.14,0.118368
2021-11-18,469.73,0.130698
2021-11-19,468.89,0.218237
2021-11-22,467.57,0.259173
2021-11-23,468.19,0.279262
2021-11-24,469.44,0.277829
2021-11-26,458.97,0.197264
2021-11-29,464.6,0.311926
2021-11-30,455.56,0.137022
2021-12-01,450.5,0.19225
2021-12-02,457.4,0.160668
2021-12-03,453.42,0.28764
2021-12-06,458.79,0.442745
2021-12-07,468.28,0.453933
2021-12-08,469.52,0.71146
2021-12-09,466.35,0.736606
2021-12-10,470.74,0.690452
2021-12-13,466.57,0.615878
2021-12-14,463.36,0.615826
2021-12-15,470.6,0.126222
2021-12-16,466.45,0.319774
2021-12-17,459.87,0.162931
2021-12-20,454.98,0.187406
2021-12-21,463.06,0.247114
2021-12-22,467.69,0.291544
2021-12-23,470.6,0.142858
2021-12-27,477.26,0.192238
2021-12-28,476.87,0.223733
2021-12-29,477.48,0.192599
2021-12-30,476.16,0.202114
2021-12-31,474.96,0.148298
2022-01-03,477.71,0.136121
2022-01-04,477.55,0.094181
2022-01-05,468.38,0.148854
2022-01-06,467.94,0.19294
2022-01-07,466.09,0.32669
2022-01-10,465.51,0.171899
2022-01-11,469.75,0.430726
2022-01-12,471.02,0.427803
2022-01-13,464.53,0.581009
2022-01-14,464.72,0.507102
2022-01-18,456.49,0.57623
2022-01-19,451.75,0.559563
2022-01-20,446.75,0.452532
2022-01-21,437.98,0.113285
2022-01-24,439.84,0.023521
2022-01-25,434.47,0.126606
2022-01-26,433.38,0.042845
2022-01-27,431.24,0.097799
2022-01-28,441.95,0.08708
2022-01-31,449.91,0.265522
2022-02-01,452.95,0.565874
2022-02-02,457.35,0.626598
2022-02-03,446.6,0.6712
2022-02-04,448.7,0.701736
2022-02-07,447.26,0.666574
2022-02-08,450.94,0.538076
2022-02-09,457.54,0.43898
2022-02-10,449.32,0.385479
2022-02-11,440.46,0.343835
2022-02-14,439.02,0.246783
2022-02-15,446.1,0.342209
2022-02-16,446.6,0.43904
2022-02-17,437.06,0.508169
2022-02-18,434.23,0.194008
2022-02-22,429.57,0.176468
2022-02-23,421.95,0.265689
2022-02-24,428.3,0.030783
2022-02-25,437.75,0.174773
2022-02-28,436.63,0.163457
2022-03-01,429.98,0.155812
2022-03-02,437.89,0.169301
2022-03-03,435.71,0.307311
2022-03-04,432.17,0.278296
2022-03-07,419.43,0.337179
2022-03-08,416.25,0.111233
2022-03-09,427.41,0.145948
2022-03-10,425.48,0.214568
2022-03-11,420.07,0.205291
2022-03-14,417.0,0.1542
2022-03-15,426.17,0.124838
2022-03-16,435.62,0.046913
2022-03-17,441.07,0.117311
2022-03-18,444.52,0.157839
2022-03-21,444.39,0.188318
2022-03-22,449.59,0.163625
2022-03-23,443.8,0.281607
2022-03-24,450.49,0.175874
2022-03-25,452.69,0.131141
2022-03-28,455.91,0.132319
2022-03-29,461.55,0.207172
2022-03-30,458.7,0.247961
2022-03-31,451.64,0.197457
2022-04-01,452.92,0.298646
2022-04-04,456.8,0.218478
2022-04-05,451.03,0.425405
2022-04-06,446.52,0.232698
2022-04-07,448.77,0.279326
2022-04-08,447.57,0.38401
2022-04-11,439.92,0.512716
2022-04-12,438.29,0.422466
2022-04-13,443.31,0.265178
2022-04-14,437.79,0.213869
2022-04-18,437.97,0.319569
2022-04-19,445.04,0.237642
2022-04-20,444.71,0.357777
2022-04-21,438.06,0.433028
2022-04-22,426.04,0.356891
2022-04-25,428.51,0.199541
2022-04-26,416.1,0.748202
2022-04-27,417.27,0.236911
2022-04-28,427.81,0.233089
2022-04-29,412.0,0.632189
2022-05-02,414.48,0.255825
2022-05-03,416.38,0.650909
2022-05-04,429.06,0.263011
2022-05-05,413.81,0.597446
2022-05-06,411.34,0.50648
2022-05-09,398.17,0.698729
2022-05-10,399.09,0.403429
2022-05-11,392.75,0.483491
2022-05-12,392.34,0.152937
2022-05-13,401.72,0.165993
2022-05-16,400.09,0.379033
2022-05-17,408.32,0.381183
2022-05-18,391.86,0.302661
2022-05-19,389.46,0.184285
2022-05-20,389.63,0.091574
2022-05-23,396.92,0.139078
2022-05-24,393.89,0.143839
2022-05-25,397.37,0.115966
2022-05-26,405.31,0.101113
2022-05-27,415.26,0.120192
2022-05-31,412.93,0.253606
2022-06-01,409.59,0.368878
2022-06-02,417.39,0.339362
2022-06-03,410.54,0.391074
2022-06-06,411.79,0.412114
2022-06-07,415.74,0.273605
2022-06-08,411.22,0.333045
2022-06-09,401.44,0.558601
2022-06-10,389.8,0.392535
2022-06-13,375.0,0.41107
2022-06-14,373.87,0.276147
2022-06-15,379.2,0.057835
2022-06-16,366.65,0.211274
2022-06-17,365.86,0.08575
2022-06-21,375.07,0.126103
2022-06-22,374.39,0.08817
2022-06-23,378.06,0.149129
2022-06-24,390.08,0.15053
2022-06-27,388.59,0.367941
2022-06-28,380.65,0.259342
2022-06-29,380.34,0.416375
2022-06-30,377.25,0.115313
2022-07-01,381.24,0.132498
2022-07-05,381.96,0.119362
2022-07-06,383.25,0.153209
2022-07-07,388.99,0.233886
2022-07-08,388.67,0.203475
2022-07-11,384.23,0.363332
2022-07-12,380.83,0.337028
2022-07-13,378.83,0.213339
2022-07-14,377.91,0.173593
2022-07-15,385.13,0.076851
2022-07-18,381.95,0.325764
2022-07-19,392.27,0.086788
2022-07-20,394.77,0.163606
2022-07-21,398.79,0.183711
2022-07-22,395.09,0.281375
2022-07-25,395.57,0.208791
2022-07-26,390.89,0.404126
2022-07-27,401.04,0.068068
2022-07-28,406.07,0.189123
2022-07-29,411.99,0.139353
2022-08-01,410.77,0.255302
2022-08-02,408.06,0.322357
2022-08-03,414.45,0.240959
2022-08-04,414.17,0.222897
2022-08-05,413.47,0.331926
2022-08-08,412.99,0.236128
2022-08-09,411.35,0.321442
2022-08-10,419.99,0.219649
2022-08-11,419.99,0.365064
2022-08-12,427.1,0.21996
2022-08-15,428.86,0.227574
2022-08-16,429.7,0.236917
2022-08-17,426.65,0.286278
2022-08-18,427.89,0.196646
2022-08-19,422.14,0.442537
2022-08-22,413.35,0.57205
2022-08-23,412.35,0.61764
2022-08-24,413.67,0.553398
2022-08-25,419.51,0.381513
2022-08-26,405.31,0.327567
2022-08-29,402.63,0.388484
2022-08-30,398.21,0.267448
2022-08-31,395.18,0.294975
2022-09-01,396.42,0.206084
2022-09-02,392.24,0.122418
2022-09-06,390.76,0.120759
2022-09-07,397.78,0.12048
2022-09-08,400.38,0.159329
2022-09-09,406.6,0.263593
2022-09-12,410.97,0.504834
2022-09-13,393.1,0.395346
2022-09-14,394.6,0.648072
2022-09-15,390.12,0.694567
2022-09-16,385.56,0.625403
2022-09-19,388.55,0.584276
2022-09-20,384.09,0.621948
2022-09-21,377.39,0.371659
2022-09-22,374.22,0.3641
2022-09-23,367.95,0.195413
2022-09-26,364.31,0.30439
2022-09-27,363.38,0.086195
2022-09-28,370.53,0.051156
2022-09-29,362.79,0.120818
2022-09-30,357.18,0.075924
2022-10-03,366.61,0.266466
2022-10-04,377.97,0.253321
2022-10-05,377.09,0.482016
2022-10-06,373.2,0.563963
2022-10-07,362.79,0.364114
2022-10-10,360.02,0.402912
2022-10-11,357.74,0.28641
2022-10-12,356.56,0.225024
2022-10-13,365.97,0.042662
2022-10-14,357.63,0.14074
2022-10-17,366.82,0.155285
2022-10-18,371.13,0.261035
2022-10-19,368.5,0.393336
2022-10-20,365.41,0.361277
2022-10-21,374.29,0.205936
2022-10-24,378.87,0.270325
2022-10-25,384.92,0.269677
2022-10-26,382.02,0.371343
2022-10-27,379.98,0.370666
2022-10-28,389.02,0.355803
2022-10-31,386.21,0.397977
2022-11-01,384.52,0.39815
2022-11-02,374.87,0.446455
2022-11-03,371.01,0.531757
2022-11-04,376.35,0.353135
2022-11-07,379.95,0.406191
2022-11-08,382.0,0.378847
2022-11-09,374.13,0.476472
2022-11-10,394.69,0.027983
2022-11-11,398.51,0.285703
2022-11-14,395.12,0.270898
2022-11-15,398.49,0.295033
2022-11-16,395.45,0.285453
2022-11-17,394.24,0.404365
2022-11-18,396.03,0.351921
2022-11-21,394.59,0.442181
2022-11-22,399.9,0.18382
2022-11-23,402.42,0.19524
2022-11-25,402.33,0.29562
2022-11-28,395.91,0.42034
2022-11-29,395.23,0.319384
2022-11-30,407.68,0.010856
2022-12-01,407.38,0.378686
2022-12-02,406.91,0.392859
2022-12-05,399.59,0.492295
2022-12-06,393.83,0.565497
2022-12-07,393.16,0.584762
2022-12-08,396.24,0.49734
2022-12-09,393.28,0.347611
2022-12-12,398.95,0.25668
2022-12-13,401.97,0.080607
2022-12-14,399.4,0.217124
2022-12-15,389.63,0.196335
2022-12-16,383.27,0.176921
2022-12-19,380.02,0.343715
2022-12-20,380.54,0.248756
2022-12-21,386.23,0.151707
2022-12-22,380.72,0.155581
2022-12-23,382.91,0.293448
2022-12-27,381.4,0.397653
2022-12-28,376.66,0.250877
2022-12-29,383.44,0.185707
2022-12-30,382.43,0.114128
2023-01-03,380.82,0.127063
2023-01-04,383.76,0.096291
2023-01-05,379.38,0.16152
2023-01-06,388.08,0.047574
2023-01-09,387.86,0.231577
2023-01-10,390.58,0.288296
2023-01-11,395.52,0.151536
2023-01-12,396.96,0.115538
2023-01-13,398.5,0.100676
2023-01-17,397.77,0.159847
2023-01-18,391.49,0.299446
2023-01-19,388.64,0.428633
2023-01-20,395.88,0.1299
2023-01-23,400.63,0.195977
2023-01-24,400.2,0.219238
2023-01-25,400.35,0.260698
2023-01-26,404.75,0.141638
2023-01-27,405.68,0.195896
2023-01-30,400.59,0.442847
2023-01-31,406.48,0.18516
2023-02-01,410.8,0.207162
2023-02-02,416.78,0.166099
2023-02-03,412.35,0.364811
2023-02-06,409.83,0.380568
2023-02-07,415.19,0.238323
2023-02-08,410.65,0.474347
2023-02-09,407.09,0.52012
2023-02-10,408.04,0.498678
2023-02-13,412.83,0.252809
2023-02-14,412.64,0.33246
2023-02-15,413.98,0.302557
2023-02-16,408.28,0.513004
2023-02-17,407.26,0.393733
2023-02-21,399.09,0.422141
2023-02-22,398.54,0.247469
2023-02-23,400.66,0.158324
2023-02-24,396.38,0.135358
2023-02-27,397.73,0.223942
2023-02-28,396.26,0.18181
2023-03-01,394.74,0.141922
2023-03-02,397.81,0.206916
2023-03-03,404.19,0.327949
2023-03-06,404.47,0.498701
2023-03-07,398.27,0.41775
2023-03-08,398.92,0.60684
2023-03-09,391.56,0.462681
2023-03-10,385.91,0.120974
2023-03-13,385.36,0.080008
2023-03-14,391.73,0.076336
2023-03-15,389.28,0.081653
2023-03-16,396.11,0.117267
2023-03-17,389.99,0.197681
2023-03-20,393.74,0.570897
2023-03-21,398.91,0.469018
2023-03-22,392.11,0.454807
2023-03-23,393.17,0.349966
2023-03-24,395.75,0.355732
2023-03-27,396.49,0.408142
2023-03-28,395.6,0.481345
2023-03-29,401.35,0.123101
2023-03-30,403.7,0.059306
2023-03-31,409.39,0.015464
2023-04-03,410.95,0.033799
2023-04-04,408.67,0.076787
2023-04-05,407.6,0.089951
2023-04-06,409.19,0.065786
2023-04-10,409.61,0.071618
2023-04-11,409.72,0.117669
2023-04-12,408.05,0.048469
2023-04-13,413.47,0.020948
2023-04-14,412.46,0.053467
2023-04-17,413.94,0.046142
2023-04-18,414.21,0.033168
2023-04-19,414.14,0.037917
2023-04-20,411.88,0.08839
2023-04-21,412.2,0.058313
2023-04-24,412.63,0.077602
2023-04-25,406.08,0.119448
2023-04-26,404.36,0.243886
2023-04-27,412.41,0.020562
2023-04-28,415.93,0.033855
2023-05-01,415.51,0.068359
2023-05-02,410.84,0.113252
2023-05-03,408.02,0.171346
2023-05-04,405.13,0.157836
2023-05-05,412.63,0.063806
2023-05-08,412.74,0.468343
2023-05-09,410.93,0.44136
2023-05-10,412.85,0.108472
2023-05-11,412.13,0.230575
2023-05-12,411.59,0.309759
2023-05-15,413.01,0.208736
2023-05-16,410.25,0.438374
2023-05-17,415.23,0.055251
2023-05-18,419.23,0.038333
2023-05-19,418.62,0.05141
2023-05-22,418.79,0.102722
2023-05-23,414.09,0.300261
2023-05-24,411.09,0.340276
2023-05-25,414.65,0.105883
2023-05-26,420.02,0.036529
2023-05-30,420.18,0.087641
2023-05-31,417.85,0.106924
2023-06-01,421.82,0.118719
2023-06-02,427.92,0.108859
2023-06-05,427.1,0.167962
2023-06-06,428.03,0.126849
2023-06-07,426.55,0.199026
2023-06-08,429.13,0.14713
2023-06-09,429.9,0.129687
2023-06-12,433.8,0.066931
2023-06-13,436.66,0.053843
2023-06-14,437.18,0.069967
2023-06-15,442.6,0.024606
2023-06-16,439.46,0.065511
2023-06-20,437.18,0.231155
2023-06-21,434.94,0.280476
2023-06-22,436.51,0.266601
2023-06-23,433.21,0.247649
2023-06-26,431.44,0.347344
2023-06-27,436.17,0.124894
2023-06-28,436.39,0.154543
2023-06-29,438.11,0.08425
2023-06-30,443.28,0.01282
2023-07-03,443.79,0.084337
2023-07-05,443.13,0.034917
2023-07-06,439.66,0.064851
2023-07-07,438.55,0.058477
2023-07-10,439.66,0.111528
2023-07-11,442.46,0.041211
2023-07-12,446.02,0.007671
2023-07-13,449.56,0.016295
2023-07-14,449.28,0.025103
2023-07-17,450.84,0.023828
2023-07-18,454.19,0.009702
2023-07-19,455.2,0.026985
2023-07-20,452.18,0.068811
2023-07-21,452.18,0.048242
2023-07-24,454.2,0.04825
2023-07-25,455.44,0.040897
2023-07-26,455.51,0.035211
2023-07-27,452.49,0.029407
2023-07-28,456.92,0.019865
2023-07-31,457.79,0.030865
2023-08-01,456.48,0.061647
2023-08-02,450.13,0.125815
2023-08-03,448.84,0.322924
2023-08-04,446.81,0.119882
2023-08-07,450.71,0.278669
2023-08-08,448.75,0.296734
2023-08-09,445.75,0.167036
2023-08-10,445.91,0.082112
2023-08-11,445.65,0.169169
2023-08-14,448.11,0.372168
2023-08-15,442.89,0.167004
2023-08-16,439.64,0.129219
2023-08-17,436.29,0.062541
2023-08-18,436.5,0.044733
2023-08-21,439.34,0.115619
2023-08-22,438.15,0.144005
2023-08-23,443.03,0.110015
2023-08-24,436.89,0.080399
2023-08-25,439.97,0.034616
2023-08-28,442.76,0.236138
2023-08-29,449.16,0.045774
2023-08-30,451.01,0.077475
2023-08-31,450.35,0.112927
2023-09-01,451.19,0.078908
2023-09-05,449.24,0.127598
2023-09-06,446.22,0.207933
2023-09-07,444.85,0.226648
2023-09-08,445.52,0.266655
2023-09-11,448.45,0.170081
2023-09-12,445.99,0.209439
2023-09-13,446.51,0.16855
2023-09-14,450.36,0.041912
2023-09-15,443.37,0.113152
2023-09-18,443.63,0.520868
2023-09-19,442.71,0.405975
2023-09-20,438.64,0.247491
2023-09-21,431.39,0.123804
2023-09-22,430.42,0.083812
2023-09-25,432.23,0.198798
2023-09-26,425.88,0.116396
2023-09-27,426.05,0.05798
2023-09-28,428.52,0.076148
2023-09-29,427.48,0.039913
2023-10-02,427.31,0.101832
2023-10-03,421.59,0.066063
2023-10-04,424.66,0.09381
2023-10-05,424.5,0.211891
2023-10-06,429.54,0.061304
2023-10-09,432.29,0.382956
2023-10-10,434.54,0.481802
2023-10-11,436.32,0.492598
2023-10-12,433.66,0.451354
2023-10-13,431.5,0.261093
2023-10-16,436.04,0.339414
2023-10-17,436.02,0.347587
2023-10-18,430.21,0.352754
2023-10-19,426.43,0.149746
2023-10-20,421.19,0.102679
2023-10-23,420.46,0.164576
2023-10-24,423.63,0.201095
2023-10-25,417.55,0.157067
2023-10-26,412.55,0.070759
2023-10-27,410.68,0.065425
2023-10-30,415.59,0.097241
2023-10-31,418.2,0.156433
2023-11-01,422.66,0.10182
2023-11-02,430.76,0.05765
2023-11-03,434.69,0.037851
2023-11-06,435.69,0.058935
2023-11-07,436.93,0.06189
2023-11-08,437.25,0.070429
2023-11-09,433.84,0.163378
2023-11-10,440.61,0.028801
2023-11-13,440.19,0.076811
2023-11-14,448.73,0.016913
2023-11-15,449.68,0.077087
2023-11-16,450.23,0.099506
2023-11-17,450.79,0.074906
2023-11-20,454.26,0.073995
2023-11-21,453.27,0.095482
2023-11-22,455.02,0.068065
2023-11-24,455.3,0.150479
2023-11-27,454.48,0.108807
2023-11-28,454.93,0.109136
2023-11-29,454.61,0.099797
2023-11-30,456.4,0.026306
2023-12-01,459.1,0.013234
2023-12-04,456.69,0.074537
2023-12-05,456.6,0.074837
2023-12-06,454.76,0.104316
2023-12-07,458.23,0.046693
2023-12-08,460.2,0.050852
2023-12-11,461.99,0.065872
2023-12-12,464.1,0.061672
2023-12-13,470.5,0.021945
2023-12-14,472.01,0.014356
2023-12-15,469.33,0.020275
2023-12-18,471.97,0.108961
2023-12-19,474.84,0.170401
2023-12-20,468.26,0.267853
2023-12-21,472.7,0.195359
2023-12-22,473.65,0.274552
2023-12-26,475.65,0.309116
2023-12-27,476.51,0.244065
2023-12-28,476.69,0.188172
2023-12-29,475.31,0.045911
2024-01-02,472.65,0.048121
2024-01-03,468.79,0.121142
2024-01-04,467.28,0.235025
2024-01-05,467.92,0.192159
2024-01-08,474.6,0.078485
2024-01-09,473.88,0.123373
2024-01-10,476.56,0.061261
2024-01-11,476.35,0.082142
2024-01-12,476.68,0.086278
2024-01-16,474.93,0.08584
2024-01-17,472.29,0.220941
2024-01-18,476.49,0.018902
2024-01-19,482.43,0.005623
2024-01-22,483.45,0.040315
2024-01-23,484.86,0.043184
2024-01-24,485.39,0.022389
2024-01-25,488.03,0.023689
2024-01-26,487.41,0.027672
2024-01-29,491.27,0.0175
2024-01-30,490.89,0.032638
2024-01-31,482.88,0.042035
2024-02-01,489.2,0.04262
2024-02-02,494.35,0.02875
2024-02-05,492.55,0.108234
2024-02-06,493.98,0.076606
2024-02-07,498.1,0.068648
2024-02-08,498.32,0.06038
2024-02-09,501.2,0.032078
2024-02-12,500.98,0.044461
2024-02-13,494.08,0.036931
2024-02-14,498.57,0.110641
2024-02-15,502.01,0.046575
2024-02-16,499.51,0.077536
2024-02-20,496.76,0.103158
2024-02-21,497.21,0.075864
2024-02-22,507.5,0.016589
2024-02-23,507.85,0.064334
2024-02-26,505.99,0.09834
2024-02-27,506.93,0.08047
2024-02-28,506.26,0.07372
2024-02-29,508.08,0.028236
2024-03-01,512.85,0.018703
2024-03-04,512.3,0.061965
2024-03-05,507.18,0.159363
2024-03-06,509.75,0.091606
2024-03-07,514.81,0.047079
2024-03-08,511.72,0.061235
2024-03-11,511.28,0.156838
2024-03-12,516.78,0.045631
2024-03-13,515.97,0.118476
2024-03-14,514.95,0.024871
2024-03-15,509.83,0.089703
2024-03-18,512.86,0.069649
2024-03-19,515.71,0.257208
2024-03-20,520.48,0.111946
2024-03-21,522.2,0.099347
2024-03-22,521.21,0.101519
2024-03-25,519.77,0.168385
2024-03-26,518.81,0.115852
2024-03-27,523.17,0.038773
2024-03-28,523.07,0.037949
2024-04-01,522.16,0.084133
2024-04-02,518.84,0.155896
2024-04-03,519.41,0.129729
2024-04-04,513.07,0.150263
2024-04-05,518.43,0.115975
2024-04-08,518.72,0.434928
2024-04-09,519.32,0.194848
2024-04-10,514.12,0.228841
2024-04-11,518.0,0.178565
2024-04-12,510.85,0.14124
2024-04-15,504.45,0.123666
2024-04-16,503.53,0.143542
2024-04-17,500.55,0.116181
2024-04-18,499.52,0.101334
2024-04-19,495.16,0.029314
2024-04-22,499.72,0.07088
2024-04-23,505.65,0.087538
2024-04-24,505.41,0.200475
2024-04-25,503.49,0.096459
2024-04-26,508.26,0.083765
2024-04-29,510.06,0.141924
2024-04-30,501.98,0.096558
2024-05-01,500.35,0.066433
2024-05-02,505.03,0.093945
2024-05-03,511.29,0.025893
2024-05-06,516.57,0.035523
2024-05-07,517.14,0.047991
2024-05-08,517.19,0.032657
2024-05-09,520.17,0.02146
2024-05-10,520.84,0.02959
2024-05-13,520.91,0.035266
2024-05-14,523.3,0.017129
2024-05-15,529.78,0.010804
2024-05-16,528.69,0.029311
2024-05-17,529.45,0.025881
2024-05-20,530.06,0.025691
2024-05-21,531.36,0.022142
2024-05-22,529.83,0.031807
2024-05-23,525.96,0.036596
2024-05-24,529.44,0.040337
2024-05-28,529.81,0.056326
2024-05-29,526.1,0.107491
2024-05-30,522.61,0.149373
2024-05-31,527.37,0.002187
2024-06-03,527.8,0.052267
2024-06-04,528.39,0.104945
2024-06-05,534.67,0.017444
2024-06-06,534.66,0.049915
2024-06-07,534.01,0.037696
2024-06-10,535.66,0.040199
2024-06-11,536.95,0.039774
2024-06-12,541.36,0.010563
2024-06-13,542.45,0.031204
2024-06-14,542.78,0.03724
2024-06-17,547.1,0.010841
2024-06-18,548.49,0.021077
2024-06-20,547.0,0.009567
2024-06-21,544.51,0.020492
2024-06-24,542.74,0.105235
2024-06-25,544.83,0.091364
2024-06-26,545.51,0.08471
2024-06-27,546.37,0.121772
2024-06-28,544.22,0.010897
2024-07-01,545.34,0.045876
2024-07-02,549.01,0.024006
2024-07-03,551.46,0.042612
2024-07-05,554.64,0.032321
2024-07-08,555.28,0.027294
2024-07-09,555.82,0.042837
2024-07-10,561.32,0.013617
2024-07-11,556.48,0.04073
2024-07-12,559.99,0.023515
2024-07-15,561.53,0.044635
2024-07-16,564.86,0.033897
2024-07-17,556.94,0.114496
2024-07-18,552.66,0.207069
2024-07-19,548.99,0.163872
2024-07-22,554.65,0.318933
2024-07-23,553.78,0.588826
2024-07-24,541.23,0.310251
2024-07-25,538.41,0.328975
2024-07-26,544.44,0.316122
2024-07-29,544.76,0.58285
2024-07-30,542.0,0.512206
2024-07-31,550.81,0.244125
2024-08-01,543.01,0.206815
2024-08-02,532.9,0.203747
2024-08-05,517.38,0.041605
2024-08-06,522.15,0.11932
2024-08-07,518.66,0.311408
2024-08-08,530.65,0.160327
2024-08-09,532.99,0.486424
2024-08-12,533.27,0.530913
2024-08-13,542.04,0.410342
2024-08-14,543.75,0.460588
2024-08-15,553.07,0.136313
2024-08-16,554.31,0.166342
2024-08-19,559.61,0.149673
2024-08-20,558.7,0.118409
2024-08-21,560.62,0.081355
2024-08-22,556.22,0.141712
2024-08-23,562.13,0.061503
2024-08-26,560.79,0.11508
2024-08-27,561.56,0.098446
2024-08-28,558.3,0.201279
2024-08-29,558.35,0.122103
2024-08-30,563.68,0.031365
2024-09-03,552.08,0.259477
2024-09-04,550.95,0.35216
2024-09-05,549.61,0.40079
2024-09-06,540.36,0.196262
2024-09-09,546.41,0.375734
2024-09-10,548.79,0.387138
2024-09-11,554.42,0.03214
2024-09-12,559.09,0.100924
2024-09-13,562.01,0.083886
2024-09-16,562.84,0.070731
2024-09-17,563.07,0.074372
2024-09-18,561.4,0.100879
2024-09-19,570.98,0.016892
2024-09-20,568.25,0.077453
2024-09-23,569.67,0.127687
2024-09-24,571.3,0.154802
2024-09-25,570.04,0.19956
2024-09-26,572.3,0.118188
2024-09-27,571.47,0.104879
2024-09-30,573.76,0.031486
2024-10-01,568.62,0.070319
2024-10-02,568.86,0.335085
2024-10-03,567.82,0.268017
2024-10-04,572.98,0.08967
2024-10-07,567.8,0.108937
2024-10-08,573.17,0.04
2024-10-09,577.14,0.028046
2024-10-10,576.13,0.048289
2024-10-11,579.58,0.030236
2024-10-14,584.32,0.021916
2024-10-15,579.78,0.025586
2024-10-16,582.3,0.035725
2024-10-17,582.35,0.03048
2024-10-18,584.59,0.031728
2024-10-21,583.63,0.050874
2024-10-22,583.32,0.029724
2024-10-23,577.99,0.058171
2024-10-24,579.24,0.134465
2024-10-25,579.04,0.060806
2024-10-28,580.83,0.14316
2024-10-29,581.77,0.051486
2024-10-30,580.01,0.075999
2024-10-31,568.64,0.085289
2024-11-01,571.04,0.141164
2024-11-04,569.81,0.277002
2024-11-05,576.7,0.190996
2024-11-06,591.04,0.008679
2024-11-07,595.61,0.108107
2024-11-08,598.19,0.107526
2024-11-11,598.76,0.102284
2024-11-12,596.9,0.217792
2024-11-13,597.19,0.208259
2024-11-14,593.35,0.370048
2024-11-15,585.75,0.088799
2024-11-18,588.15,0.368274
2024-11-19,590.3,0.132751
2024-11-20,590.5,0.156999
2024-11-21,593.67,0.074647
2024-11-22,595.51,0.109711
2024-11-25,597.53,0.046008
2024-11-26,600.65,0.029889
2024-11-27,598.83,0.072737
2024-11-29,602.55,0.067776
2024-12-02,603.63,0.050151
2024-12-03,603.91,0.045859
2024-12-04,607.66,0.020391
2024-12-05,606.66,0.05053
2024-12-06,607.81,0.032447
2024-12-09,604.68,0.086753
2024-12-10,602.8,0.187347
2024-12-11,607.46,0.154785
2024-12-12,604.33,0.228685
2024-12-13,604.21,0.22285
2024-12-16,606.79,0.083186
2024-12-17,604.29,0.126449
2024-12-18,586.28,0.034598
2024-12-19,586.1,0.057096
2024-12-20,591.15,0.007603
2024-12-23,594.69,0.245273
2024-12-24,601.3,0.524401
2024-12-26,601.34,0.527183
2024-12-27,595.01,0.317485
2024-12-30,588.22,0.42332
2024-12-31,586.08,0.306877
2025-01-02,584.64,0.395307
2025-01-03,591.95,0.42649
2025-01-06,595.36,0.464655
2025-01-07,588.63,0.206845
2025-01-08,589.49,0.200204
2025-01-10,580.49,0.064696
2025-01-13,581.39,0.177538
2025-01-14,582.19,0.161711
2025-01-15,592.78,0.067731
2025-01-16,591.64,0.268149
2025-01-17,597.58,0.063209
2025-01-21,603.05,0.076324
2025-01-22,606.44,0.080765
2025-01-23,609.75,0.052792
2025-01-24,607.97,0.070142
2025-01-27,599.37,0.091127
2025-01-28,604.52,0.082371
2025-01-29,601.81,0.235
2025-01-30,605.04,0.126494
2025-01-31,601.82,0.036498
2025-02-03,597.77,0.051422
2025-02-04,601.78,0.121957
2025-02-05,604.22,0.051867
2025-02-06,606.32,0.036935
2025-02-07,600.77,0.097643
2025-02-10,604.85,0.151215
2025-02-11,605.31,0.080787
2025-02-12,603.36,0.09629
2025-02-13,609.73,0.051928
2025-02-14,609.7,0.11361
2025-02-18,611.49,0.095742
2025-02-19,612.93,0.078621
2025-02-20,610.38,0.143106
2025-02-21,599.94,0.125019
2025-02-24,597.21,0.314844
2025-02-25,594.24,0.234677
2025-02-26,594.54,0.442806
2025-02-27,585.05,0.197128
2025-02-28,594.18,0.078745
2025-03-03,583.77,0.296557
2025-03-04,576.86,0.095684
2025-03-05,583.06,0.272654
2025-03-06,572.71,0.498004
2025-03-07,575.92,0.300181
2025-03-10,560.58,0.402657
2025-03-11,555.92,0.344364
2025-03-12,558.87,0.339159
2025-03-13,551.42,0.415481
2025-03-14,562.81,0.239618
2025-03-17,567.15,0.597139
2025-03-18,561.02,0.314398
2025-03-19,567.13,0.215772
2025-03-20,565.49,0.258463
2025-03-21,563.98,0.138602
2025-03-24,574.08,0.560141
2025-03-25,575.46,0.679673
2025-03-26,568.59,0.693162
2025-03-27,567.08,0.732841
2025-03-28,555.66,0.767707
2025-03-31,559.39,0.495098
2025-04-01,560.97,0.685674
2025-04-02,564.52,0.533533
2025-04-03,536.7,0.829238
2025-04-04,505.28,0.850738
2025-04-07,504.38,0.152409
2025-04-08,496.48,0.520034
2025-04-09,548.62,0.007776
2025-04-10,524.58,0.564693
2025-04-11,533.94,0.719467
2025-04-14,539.12,0.733221
2025-04-15,537.61,0.772159
2025-04-16,525.66,0.756807
2025-04-17,526.41,0.712762
2025-04-21,513.88,0.650358
2025-04-22,527.25,0.277169
2025-04-23,535.42,0.140942
2025-04-24,546.69,0.329484
2025-04-25,550.64,0.275771
2025-04-28,550.85,0.293555
2025-04-29,554.32,0.242032
2025-04-30,554.54,0.148243
2025-05-01,558.47,0.250886
2025-05-02,566.76,0.252829
2025-05-05,563.51,0.285953
2025-05-06,558.8,0.341447
2025-05-07,561.15,0.341084
2025-05-08,565.06,0.267602
2025-05-09,564.34,0.349285
2025-05-12,582.99,0.044488
2025-05-13,586.84,0.193568
2025-05-14,587.59,0.243942
2025-05-15,590.46,0.26924
2025-05-16,594.2,0.23039
2025-05-19,594.85,0.334849
2025-05-20,592.85,0.175057
2025-05-21,582.86,0.276752
2025-05-22,583.09,0.428635
2025-05-23,579.11,0.489062
2025-05-27,591.15,0.267515
2025-05-28,587.73,0.470205
2025-05-29,590.05,0.414857
2025-05-30,589.39,0.231165
2025-06-02,592.71,0.25261
2025-06-03,596.09,0.23343
2025-06-04,595.93,0.270253
2025-06-05,593.05,0.173647
2025-06-06,599.14,0.255635
2025-06-09,599.68,0.317192
2025-06-10,603.08,0.135611
2025-06-11,601.36,0.150168
2025-06-12,603.75,0.094796
2025-06-13,597.0,0.207815
2025-06-16,602.68,0.080219
2025-06-17,597.53,0.255101
2025-06-18,597.44,0.210821
2025-06-20,594.28,0.194472
2025-06-23,600.15,0.060941
2025-06-24,606.78,0.114748
2025-06-25,607.12,0.082793
2025-06-26,611.87,0.047957
2025-06-27,614.91,0.036946
2025-06-30,617.85,0.025581
2025-07-01,617.65,0.063225
2025-07-02,620.45,0.056895
2025-07-03,625.34,0.052674
2025-07-07,620.68,0.100848
2025-07-08,620.34,0.082756
2025-07-09,624.06,0.047705
2025-07-10,625.82,0.03879
2025-07-11,623.62,0.09958
2025-07-14,624.81,0.053623
2025-07-15,622.14,0.050714
2025-07-16,624.22,0.011083
2025-07-17,628.04,0.024653
2025-07-18,627.58,0.045264
2025-07-21,628.77,0.044357
2025-07-22,628.86,0.044834
2025-07-23,634.21,0.02579
2025-07-24,634.42,0.03068
2025-07-25,637.1,0.031824
2025-07-28,636.94,0.038028
2025-07-29,635.26,0.046101
2025-07-30,634.46,0.037546
2025-07-31,632.08,0.018692
2025-08-01,621.72,0.019149
2025-08-04,631.17,0.072071
2025-08-05,627.97,0.229894
2025-08-06,632.78,0.133472
2025-08-07,632.25,0.125751
2025-08-08,637.18,0.077057
2025-08-11,635.92,0.09303
2025-08-12,642.69,0.072804
2025-08-13,644.89,0.066595
2025-08-14,644.95,0.058119
2025-08-15,643.44,0.064423
2025-08-18,643.3,0.061971
2025-08-19,639.81,0.075277
2025-08-20,638.11,0.028871
2025-08-21,635.55,0.21077
2025-08-22,645.31,0.007768
2025-08-25,642.47,0.138984
2025-08-26,645.16,0.046532
2025-08-27,646.63,0.052891
2025-08-28,648.92,0.055254
2025-08-29,645.05,0.101805
2025-09-02,640.27,0.106529
2025-09-03,643.74,0.0909
2025-09-04,649.12,0.055284
2025-09-05,647.24,0.046054
2025-09-08,648.83,0.057547
2025-09-09,650.33,0.061868
2025-09-10,652.21,0.032842
2025-09-11,657.63,0.034822
2025-09-12,657.41,0.057474
2025-09-15,660.91,0.051844
2025-09-16,660.0,0.096517
2025-09-17,659.18,0.04103
2025-09-18,662.26,0.04318
2025-09-19,663.7,0.033105
2025-09-22,666.84,0.071704
2025-09-23,663.21,0.081972
2025-09-24,661.1,0.178899
2025-09-25,658.05,0.114331
2025-09-26,661.82,0.115521
2025-09-29,663.68,0.126747
2025-09-30,666.18,0.06154
2025-10-01,668.45,0.100176
2025-10-02,669.22,0.08461
2025-10-03,669.21,0.055494
2025-10-06,671.61,0.072436
2025-10-07,669.12,0.112206
2025-10-08,673.11,0.048605
2025-10-09,671.16,0.067954
2025-10-10,653.02,0.027343
2025-10-13,663.04,0.175546
2025-10-14,662.23,0.200792
2025-10-15,665.17,0.187673
2025-10-16,660.64,0.127329
2025-10-17,664.39,0.116411
2025-10-20,671.3,0.100673
2025-10-21,671.29,0.133636
2025-10-22,667.8,0.202133
2025-10-23,671.76,0.124211
2025-10-24,677.25,0.096463
2025-10-27,685.24,0.050117
2025-10-28,687.06,0.062338
2025-10-29,687.39,0.045622
2025-10-30,679.83,0.187959
2025-10-31,682.06,0.071149
2025-11-03,683.34,0.184234
2025-11-04,675.24,0.321666
2025-11-05,677.58,0.223388
2025-11-06,670.31,0.377032
2025-11-07,670.97,0.255406
2025-11-10,681.44,0.207245
2025-11-11,683.0,0.278444
2025-11-12,683.38,0.282932
2025-11-13,672.04,0.365211
2025-11-14,671.93,0.252261
2025-11-17,665.67,0.22971
2025-11-18,660.08,0.101521
2025-11-19,662.63,0.1193
2025-11-20,652.53,0.024442
2025-11-21,659.03,0.036978
2025-11-24,668.73,0.129385
2025-11-25,675.02,0.131156
2025-11-26,679.68,0.153009
2025-11-28,683.39,0.178647
2025-12-01,680.27,0.191628
2025-12-02,681.53,0.183744
2025-12-03,683.89,0.198946
2025-12-04,684.39,0.14542
2025-12-05,685.69,0.112891
2025-12-08,683.63,0.159361
2025-12-09,683.04,0.102562
2025-12-10,687.57,0.027228
2025-12-11,689.17,0.025959
2025-12-12,681.76,0.03591
2025-12-15,680.73,0.075807
2025-12-16,678.87,0.023661
2025-12-17,671.4,0.098874
2025-12-18,676.47,0.035683
2025-12-19,680.59,0.043385
2025-12-22,684.83,0.057448
2025-12-23,687.96,0.055248
2025-12-24,690.38,0.105943
2025-12-26,690.31,0.082257
2025-12-29,687.85,0.063783
2025-12-30,687.01,0.124745
2025-12-31,681.92,0.176538
2026-01-02,683.17,0.042055
2026-01-05,687.72,0.037985
2026-01-06,691.81,0.028251
2026-01-07,689.58,0.053797
2026-01-08,689.51,0.055312
2026-01-09,694.07,0.022358
2026-01-12,695.16,0.038926
2026-01-13,693.77,0.066505
2026-01-14,690.36,0.053256
2026-01-15,692.24,0.097516
2026-01-16,691.66,0.131302
2026-01-20,677.58,0.099882
2026-01-21,685.4,0.029547
2026-01-22,688.98,0.220633
2026-01-23,689.23,0.387117
2026-01-26,692.73,0.199945
2026-01-27,695.49,0.152223
2026-01-28,695.42,0.115188
2026-01-29,694.04,0.080549
2026-01-30,691.97,0.111245
2026-02-02,695.41,0.167192
2026-02-03,689.53,0.19866
2026-02-04,686.19,0.179963
2026-02-05,677.62,0.086497
2026-02-06,690.62,0.091344
2026-02-09,693.95,0.241411
2026-02-10,692.12,0.299109
2026-02-11,691.96,0.233383
2026-02-12,681.27,0.149744
2026-02-13,681.75,0.180077
2026-02-17,682.85,0.228186
2026-02-18,686.29,0.336594
2026-02-19,684.48,0.48734
2026-02-20,689.43,0.063471
2026-02-23,682.39,0.158403
2026-02-24,687.35,0.177217
2026-02-25,693.15,0.130604
2026-02-26,689.3,0.195547
2026-02-27,685.99,0.282279
2026-03-02,686.38,0.188035
2026-03-03,680.33,0.121043
2026-03-04,685.13,0.214098
2026-03-05,681.31,0.12942
2026-03-06,672.38,0.164865
2026-03-09,678.27,0.128022
2026-03-10,677.18,0.271667
2026-03-11,676.33,0.383869
2026-03-12,666.06,0.138825
2026-03-13,662.29,0.167356
2026-03-16,669.03,0.212022
2026-03-17,670.79,0.241423
2026-03-18,661.43,0.342937
2026-03-19,659.8,0.11686
2026-03-20,648.57,0.037247
2026-03-23,655.38,0.048881
2026-03-24,653.18,0.139378
2026-03-25,656.82,0.134775
2026-03-26,645.09,0.149426
2026-03-27,634.09,0.112315
2026-03-30,631.97,0.077373
2026-03-31,650.34,0.009512
2026-04-01,655.24,0.109897
2026-04-02,655.83,0.362069
2026-04-06,658.93,0.466277
2026-04-07,659.22,0.263938
2026-04-08,676.01,0.018992
2026-04-09,679.91,0.051891
2026-04-10,679.46,0.096096
2026-04-13,686.1,0.054621
2026-04-14,694.46,0.058847
2026-04-15,699.94,0.061904
2026-04-16,701.66,0.036398
2026-04-17,710.14,0.025854
2026-04-20,708.72,0.072788
2026-04-21,704.08,0.11935
2026-04-22,711.21,0.067404
2026-04-23,708.45,0.095034
2026-04-24,713.94,0.071716
2026-04-27,715.17,0.113701
2026-04-28,711.69,0.10887
