date,close,shift_prob,label
2020-03-13,246.1228485107422,0.8815388873937354,1.0
2020-03-16,219.19113159179688,0.007511509976754845,0.0
2020-03-17,231.0257110595703,0.8938334104973683,1.0
2020-03-18,219.3282470703125,0.017709650245020598,0.0
2020-03-19,219.79429626464844,0.029358640991699544,0.0
2020-03-20,210.32244873046875,0.011197769728548664,0.0
2020-03-23,204.94488525390625,0.012112361152051285,0.0
2020-03-24,223.51356506347656,0.01828586126862695,0.0
2020-03-25,226.8595733642578,0.0029186054026464465,0.0
2020-03-26,240.1058807373047,0.012683186094364278,0.0
2020-03-27,232.9541778564453,0.0008312541297510294,0.0
2020-03-30,240.5194854736328,0.015692312552211825,0.0
2020-03-31,236.93446350097656,0.0016049336427911903,0.0
2020-04-01,226.2713165283203,0.0016191031178384926,0.0
2020-04-02,231.4925994873047,0.013552849578228906,0.0
2020-04-03,228.14649963378906,0.002586101814114317,0.0
2020-04-06,243.4702911376953,0.006707529320838914,0.0
2020-04-07,243.71849060058594,0.0010284212443825186,0.0
2020-04-08,251.89974975585938,0.004341082263168801,0.0
2020-04-09,255.7329864501953,0.003083431908823101,0.0
2020-04-13,253.39810180664062,0.0018581846444747487,0.0
2020-04-14,260.8715515136719,0.005779521971938716,0.0
2020-04-15,255.32846069335938,0.0017804204341746557,0.0
2020-04-16,256.560302734375,0.0013243024987059878,0.0
2020-04-17,263.49139404296875,0.005761202040754064,0.0
2020-04-20,258.8492126464844,0.0018708974744336309,0.0
2020-04-21,250.9897003173828,0.007699699955221456,0.0
2020-04-22,256.560302734375,0.0051139300379155,0.0
2020-04-23,256.5418395996094,0.001812659429324212,0.0
2020-04-24,260.11773681640625,0.0015332210369482734,0.0
2020-04-27,263.8682861328125,0.0018488220778930147,0.0
2020-04-28,262.65484619140625,0.0012657331166404137,0.0
2020-04-29,269.5307312011719,0.006698920109971665,0.0
2020-04-30,267.0213623046875,0.0012947482398717302,0.0
2020-05-01,259.9522705078125,0.001987076175200115,0.0
2020-05-04,260.6693115234375,0.0017175309058381127,0.0
2020-05-05,263.0777587890625,0.0012238428229174097,0.0
2020-05-06,261.2944030761719,0.001148735836740292,0.0
2020-05-07,264.4473876953125,0.0026189111996930054,0.0
2020-05-08,268.8229064941406,0.002193250049315712,0.0
2020-05-11,268.87799072265625,0.001262644104421332,0.0
2020-05-12,263.5189208984375,0.0029489493119538917,0.0
2020-05-13,258.85845947265625,0.0017653842525824548,0.0
2020-05-14,261.9562683105469,0.0013640973085649653,0.0
2020-05-15,263.1604919433594,0.0014311820986380038,0.0
2020-05-18,271.1762390136719,0.02489301814369192,0.0
2020-05-19,268.390869140625,0.0007005506576484718,0.0
2020-05-20,272.9503479003906,0.003274355362435083,0.0
2020-05-21,271.06591796875,0.0041637959351054025,0.0
2020-05-22,271.58062744140625,0.007046843206908951,0.0
2020-05-26,274.9267578125,0.004090176549236051,0.0
2020-05-27,279.0173034667969,0.0051767050596094955,0.0
2020-05-28,278.5025634765625,0.00258794152619276,0.0
2020-05-29,279.7434997558594,0.002529407790045702,0.0
2020-06-01,280.87420654296875,0.009269992299717453,0.0
2020-06-02,283.1997375488281,0.005984218552832458,0.0
2020-06-03,286.96881103515625,0.015660533198924145,0.0
2020-06-04,286.2149353027344,0.015617344467279623,0.0
2020-06-05,293.55059814453125,0.030502474095926293,0.0
2020-06-08,297.0988464355469,0.029188214444790576,0.0
2020-06-09,294.88348388671875,0.032368475861412546,0.0
2020-06-10,293.23797607421875,0.028436620946843162,0.0
2020-06-11,276.33319091796875,0.0020414807131469087,0.0
2020-06-12,279.64239501953125,0.005635499888796089,0.0
2020-06-15,282.2530822753906,0.015193735984327347,0.0
2020-06-16,287.68585205078125,0.002182027419550244,0.0
2020-06-17,286.4908447265625,0.0009422673540401734,0.0
2020-06-18,286.6011047363281,0.0008526862157108452,0.0
2020-06-19,284.9631652832031,0.0008931738338123491,0.0
2020-06-22,286.7912292480469,0.0017181616587239826,0.0
2020-06-23,288.1115417480469,0.0013934890028618938,0.0
2020-06-24,280.7622375488281,0.0019290262669623545,0.0
2020-06-25,283.77215576171875,0.0021575901191393954,0.0
2020-06-26,277.0321044921875,0.002542545355063058,0.0
2020-06-29,281.1038818359375,0.004181972104943144,0.0
2020-06-30,284.70465087890625,0.0019558354882956027,0.0
2020-07-01,286.6988830566406,0.0027532898683745024,0.0
2020-07-02,288.27777099609375,0.0020136273596876374,0.0
2020-07-06,292.7279968261719,0.005322677442575911,0.0
2020-07-07,289.7088928222656,0.0019216110293611107,0.0
2020-07-08,291.9247741699219,0.0016296750194271538,0.0
2020-07-09,290.2628479003906,0.0014646128644297167,0.0
2020-07-10,293.2265930175781,0.0023201283174361727,0.0
2020-07-13,290.68756103515625,0.0016148253676082777,0.0
2020-07-14,294.4546813964844,0.0029763019488621267,0.0
2020-07-15,297.15985107421875,0.001626369822280418,0.0
2020-07-16,296.1811218261719,0.0017775998384781625,0.0
2020-07-17,297.0398254394531,0.0015931973740680716,0.0
2020-07-20,299.4403991699219,0.0017387480046374161,0.0
2020-07-21,300.07745361328125,0.0015652767907193574,0.0
2020-07-22,301.785400390625,0.0016920974873937701,0.0
2020-07-23,298.1846008300781,0.0022371988818507735,0.0
2020-07-24,296.2641906738281,0.001987775058613722,0.0
2020-07-27,298.4247741699219,0.001903935666543544,0.0
2020-07-28,296.5319519042969,0.001398343981556624,0.0
2020-07-29,300.178955078125,0.0017026089363701383,0.0
2020-07-30,299.1080017089844,0.0014034029847046782,0.0
2020-07-31,301.4715576171875,0.001344345027539346,0.0
2020-08-03,303.56744384765625,0.0015694970988124866,0.0
2020-08-04,304.74005126953125,0.0013538372217653007,0.0
2020-08-05,306.6326599121094,0.0015751785538406385,0.0
2020-08-06,308.682373046875,0.0017740609294047748,0.0
2020-08-07,308.904052734375,0.001172039826386335,0.0
2020-08-10,309.8272399902344,0.0011479051994272352,0.0
2020-08-11,307.2697448730469,0.0007278510755405915,0.0
2020-08-12,311.5538024902344,0.0013564143167259907,0.0
2020-08-13,310.9905700683594,0.0010590877769548314,0.0
2020-08-14,310.9998474121094,0.001097612386935321,0.0
2020-08-17,311.98779296875,0.001689781220039089,0.0
2020-08-18,312.66180419921875,0.0014224588204060833,0.0
2020-08-19,311.3599548339844,0.0008716133711258846,0.0
2020-08-20,312.32940673828125,0.001266446349919541,0.0
2020-08-21,313.4373474121094,0.00125226265223264,0.0
2020-08-24,316.6134338378906,0.001632692350049003,0.0
2020-08-25,317.7214660644531,0.0013430741366810136,0.0
2020-08-26,320.90673828125,0.005872188597632298,0.0
2020-08-27,321.6083984375,0.0028290921282557403,0.0
2020-08-28,323.6858215332031,0.008257829894004585,0.0
2020-08-31,322.5132751464844,0.005583892638726642,0.0
2020-09-01,325.5509033203125,0.7988014242242759,1.0
2020-09-02,330.2596435546875,0.8543447982823894,1.0
2020-09-03,318.8940124511719,0.0015722986995092253,0.0
2020-09-04,316.290283203125,0.0011238037465681487,0.0
2020-09-08,307.6482849121094,0.003717864803413283,0.0
2020-09-09,313.7235412597656,0.00805691924949683,0.0
2020-09-10,308.2762451171875,0.008928259862326924,0.0
2020-09-11,308.4331359863281,0.0020494030195436805,0.0
2020-09-14,312.49566650390625,0.00335344706072321,0.0
2020-09-15,314.0744323730469,0.004941437701291709,0.0
2020-09-16,312.8280029296875,0.002044871984636651,0.0
2020-09-17,310.0765380859375,0.0015136596348354439,0.0
2020-09-18,306.5067443847656,0.002308581549807276,0.0
2020-09-21,303.0954895019531,0.002148987133091793,0.0
2020-09-22,306.1822814941406,0.005439070385881334,0.0
2020-09-23,299.0816650390625,0.004694075171277971,0.0
2020-09-24,299.8788146972656,0.0055314774998663175,0.0
2020-09-25,304.72698974609375,0.0049755576975847905,0.0
2020-09-28,309.78826904296875,0.00850679611970317,0.0
2020-09-29,308.10113525390625,0.00198213415304412,0.0
2020-09-30,310.43719482421875,0.0033586550946756886,0.0
2020-10-01,312.43017578125,0.0034580209769647235,0.0
2020-10-02,309.4638671875,0.002828727093840832,0.0
2020-10-05,314.95159912109375,0.003079500986963385,0.0
2020-10-06,310.47430419921875,0.0016462001620158753,0.0
2020-10-07,315.87860107421875,0.002973624331291439,0.0
2020-10-08,318.6781005859375,0.0039841246906899995,0.0
2020-10-09,321.5238952636719,0.003410706089939652,0.0
2020-10-12,326.6964416503906,0.0028920348822358013,0.0
2020-10-13,324.5643615722656,0.001692616224534221,0.0
2020-10-14,322.5250244140625,0.0018828505866959353,0.0
2020-10-15,322.1264953613281,0.0015089454546191718,0.0
2020-10-16,321.9317932128906,0.0007679582672457433,0.0
2020-10-19,317.0372619628906,0.0013717154101931777,0.0
2020-10-20,318.3072509765625,0.0027013926917064156,0.0
2020-10-21,317.704833984375,0.002076692402626969,0.0
2020-10-22,319.4473571777344,0.0028612992166619612,0.0
2020-10-23,320.5320739746094,0.002193760541519346,0.0
2020-10-26,314.60870361328125,0.0016608030197044835,0.0
2020-10-27,313.52398681640625,0.004635732257319213,0.0
2020-10-28,302.80816650390625,0.0025907093553468557,0.0
2020-10-29,305.8857421875,0.008616331679469904,0.0
2020-10-30,302.6969299316406,0.0018276774678259286,0.0
2020-11-02,306.0896911621094,0.005303277285937682,0.0
2020-11-03,311.4940185546875,0.004880998936079128,0.0
2020-11-04,318.45556640625,0.008642706789955577,0.0
2020-11-05,324.6662902832031,0.00157453618654944,0.0
2020-11-06,324.5921936035156,0.00177628143322137,0.0
2020-11-09,328.6708984375,0.0013226634229506029,0.0
2020-11-10,328.18896484375,0.0011231502831535046,0.0
2020-11-11,330.62689208984375,0.0016526434794237133,0.0
2020-11-12,327.41949462890625,0.0013830379626696356,0.0
2020-11-13,331.95245361328125,0.0015870625688420615,0.0
2020-11-16,336.0960388183594,0.00190525039462186,0.0
2020-11-17,334.2884216308594,0.0020882557596931263,0.0
2020-11-18,330.2653503417969,0.0032895198560072844,0.0
2020-11-19,331.6558532714844,0.002392395035688152,0.0
2020-11-20,329.38470458984375,0.0029401077962106703,0.0
2020-11-23,331.3591613769531,0.0022072459589294363,0.0
2020-11-24,336.6985778808594,0.002572126780952564,0.0
2020-11-25,336.17950439453125,0.0035856562043428968,0.0
2020-11-27,337.1156921386719,0.0036949759840845106,0.0
2020-11-30,335.6232604980469,0.001788147141662627,0.0
2020-12-01,339.29412841796875,0.001764879911012175,0.0
2020-12-02,340.00787353515625,0.002679243629152185,0.0
2020-12-03,339.915283203125,0.001097612386935321,0.0
2020-12-04,342.8445739746094,0.0014274750592896273,0.0
2020-12-07,342.1400451660156,0.0010535456479547648,0.0
2020-12-08,343.14111328125,0.002107984105654206,0.0
2020-12-09,340.0634460449219,0.0008053469163634771,0.0
2020-12-10,339.9522399902344,0.0011888522298152228,0.0
2020-12-11,339.55364990234375,0.0012116695289417748,0.0
2020-12-14,338.033447265625,0.0011292330277585837,0.0
2020-12-15,342.6034240722656,0.0015015584195283546,0.0
2020-12-16,343.14111328125,0.0009865734227008454,0.0
2020-12-17,345.0599670410156,0.0010304338404711795,0.0
2020-12-18,343.6821594238281,0.0006549702038344365,0.0
2020-12-21,342.4533386230469,0.0007059339145477635,0.0
2020-12-22,341.8761901855469,0.0009319685487135796,0.0
2020-12-23,342.18341064453125,0.0009319685487135796,0.0
2020-12-24,343.5146484375,0.0014923551993665512,0.0
2020-12-28,346.46563720703125,0.0018287766288316507,0.0
2020-12-29,345.8047180175781,0.001376579421336938,0.0
2020-12-30,346.29815673828125,0.001523120974781444,0.0
2020-12-31,348.0575866699219,0.0011557492892844718,0.0
2021-01-04,343.3192138671875,0.000994420688298855,0.0
2021-01-05,345.68365478515625,0.001468496520965906,0.0
2021-01-06,347.75030517578125,0.001376260352446152,0.0
2021-01-07,352.9170837402344,0.002500480057248263,0.0
2021-01-08,354.92779541015625,0.0015087503942681508,0.0
2021-01-11,352.53533935546875,0.0009203137706955814,0.0
2021-01-12,352.6098327636719,0.0009203137706955814,0.0
2021-01-13,353.5593566894531,0.001298732324706987,0.0
2021-01-14,352.3211975097656,0.0014484099077805923,0.0
2021-01-15,349.7519226074219,0.0010158680902085067,0.0
2021-01-19,352.4982604980469,0.0017216924475324193,0.0
2021-01-20,357.3762512207031,0.0013304138861720846,0.0
2021-01-21,357.70208740234375,0.0012243365719687694,0.0
2021-01-22,356.4360046386719,0.0012079448863069793,0.0
2021-01-25,357.8417663574219,0.0013013643316536067,0.0
2021-01-26,357.28314208984375,0.0012094273655957266,0.0
2021-01-27,348.551025390625,0.0020177769155998834,0.0
2021-01-28,351.548583984375,0.0017087207902512745,0.0
2021-01-29,344.5107727050781,0.0017992052265550103,0.0
2021-02-01,350.24530029296875,0.003850049185228419,0.0
2021-02-02,355.1977844238281,0.0023593522933135934,0.0
2021-02-03,355.47711181640625,0.0016721523489629415,0.0
2021-02-04,359.5174255371094,0.002345364856563908,0.0
2021-02-05,360.9323425292969,0.004018648910629314,0.0
2021-02-08,363.5390319824219,0.004335491004616823,0.0
2021-02-09,363.2969055175781,0.003905046541197169,0.0
2021-02-10,363.138671875,0.0015244155620554116,0.0
2021-02-11,363.7252502441406,0.0015770350361929122,0.0
2021-02-12,365.52197265625,0.0015557962382029558,0.0
2021-02-16,365.2053527832031,0.004545186209346907,0.0
2021-02-17,365.2891540527344,0.0018450781234203295,0.0
2021-02-18,363.7345275878906,0.002400481302910202,0.0
2021-02-19,363.0921630859375,0.004483387110480456,0.0
2021-02-22,360.2993469238281,0.0018763491830567998,0.0
2021-02-23,360.7369079589844,0.0015272152901208934,0.0
2021-02-24,364.7120056152344,0.0019757089829471625,0.0
2021-02-25,355.9239807128906,0.002187875378110152,0.0
2021-02-26,354.0899963378906,0.001364814836035718,0.0
2021-03-01,362.6732177734375,0.005071962293901086,0.0
2021-03-02,359.8431701660156,0.002006003078396203,0.0
2021-03-03,355.0767822265625,0.001677565716417585,0.0
2021-03-04,350.68280029296875,0.001686102558926121,0.0
2021-03-05,357.1341552734375,0.004313875477817962,0.0
2021-03-08,355.3561096191406,0.001518063112405921,0.0
2021-03-09,360.4297180175781,0.002713840018150219,0.0
2021-03-10,362.6732177734375,0.002082792570593878,0.0
2021-03-11,366.3504638671875,0.001769219575326719,0.0
2021-03-12,366.84375,0.0012066961394388072,0.0
2021-03-15,369.0315246582031,0.0027769336593472358,0.0
2021-03-16,368.56610107421875,0.0016107410759025951,0.0
2021-03-17,369.8227844238281,0.0015690290674597875,0.0
2021-03-18,364.44207763671875,0.002124379536505458,0.0
2021-03-19,363.7676696777344,0.0014935823615675006,0.0
2021-03-22,366.67236328125,0.002117709451967697,0.0
2021-03-23,363.7863464355469,0.001636019561988754,0.0
2021-03-24,361.93707275390625,0.0018061097967784696,0.0
2021-03-25,363.97314453125,0.00212078298491913,0.0
2021-03-26,369.8385925292969,0.003358629623276345,0.0
2021-03-29,369.6517333984375,0.0014145096118587097,0.0
2021-03-30,368.67108154296875,0.0022809037467249344,0.0
2021-03-31,370.1654357910156,0.0012043198992993996,0.0
2021-04-01,374.162841796875,0.0011030212184297218,0.0
2021-04-05,379.5333557128906,0.001981468789751857,0.0
2021-04-06,379.3091735839844,0.001392243334829478,0.0
2021-04-07,379.7481384277344,0.0011851117601541416,0.0
2021-04-08,381.5506591796875,0.0015592719486947815,0.0
2021-04-09,384.3246765136719,0.0034428761116568063,0.0
2021-04-12,384.4647216796875,0.0012136473377806422,0.0
2021-04-13,385.6042175292969,0.004470466834521039,0.0
2021-04-14,384.287353515625,0.0035098601354793427,0.0
2021-04-15,388.41552734375,0.01476434203044897,0.0
2021-04-16,389.7137451171875,0.009308059851145868,0.0
2021-04-19,387.799072265625,0.0016197369594294002,0.0
2021-04-20,384.9598693847656,0.001520230110214573,0.0
2021-04-21,388.6023254394531,0.0013958260898757865,0.0
2021-04-22,385.0531311035156,0.0006013101529800545,0.0
2021-04-23,389.22808837890625,0.0012542155638056362,0.0
2021-04-26,390.0406799316406,0.0009152377962620695,0.0
2021-04-27,389.9565734863281,0.0011480022271331267,0.0
2021-04-28,389.844482421875,0.0011480022271331267,0.0
2021-04-29,392.328857421875,0.0016652737384912546,0.0
2021-04-30,389.75103759765625,0.0008677416190109969,0.0
2021-05-03,390.5917663574219,0.001051851969457083,0.0
2021-05-04,388.1820068359375,0.0007931530476209376,0.0
2021-05-05,388.3033752441406,0.0014186333365797733,0.0
2021-05-06,391.40423583984375,0.0015015584195283546,0.0
2021-05-07,394.2528991699219,0.0015438550128220256,0.0
2021-05-10,390.3488464355469,0.0009942760924243025,0.0
2021-05-11,386.8651428222656,0.0009278979652786904,0.0
2021-05-12,378.64599609375,0.0015039268109061476,0.0
2021-05-13,383.1945495605469,0.0018575514313765428,0.0
2021-05-14,389.0785827636719,0.0037501180254199845,0.0
2021-05-17,388.0885314941406,0.0012126178721415268,0.0
2021-05-18,384.7449035644531,0.001427729519713911,0.0
2021-05-19,383.73626708984375,0.0011985411349949681,0.0
2021-05-20,387.8644714355469,0.003877825139983097,0.0
2021-05-21,387.54693603515625,0.0013993461927247425,0.0
2021-05-24,391.49774169921875,0.0018311124554913425,0.0
2021-05-25,390.6290283203125,0.0012535072501675519,0.0
2021-05-26,391.40423583984375,0.0013212026082006347,0.0
2021-05-27,391.60968017578125,0.0012992089130482746,0.0
2021-05-28,392.3102722167969,0.0012992089130482746,0.0
2021-06-01,391.96466064453125,0.001376579421336938,0.0
2021-06-02,392.5810546875,0.0013909266633912142,0.0
2021-06-03,391.1240234375,0.0014713615698825656,0.0
2021-06-04,394.701171875,0.001800602185748019,0.0
2021-06-07,394.31829833984375,0.001376579421336938,0.0
2021-06-08,394.40234375,0.0014734092679703186,0.0
2021-06-09,393.81390380859375,0.001470820997973968,0.0
2021-06-10,395.64453125,0.0014457643131175447,0.0
2021-06-11,396.29827880859375,0.0015674464977111604,0.0
2021-06-14,397.1855773925781,0.0016660998804433609,0.0
2021-06-15,396.4571533203125,0.0014784407439341798,0.0
2021-06-16,394.2434997558594,0.0009567216113070443,0.0
2021-06-17,394.1128234863281,0.0009659367453624198,0.0
2021-06-18,388.796142578125,0.001037038511397855,0.0
2021-06-21,394.36199951171875,0.001372945869359104,0.0
2021-06-22,396.47039794921875,0.001107581064949833,0.0
2021-06-23,395.992431640625,0.000857209450941676,0.0
2021-06-24,398.3350830078125,0.0025330334901800832,0.0
2021-06-25,399.75006103515625,0.0013756107721137317,0.0
2021-06-28,400.5558776855469,0.0015422832181606987,0.0
2021-06-29,400.7713928222656,0.0014532232035602017,0.0
2021-06-30,401.1087341308594,0.0011547055597609169,0.0
2021-07-01,403.3294677734375,0.001334442851184902,0.0
2021-07-02,406.41241455078125,0.0018602320804043595,0.0
2021-07-06,405.67205810546875,0.0010643106157336233,0.0
2021-07-07,407.10577392578125,0.0010676141618741846,0.0
2021-07-08,403.7887268066406,0.000718164154155884,0.0
2021-07-09,408.0989990234375,0.0011997502273897944,0.0
2021-07-12,409.56085205078125,0.0012677698506481983,0.0
2021-07-13,408.1645812988281,0.0009203137706955814,0.0
2021-07-14,408.7736511230469,0.000851237512032976,0.0
2021-07-15,407.3775634765625,0.0012094273655957266,0.0
2021-07-16,404.1821594238281,0.0008107608549565503,0.0
2021-07-19,398.2132568359375,0.0008441795423392571,0.0
2021-07-20,403.9198913574219,0.002577313470832449,0.0
2021-07-21,407.1900939941406,0.0013352656479272793,0.0
2021-07-22,408.0428466796875,0.0009845506327719946,0.0
2021-07-23,412.2406921386719,0.0013124016712641956,0.0
2021-07-26,413.2527160644531,0.0017290637607605655,0.0
2021-07-27,411.36932373046875,0.0011186753213662107,0.0
2021-07-28,411.2005920410156,0.0013817510900288675,0.0
2021-07-29,412.90606689453125,0.0017449904944192172,0.0
2021-07-30,410.9008483886719,0.0013495137497488907,0.0
2021-08-02,410.0386962890625,0.0012535072501675519,0.0
2021-08-03,413.3745422363281,0.0017216924475324193,0.0
2021-08-04,411.3411865234375,0.001229903062984371,0.0
2021-08-05,413.9461364746094,0.0017216924475324193,0.0
2021-08-06,414.6301574707031,0.001396152157852474,0.0
2021-08-09,414.2928466796875,0.0013909266633912142,0.0
2021-08-10,414.80816650390625,0.0013909266633912142,0.0
2021-08-11,415.8389892578125,0.0014821532695060353,0.0
2021-08-12,417.085205078125,0.0013484385124904056,0.0
2021-08-13,417.8442077636719,0.001366557356222148,0.0
2021-08-16,418.828125,0.0011487980902637831,0.0
2021-08-17,416.08258056640625,0.0009251754195947859,0.0
2021-08-18,411.528564453125,0.0008904579857321566,0.0
2021-08-19,412.1657409667969,0.0009309398915680003,0.0
2021-08-20,415.4454040527344,0.0016305919628301245,0.0
2021-08-23,419.0999450683594,0.0017377050058297182,0.0
2021-08-24,419.7652282714844,0.0010463662038756255,0.0
2021-08-25,420.6460266113281,0.0011708430880468736,0.0
2021-08-26,418.162841796875,0.0013845030544706598,0.0
2021-08-27,421.9016418457031,0.001764839233573432,0.0
2021-08-30,423.7569580078125,0.002477514412856983,0.0
2021-08-31,423.1291198730469,0.0011164663433300105,0.0
2021-09-01,423.35400390625,0.001207039401732884,0.0
2021-09-02,424.656494140625,0.0014960947741052744,0.0
2021-09-03,424.5534362792969,0.0012879754533178746,0.0
2021-09-07,423.0354309082031,0.001324394777376484,0.0
2021-09-08,422.5201110839844,0.0012457659434721572,0.0
2021-09-09,420.71160888671875,0.0013777570955058715,0.0
2021-09-10,417.39447021484375,0.0007846882705845024,0.0
2021-09-13,418.4626159667969,0.0013982445103325077,0.0
2021-09-14,416.2044677734375,0.0010379509676209577,0.0
2021-09-15,419.68084716796875,0.0015713350024041271,0.0
2021-09-16,419.0155334472656,0.0011198075196931976,0.0
2021-09-17,414.93389892578125,0.0009951328114576523,0.0
2021-09-20,408.0152282714844,0.000997291320409475,0.0
2021-09-21,407.62969970703125,0.0007600897641802136,0.0
2021-09-22,411.6061096191406,0.002088687801804492,0.0
2021-09-23,416.6072082519531,0.0021420980646863364,0.0
2021-09-24,417.2934265136719,0.0013248789509504957,0.0
2021-09-27,416.099609375,0.0012537870038582958,0.0
2021-09-28,407.7143859863281,0.0014662127982216775,0.0
2021-09-29,408.4006652832031,0.0013790650460345408,0.0
2021-09-30,403.4090576171875,0.0010388479869723997,0.0
2021-10-01,408.20318603515625,0.0023125431411043043,0.0
2021-10-04,402.93896484375,0.0012839688314709797,0.0
2021-10-05,407.13153076171875,0.0050096182837665645,0.0
2021-10-06,408.8235778808594,0.003933281533232649,0.0
2021-10-07,412.35821533203125,0.00398907544904437,0.0
2021-10-08,411.6061096191406,0.0024499342842322705,0.0
2021-10-11,408.62628173828125,0.0021052601104613942,0.0
2021-10-12,407.620361328125,0.0024142792036996826,0.0
2021-10-13,409.0867919921875,0.0037117316518554388,0.0
2021-10-14,415.96795654296875,0.003112041101624268,0.0
2021-10-15,419.1358642578125,0.005314170690327317,0.0
2021-10-18,420.3767395019531,0.0013506661917940274,0.0
2021-10-19,423.619873046875,0.004277396362751416,0.0
2021-10-20,425.28369140625,0.0015232171890996718,0.0
2021-10-21,426.3929443359375,0.006691285136607276,0.0
2021-10-22,425.9512023925781,0.0021167720335732746,0.0
2021-10-25,428.2354431152344,0.00598990138074047,0.0
2021-10-26,428.62078857421875,0.0060202911511079244,0.0
2021-10-27,426.72198486328125,0.005538963598798457,0.0
2021-10-28,430.83941650390625,0.006494743382709881,0.0
2021-10-29,431.7136535644531,0.005793124485665979,0.0
2021-11-01,432.45623779296875,0.006352622162471198,0.0
2021-11-02,434.2047424316406,0.0065542348917399735,0.0
2021-11-03,436.8555603027344,0.011258959960326782,0.0
2021-11-04,438.9143371582031,0.032875686779665285,0.0
2021-11-05,440.43719482421875,0.014486162669918583,0.0
2021-11-08,440.8132019042969,0.02941939648952638,0.0
2021-11-09,439.3561096191406,0.0076782643613529,0.0
2021-11-10,435.8215637207031,0.0018842547027411944,0.0
2021-11-11,435.9626159667969,0.003935590044595952,0.0
2021-11-12,439.2527770996094,0.005633928774597183,0.0
2021-11-15,439.4031982421875,0.004168142356650718,0.0
2021-11-16,441.1421813964844,0.004714730724089784,0.0
2021-11-17,440.0706481933594,0.007513703411607357,0.0
2021-11-18,441.5653381347656,0.008502782393803605,0.0
2021-11-19,440.775634765625,0.0031855703912765754,0.0
2021-11-22,439.53472900390625,0.003526148433221239,0.0
2021-11-23,440.1176452636719,0.0027769143061789608,0.0
2021-11-24,441.2925720214844,0.005206008625763682,0.0
2021-11-26,431.4504089355469,0.0028520110339995716,0.0
2021-11-29,436.742919921875,0.006360078221905852,0.0
2021-11-30,428.2449035644531,0.001085866957077603,0.0
2021-12-01,423.48822021484375,0.0026697070406716777,0.0
2021-12-02,429.9744873046875,0.0035533471148967676,0.0
2021-12-03,426.2331848144531,0.0014099763822397388,0.0
2021-12-06,431.2812194824219,0.00480789763658887,0.0
2021-12-07,440.2022399902344,0.014048433829277316,0.0
2021-12-08,441.3678894042969,0.0048450192183306096,0.0
2021-12-09,438.3879089355469,0.0016660295749221898,0.0
2021-12-10,442.5146789550781,0.0025404301995696423,0.0
2021-12-13,438.5947265625,0.001705562753292397,0.0
2021-12-14,435.5771789550781,0.001679464496931925,0.0
2021-12-15,442.383056640625,0.0021473691279228664,0.0
2021-12-16,438.48193359375,0.0011423615958368943,0.0
2021-12-17,433.815185546875,0.0017155299179738314,0.0
2021-12-20,429.2022399902344,0.002117362880359536,0.0
2021-12-21,436.824462890625,0.005290540227853328,0.0
2021-12-22,441.192138671875,0.00263530279039456,0.0
2021-12-23,443.937255859375,0.013551989627619656,0.0
2021-12-27,450.219970703125,0.9518174081921105,1.0
2021-12-28,449.85205078125,0.9454265376053567,1.0
2021-12-29,450.4275207519531,0.9605689385567736,1.0
2021-12-30,449.18218994140625,0.9635722281559257,1.0
2021-12-31,448.0502014160156,0.9688200828905595,1.0
2022-01-03,450.6444091796875,0.9685858093670948,1.0
2022-01-04,450.4934997558594,0.7730379010999483,1.0
2022-01-05,441.843017578125,0.07844154120966577,0.0
2022-01-06,441.4280090332031,0.05606532280605574,0.0
2022-01-07,439.6828308105469,0.07791181154607837,0.0
2022-01-10,439.13568115234375,0.07436344678199272,0.0
2022-01-11,443.13543701171875,0.7847811183446131,1.0
2022-01-12,444.33343505859375,0.7703300662122263,1.0
2022-01-13,438.2111511230469,0.04281083689998279,0.0
2022-01-14,438.3905029296875,0.036668347361118674,0.0
2022-01-18,430.6266784667969,0.08553177316573635,0.0
2022-01-19,426.1552734375,0.05023610242302157,0.0
2022-01-20,421.4385681152344,0.0023188302363976285,0.0
2022-01-21,413.1653747558594,0.0011402627441462676,0.0
2022-01-24,414.9200744628906,0.004617083921110555,0.0
2022-01-25,409.8542785644531,0.00176605688155815,0.0
2022-01-26,408.8260192871094,0.012532411859953614,0.0
2022-01-27,406.8072509765625,0.004936121498210312,0.0
2022-01-28,416.9105224609375,0.029600993144712782,0.0
2022-01-31,424.4195251464844,0.008420024776567775,0.0
2022-02-01,427.2873229980469,0.02219050315249661,0.0
2022-02-02,431.43798828125,0.035847534858285866,0.0
2022-02-03,421.2970275878906,0.009188598370470334,0.0
2022-02-04,423.278076171875,0.0044110428559753735,0.0
2022-02-07,421.91961669921875,0.0029978654930299955,0.0
2022-02-08,425.3912048339844,0.008494797294477498,0.0
2022-02-09,431.6171875,0.7438938682301838,1.0
2022-02-10,423.86285400390625,0.005673927986717946,0.0
2022-02-11,415.5049133300781,0.0033258621226928365,0.0
2022-02-14,414.146484375,0.002270299930458075,0.0
2022-02-15,420.8253479003906,0.011064172194947113,0.0
2022-02-16,421.2970275878906,0.0023772319055711142,0.0
2022-02-17,412.2975158691406,0.0028366163647230045,0.0
2022-02-18,409.6279602050781,0.019246962543664484,0.0
2022-02-22,405.23187255859375,0.0051552030726834475,0.0
2022-02-23,398.04364013671875,0.0013549306691797171,0.0
2022-02-24,404.03387451171875,0.011403874426726508,0.0
2022-02-25,412.9484558105469,0.012519636150872019,0.0
2022-02-28,411.8919372558594,0.003853045658193878,0.0
2022-03-01,405.61871337890625,0.0015068011120748976,0.0
2022-03-02,413.0805358886719,0.03616607576468034,0.0
2022-03-03,411.02398681640625,0.008101211822131976,0.0
2022-03-04,407.6846008300781,0.008017338179015883,0.0
2022-03-07,395.6664123535156,0.00221298624583663,0.0
2022-03-08,392.66656494140625,0.0010057613234082873,0.0
2022-03-09,403.1943359375,0.00868995639341722,0.0
2022-03-10,401.3736267089844,0.0013485359936254372,0.0
2022-03-11,396.27020263671875,0.0010494282726703239,0.0
2022-03-14,393.3739929199219,0.0009179430730561491,0.0
2022-03-15,402.0245361328125,0.00794038385866724,0.0
2022-03-16,410.9391174316406,0.0089291735743192,0.0
2022-03-17,416.08038330078125,0.0012705940144368422,0.0
2022-03-18,420.6376037597656,0.0012611284884157152,0.0
2022-03-21,420.5145568847656,0.000864301879726589,0.0
2022-03-22,425.4352111816406,0.0268825280753693,0.0
2022-03-23,419.9562683105469,0.0936042251853778,0.0
2022-03-24,426.28680419921875,0.05717418939173526,0.0
2022-03-25,428.36865234375,0.030398745579529773,0.0
2022-03-28,431.4156494140625,0.9216492222503643,1.0
2022-03-29,436.7526550292969,0.9405805773264735,1.0
2022-03-30,434.0558166503906,0.9193002852551233,1.0
2022-03-31,427.37506103515625,0.8656236658074079,1.0
2022-04-01,428.58636474609375,0.9348606607784038,1.0
2022-04-04,432.2578125,0.8827063451641579,1.0
2022-04-05,426.7978820800781,0.9261127547408342,1.0
2022-04-06,422.5301818847656,0.17480174120213346,0.0
2022-04-07,424.65924072265625,0.8892175743418032,1.0
2022-04-08,423.5237731933594,0.9057540557759584,1.0
2022-04-11,416.2847595214844,0.9121715222674832,1.0
2022-04-12,414.7423400878906,0.9307442698242799,1.0
2022-04-13,419.49261474609375,0.9640578952238814,1.0
2022-04-14,414.2691955566406,0.9201948269858622,1.0
2022-04-18,414.43951416015625,0.904929670851138,1.0
2022-04-19,421.1296691894531,0.8799182048816655,1.0
2022-04-20,420.8173828125,0.9645236865032323,1.0
2022-04-21,414.524658203125,0.9328863664286091,1.0
2022-04-22,403.1504821777344,0.8923318649574554,1.0
2022-04-25,405.4877624511719,0.945547605488577,1.0
2022-04-26,393.7444763183594,0.028982434441654367,0.0
2022-04-27,394.85162353515625,0.02435320513199534,0.0
2022-04-28,404.82537841796875,0.9528640821647543,1.0
2022-04-29,389.8647766113281,0.005658560783045189,0.0
2022-05-02,392.2115478515625,0.010447154518796253,0.0
2022-05-03,394.0094299316406,0.019941463309833915,0.0
2022-05-04,406.00823974609375,0.9318346205718115,1.0
2022-05-05,391.5775146484375,0.008055908516133614,0.0
2022-05-06,389.240234375,0.0024943459007566136,0.0
2022-05-09,376.7778625488281,0.0031384663959981222,0.0
2022-05-10,377.64837646484375,0.0020835896951981467,0.0
2022-05-11,371.6490173339844,0.001009979960948128,0.0
2022-05-12,371.26104736328125,0.003177821265650055,0.0
2022-05-13,380.13702392578125,0.02649898721086049,0.0
2022-05-16,378.59466552734375,0.0009441310663968083,0.0
2022-05-17,386.3824768066406,0.8437986725045523,1.0
2022-05-18,370.8067932128906,0.013048571769785595,0.0
2022-05-19,368.5357666015625,0.00578919900467395,0.0
2022-05-20,368.6966552734375,0.0008911624079407908,0.0
2022-05-23,375.59490966796875,0.012277759269615418,0.0
2022-05-24,372.727783203125,0.027906505831937174,0.0
2022-05-25,376.0208435058594,0.05612646388395075,0.0
2022-05-26,383.5341796875,0.9455624288807131,1.0
2022-05-27,392.9496154785156,0.9448055896999805,1.0
2022-05-31,390.7447814941406,0.9636025806736377,1.0
2022-06-01,387.5842590332031,0.9200476913837806,1.0
2022-06-02,394.9652404785156,0.965161425475477,1.0
2022-06-03,388.4832458496094,0.9483796652759171,1.0
2022-06-06,389.66607666015625,0.9669921483262436,1.0
2022-06-07,393.4038391113281,0.9687130425824428,1.0
2022-06-08,389.1266784667969,0.9723003984486844,1.0
2022-06-09,379.8721008300781,0.848922203418269,1.0
2022-06-10,368.8574523925781,0.004294574516877246,0.0
2022-06-13,354.8526611328125,0.004166122463431323,0.0
2022-06-14,353.7833557128906,0.001164453519178871,0.0
2022-06-15,358.8270568847656,0.01006321186522635,0.0
2022-06-16,346.9513244628906,0.004349312825777882,0.0
2022-06-17,347.6991882324219,0.03346139100392771,0.0
2022-06-21,356.4519958496094,0.05341712752758436,0.0
2022-06-22,355.8057861328125,0.020986023757110023,0.0
2022-06-23,359.2936096191406,0.020593026907942687,0.0
2022-06-24,370.7169494628906,0.03285590014627895,0.0
2022-06-27,369.3009033203125,0.018209430395155206,0.0
2022-06-28,361.75506591796875,0.009744541713294613,0.0
2022-06-29,361.46038818359375,0.015655025050322256,0.0
2022-06-30,358.5238037109375,0.004984228551544423,0.0
2022-07-01,362.3157653808594,0.05069964582907354,0.0
2022-07-05,363.0000305175781,0.04339594072588338,0.0
2022-07-06,364.2259521484375,0.02877562548798812,0.0
2022-07-07,369.6810607910156,0.033633797144861956,0.0
2022-07-08,369.376953125,0.033582180719355814,0.0
2022-07-11,365.1573791503906,0.04101888654963364,0.0
2022-07-12,361.9261169433594,0.04349418168721358,0.0
2022-07-13,360.0253601074219,0.03942537040769032,0.0
2022-07-14,359.1510925292969,0.019718401786930295,0.0
2022-07-15,366.0127258300781,0.07508319148857051,0.0
2022-07-18,362.99053955078125,0.042724867130388436,0.0
2022-07-19,372.7982177734375,0.019362198090462187,0.0
2022-07-20,375.1741027832031,0.02648442648318549,0.0
2022-07-21,378.9945983886719,0.026116167290240817,0.0
2022-07-22,375.4782409667969,0.03115708172418982,0.0
2022-07-25,375.9344482421875,0.07275301714172006,0.0
2022-07-26,371.4867858886719,0.054328132618695714,0.0
2022-07-27,381.13287353515625,0.02066306299996753,0.0
2022-07-28,385.9132385253906,0.016817508045925994,0.0
2022-07-29,391.5393371582031,0.01810711439420734,0.0
2022-08-01,390.3799133300781,0.0179008764639801,0.0
2022-08-02,387.8044128417969,0.022560727040883893,0.0
2022-08-03,393.8772888183594,0.029575647652873027,0.0
2022-08-04,393.6112060546875,0.02226725617513946,0.0
2022-08-05,392.9459228515625,0.024678825270412135,0.0
2022-08-08,392.4897766113281,0.02808395785659426,0.0
2022-08-09,390.9311218261719,0.0516790235716005,0.0
2022-08-10,399.1423034667969,0.01927148111466897,0.0
2022-08-11,399.1423034667969,0.025831154439653253,0.0
2022-08-12,405.8992919921875,0.9637790037765923,1.0
2022-08-15,407.5719299316406,0.959866162364625,1.0
2022-08-16,408.3702697753906,0.9516875348016118,1.0
2022-08-17,405.4716491699219,0.9464667213307141,1.0
2022-08-18,406.6501770019531,0.9784855805314616,1.0
2022-08-19,401.185546875,0.7792847948926489,1.0
2022-08-22,392.8318786621094,0.08663627315830591,0.0
2022-08-23,391.8815002441406,0.9117563994197946,1.0
2022-08-24,393.135986328125,0.8976796151850461,1.0
2022-08-25,398.68609619140625,0.9055874466390407,1.0
2022-08-26,385.19097900390625,0.9295503781926411,1.0
2022-08-29,382.64398193359375,0.9224660588323232,1.0
2022-08-30,378.4433898925781,0.8573409317963223,1.0
2022-08-31,375.5638427734375,0.1830624703584495,0.0
2022-09-01,376.74224853515625,0.9120592215112461,1.0
2022-09-02,372.76971435546875,0.9700411066765531,1.0
2022-09-06,371.36322021484375,0.9626179486142813,1.0
2022-09-07,378.0348205566406,0.9688704880395378,1.0
2022-09-08,380.50567626953125,0.8873388361514146,1.0
2022-09-09,386.4169921875,0.9527118533682258,1.0
2022-09-12,390.57000732421875,0.8018966027702767,1.0
2022-09-13,373.5871276855469,0.9256675634687185,1.0
2022-09-14,375.0125732421875,0.9027790283355461,1.0
2022-09-15,370.75494384765625,0.8796272226372344,1.0
2022-09-16,367.9264831542969,0.04500061698988803,0.0
2022-09-19,370.77978515625,0.8788507043831185,1.0
2022-09-20,366.5237121582031,0.08318892590192974,0.0
2022-09-21,360.1301574707031,0.014243534378871981,0.0
2022-09-22,357.10516357421875,0.008215182083352363,0.0
2022-09-23,351.1219177246094,0.005921156723672923,0.0
2022-09-26,347.64837646484375,0.010635942394846819,0.0
2022-09-27,346.76092529296875,0.0021885771592866942,0.0
2022-09-28,353.5838317871094,0.011180459372148443,0.0
2022-09-29,346.19793701171875,0.0037412733276519744,0.0
2022-09-30,340.8444519042969,0.004769890252673465,0.0
2022-10-03,349.84320068359375,0.003154327084914991,0.0
2022-10-04,360.68365478515625,0.007823884190137865,0.0
2022-10-05,359.8438720703125,0.010228521572400914,0.0
2022-10-06,356.1318359375,0.0013387413293263679,0.0
2022-10-07,346.19793701171875,0.0040164033869853535,0.0
2022-10-10,343.5545654296875,0.0036564489296768625,0.0
2022-10-11,341.3788146972656,0.009992537165176613,0.0
2022-10-12,340.2528076171875,0.00814395980130038,0.0
2022-10-13,349.2324523925781,0.007722281144967391,0.0
2022-10-14,341.2738952636719,0.0037405025242547418,0.0
2022-10-17,350.04364013671875,0.008626255289199103,0.0
2022-10-18,354.15655517578125,0.012903179793986254,0.0
2022-10-19,351.646728515625,0.004465918270256021,0.0
2022-10-20,348.6980895996094,0.004098677424240789,0.0
2022-10-21,357.17193603515625,0.011831070554541401,0.0
2022-10-24,361.54248046875,0.009950716562922263,0.0
2022-10-25,367.3157958984375,0.00460072165152166,0.0
2022-10-26,364.5483703613281,0.0055111162429763135,0.0
2022-10-27,362.6017761230469,0.009665194854592097,0.0
2022-10-28,371.2283020019531,0.010658321539830285,0.0
2022-10-31,368.5467529296875,0.007551299432106271,0.0
2022-11-01,366.9340515136719,0.009918710477232695,0.0
2022-11-02,357.7253723144531,0.026211340619270006,0.0
2022-11-03,354.04193115234375,0.014381728058600246,0.0
2022-11-04,359.1377258300781,0.02741477973254026,0.0
2022-11-07,362.57305908203125,0.015107890534354943,0.0
2022-11-08,364.5293273925781,0.03023548347644721,0.0
2022-11-09,357.019287109375,0.02134312800767173,0.0
2022-11-10,376.63897705078125,0.003795779375759075,0.0
2022-11-11,380.28424072265625,0.004574304506842924,0.0
2022-11-14,377.04931640625,0.0084819228183543,0.0
2022-11-15,380.2651672363281,0.003354293825592974,0.0
2022-11-16,377.3642272949219,0.003795059301615602,0.0
2022-11-17,376.2095031738281,0.000931661743258266,0.0
2022-11-18,377.9176330566406,0.015239599120507428,0.0
2022-11-21,376.5435791015625,0.0009503769940360812,0.0
2022-11-22,381.6106872558594,0.001323788786106859,0.0
2022-11-23,384.01544189453125,0.0011117653595633548,0.0
2022-11-25,383.9295349121094,0.001155818565549791,0.0
2022-11-28,377.80322265625,0.0038068009174497233,0.0
2022-11-29,377.1542663574219,0.003251662083027646,0.0
2022-11-30,389.03485107421875,0.0008645936339676562,0.0
2022-12-01,388.7486572265625,0.0007446967091017659,0.0
2022-12-02,388.3000793457031,0.0005676885345496144,0.0
2022-12-05,381.3148498535156,0.0013166861943545907,0.0
2022-12-06,375.8182678222656,0.0023510864647577805,0.0
2022-12-07,375.1789245605469,0.003079614176579105,0.0
2022-12-08,378.1180114746094,0.0028061738127382546,0.0
2022-12-09,375.29345703125,0.008627786453239632,0.0
2022-12-12,380.7040710449219,0.015539790908138642,0.0
2022-12-13,383.5860290527344,0.005347074890097165,0.0
2022-12-14,381.1335144042969,0.003680419004200258,0.0
2022-12-15,371.81036376953125,0.010817812371946567,0.0
2022-12-16,367.42071533203125,0.008065658339000697,0.0
2022-12-19,364.30511474609375,0.004951120235699862,0.0
2022-12-20,364.80364990234375,0.005799214734929749,0.0
2022-12-21,370.25836181640625,0.024127777601783976,0.0
2022-12-22,364.9761657714844,0.005634205101916124,0.0
2022-12-23,367.0755920410156,0.015440783643647548,0.0
2022-12-27,365.6280822753906,0.01164405656904207,0.0
2022-12-28,361.08404541015625,0.012184764172948155,0.0
2022-12-29,367.58367919921875,0.018813509271128518,0.0
2022-12-30,366.6155700683594,0.01679998684032172,0.0
2023-01-03,365.07208251953125,0.00923321136340974,0.0
2023-01-04,367.89044189453125,0.011402239059108534,0.0
2023-01-05,363.6916198730469,0.008110586984141285,0.0
2023-01-06,372.0318298339844,0.00420766636139067,0.0
2023-01-09,371.8209228515625,0.006357737164440406,0.0
2023-01-10,374.4284362792969,0.005345476275987078,0.0
2023-01-11,379.1641540527344,0.004337370243336629,0.0
2023-01-12,380.54461669921875,0.0032340369191279725,0.0
2023-01-13,382.0209655761719,0.0033828697351561783,0.0
2023-01-17,381.3211364746094,0.00319665770997789,0.0
2023-01-18,375.3008117675781,0.002804563000729151,0.0
2023-01-19,372.5686340332031,0.003657363929701009,0.0
2023-01-20,379.50933837890625,0.0018144163767275544,0.0
2023-01-23,384.0628356933594,0.0035887321586787206,0.0
2023-01-24,383.65069580078125,0.002317205842741919,0.0
2023-01-25,383.79443359375,0.0025604917618035606,0.0
2023-01-26,388.012451171875,0.003264516724623847,0.0
2023-01-27,388.9040222167969,0.003203645731979209,0.0
2023-01-30,384.02447509765625,0.0044764556810856955,0.0
2023-01-31,389.67095947265625,0.004456310549879481,0.0
2023-02-01,393.812255859375,0.002376554510210336,0.0
2023-02-02,399.5450439453125,0.00217113760910508,0.0
2023-02-03,395.29815673828125,0.0020942977249318,0.0
2023-02-06,392.8824462890625,0.0016328047353609467,0.0
2023-02-07,398.0207214355469,0.0023154913799770848,0.0
2023-02-08,393.66845703125,0.002918353174881908,0.0
2023-02-09,390.2557067871094,0.003655939673994598,0.0
2023-02-10,391.1664733886719,0.005209338857343224,0.0
2023-02-13,395.75836181640625,0.005510194741130432,0.0
2023-02-14,395.576171875,0.004269972519044219,0.0
2023-02-15,396.86077880859375,0.004569591425431578,0.0
2023-02-16,391.3965148925781,0.006534913254112061,0.0
2023-02-17,390.418701171875,0.0030132240748186275,0.0
2023-02-21,382.5865173339844,0.013163780140938493,0.0
2023-02-22,382.0592956542969,0.010362431943398698,0.0
2023-02-23,384.0915832519531,0.007905234739956789,0.0
2023-02-24,379.9886474609375,0.0036720911291539334,0.0
2023-02-27,381.28277587890625,0.016856192593975895,0.0
2023-02-28,379.87359619140625,0.00518533149253714,0.0
2023-03-01,378.41644287109375,0.003190155336425491,0.0
2023-03-02,381.3594970703125,0.004169330911667673,0.0
2023-03-03,387.4756774902344,0.012027605710285896,0.0
2023-03-06,387.74407958984375,0.002198090304456013,0.0
2023-03-07,381.8005065917969,0.003577655744289837,0.0
2023-03-08,382.4235534667969,0.00221476926489268,0.0
2023-03-09,375.3678894042969,0.003532865762757569,0.0
2023-03-10,369.9515686035156,0.0017794382741206974,0.0
2023-03-13,369.4242858886719,0.001712526687336566,0.0
2023-03-14,375.5309143066406,0.00965395706591481,0.0
2023-03-15,373.18218994140625,0.007007758583712509,0.0
2023-03-16,379.7297668457031,0.007950250019326055,0.0
2023-03-17,375.2897033691406,0.004243773245253576,0.0
2023-03-20,378.8983154296875,0.008240219107547686,0.0
2023-03-21,383.87347412109375,0.0045500672092806844,0.0
2023-03-22,377.32977294921875,0.0047040557584932296,0.0
2023-03-23,378.3498840332031,0.007557405396529999,0.0
2023-03-24,380.83258056640625,0.00699157797497454,0.0
2023-03-27,381.544677734375,0.004775385201217811,0.0
2023-03-28,380.6883239746094,0.0046599704122505786,0.0
2023-03-29,386.2214660644531,0.009860628733431027,0.0
2023-03-30,388.4829406738281,0.007482635427990399,0.0
2023-03-31,393.9584045410156,0.005120462497177833,0.0
2023-04-03,395.4596862792969,0.005710461862282634,0.0
2023-04-04,393.2655029296875,0.004543241344149616,0.0
2023-04-05,392.2359619140625,0.0055394445493425985,0.0
2023-04-06,393.7659606933594,0.003065269360188254,0.0
2023-04-10,394.1701354980469,0.0014324902504267334,0.0
2023-04-11,394.2759704589844,0.0016657384303826533,0.0
2023-04-12,392.6689453125,0.00224971615652652,0.0
2023-04-13,397.8846435546875,0.0012854715202618298,0.0
2023-04-14,396.9127502441406,0.0011129507483530882,0.0
2023-04-17,398.3369140625,0.001375312666120834,0.0
2023-04-18,398.5968017578125,0.0011513837395387995,0.0
2023-04-19,398.5294189453125,0.0012410938518899266,0.0
2023-04-20,396.3545837402344,0.001420018041434481,0.0
2023-04-21,396.66253662109375,0.001460165597227048,0.0
2023-04-24,397.07623291015625,0.0015962726459870906,0.0
2023-04-25,390.7732238769531,0.001182012417366035,0.0
2023-04-26,389.1180114746094,0.0015300038168892726,0.0
2023-04-27,396.8645935058594,0.0017828077344971443,0.0
2023-04-28,400.25189208984375,0.0013785246901398187,0.0
2023-05-01,399.8477478027344,0.0012854625670241503,0.0
2023-05-02,395.35382080078125,0.0011768557727802385,0.0
2023-05-03,392.6400451660156,0.0009898612111814446,0.0
2023-05-04,389.85906982421875,0.000959732025646075,0.0
2023-05-05,397.07623291015625,0.0025485277745423353,0.0
2023-05-08,397.1821594238281,0.0014615778773428823,0.0
2023-05-09,395.44036865234375,0.0018613506840568842,0.0
2023-05-10,397.2880859375,0.0016164711744961553,0.0
2023-05-11,396.5951232910156,0.0016685521539491848,0.0
2023-05-12,396.0755310058594,0.001756458615128577,0.0
2023-05-15,397.4420166015625,0.0021534683725774923,0.0
2023-05-16,394.7860107421875,0.0016367522083237322,0.0
2023-05-17,399.578369140625,0.0020178551885721013,0.0
2023-05-18,403.4275207519531,0.0017054375645500287,0.0
2023-05-19,402.8404846191406,0.000941065805138168,0.0
2023-05-22,403.0041198730469,0.001265860774829027,0.0
2023-05-23,398.4812316894531,0.001299732155188412,0.0
2023-05-24,395.5943298339844,0.001123852555166659,0.0
2023-05-25,399.02020263671875,0.0018978133457268388,0.0
2023-05-26,404.187744140625,0.0010896513911172823,0.0
2023-05-30,404.3417663574219,0.0014043114427302846,0.0
2023-05-31,402.09954833984375,0.0009499998869716313,0.0
2023-06-01,405.9198913574219,0.0016224316304774425,0.0
2023-06-02,411.78997802734375,0.0011944370543068596,0.0
2023-06-05,411.0008850097656,0.0009203268949024889,0.0
2023-06-06,411.8957824707031,0.0009908809675997425,0.0
2023-06-07,410.4715881347656,0.001077877465632089,0.0
2023-06-08,412.9543762207031,0.0016271905187579484,0.0
2023-06-09,413.6953125,0.0011269445295155178,0.0
2023-06-12,417.44830322265625,0.001326760117364181,0.0
2023-06-13,420.2005310058594,0.0014038971554393438,0.0
2023-06-14,420.700927734375,0.0004679590102405801,0.0
2023-06-15,425.9166564941406,0.0017187907088745736,0.0
2023-06-16,424.4658508300781,0.000884644146793623,0.0
2023-06-20,422.263671875,0.000753965328885834,0.0
2023-06-21,420.10009765625,0.0010554603476242734,0.0
2023-06-22,421.61651611328125,0.0012438714347558152,0.0
2023-06-23,418.4290771484375,0.0011781325566263233,0.0
2023-06-26,416.719482421875,0.0023905171663478287,0.0
2023-06-27,421.2881164550781,0.0022621815743455575,0.0
2023-06-28,421.5005798339844,0.0015846366103943704,0.0
2023-06-29,423.161865234375,0.0019133631057396655,0.0
2023-06-30,428.155517578125,0.0013113539399840846,0.0
2023-07-03,428.6481628417969,0.0013354491343306426,0.0
2023-07-05,428.0106201171875,0.0014758023101548185,0.0
2023-07-06,424.6590576171875,0.0014282127620657242,0.0
2023-07-07,423.5868835449219,0.001599175762476006,0.0
2023-07-10,424.6590576171875,0.003210369259584102,0.0
2023-07-11,427.3634338378906,0.002154153510638347,0.0
2023-07-12,430.80206298828125,0.0019378750568153117,0.0
2023-07-13,434.2212829589844,0.001639521018716152,0.0
2023-07-14,433.9508056640625,0.0013354491343306426,0.0
2023-07-17,435.4575500488281,0.0016199780987696533,0.0
2023-07-18,438.6932678222656,0.0011708605003270096,0.0
2023-07-19,439.6687927246094,0.0012738736604780139,0.0
2023-07-20,436.75189208984375,0.0011530574791658993,0.0
2023-07-21,436.75189208984375,0.0011530574791658993,0.0
2023-07-24,438.70294189453125,0.0013886277772643626,0.0
2023-07-25,439.90057373046875,0.0015706198210333558,0.0
2023-07-26,439.9682312011719,0.0016049858548856776,0.0
2023-07-27,437.05126953125,0.0012894970180960799,0.0
2023-07-28,441.3301696777344,0.0017511101320349263,0.0
2023-07-31,442.17047119140625,0.0010680776419707515,0.0
2023-08-01,440.9051208496094,0.001191362612903696,0.0
2023-08-02,434.77178955078125,0.0010356646673888846,0.0
2023-08-03,433.52581787109375,0.0013136074931221979,0.0
2023-08-04,431.5650939941406,0.001146191346816723,0.0
2023-08-07,435.33197021484375,0.003374710217829338,0.0
2023-08-08,433.43890380859375,0.001439628766533878,0.0
2023-08-09,430.541259765625,0.0013093893503864837,0.0
2023-08-10,430.69580078125,0.0011845511293708745,0.0
2023-08-11,430.44464111328125,0.0017076741987547262,0.0
2023-08-14,432.82073974609375,0.0029952116492395608,0.0
2023-08-15,427.77886962890625,0.0015596524061344654,0.0
2023-08-16,424.6397399902344,0.0011281264575934383,0.0
2023-08-17,421.40399169921875,0.0008315636186038407,0.0
2023-08-18,421.6069030761719,0.0010777734940061792,0.0
2023-08-21,424.3499755859375,0.0028716797447558067,0.0
2023-08-22,423.2005920410156,0.0016510421532562507,0.0
2023-08-23,427.9140319824219,0.0041421636301055735,0.0
2023-08-24,421.98358154296875,0.0017739817382901061,0.0
2023-08-25,424.95849609375,0.0023459382488638437,0.0
2023-08-28,427.65325927734375,0.002675420331982848,0.0
2023-08-29,433.83489990234375,0.002514715528231867,0.0
2023-08-30,435.62176513671875,0.0015595518655136021,0.0
2023-08-31,434.98431396484375,0.0010703198775738165,0.0
2023-09-01,435.7956237792969,0.0013210742151135903,0.0
2023-09-05,433.91217041015625,0.0013210742151135903,0.0
2023-09-06,430.9952087402344,0.0013235230868254744,0.0
2023-09-07,429.6719665527344,0.001467113179745272,0.0
2023-09-08,430.3190612792969,0.0014595124616529188,0.0
2023-09-11,433.1491394042969,0.001999473134289466,0.0
2023-09-12,430.7730712890625,0.001477805037158511,0.0
2023-09-13,431.27532958984375,0.00152881808189854,0.0
2023-09-14,434.9939880371094,0.0018103198769938123,0.0
2023-09-15,429.7530212402344,0.0011430369852337679,0.0
2023-09-18,430.0050048828125,0.001357267255335175,0.0
2023-09-19,429.11328125,0.0013942087429129567,0.0
2023-09-20,425.16827392578125,0.0012894594403218176,0.0
2023-09-21,418.14093017578125,0.0010669149844200767,0.0
2023-09-22,417.20074462890625,0.0007855935000110154,0.0
2023-09-25,418.9551696777344,0.002454347282694346,0.0
2023-09-26,412.8001708984375,0.0006784154428684253,0.0
2023-09-27,412.96490478515625,0.0006010114956447934,0.0
2023-09-28,415.359130859375,0.0032345080277908886,0.0
2023-09-29,414.3510437011719,0.0012075414624614553,0.0
2023-10-02,414.1862487792969,0.0014211852171425036,0.0
2023-10-03,408.6418762207031,0.001025888154023896,0.0
2023-10-04,411.61767578125,0.002324421140616105,0.0
2023-10-05,411.4625549316406,0.001412474065404944,0.0
2023-10-06,416.3477478027344,0.0022539278006551344,0.0
2023-10-09,419.0133361816406,0.002502448614586534,0.0
2023-10-10,421.1942443847656,0.003026895114552374,0.0
2023-10-11,422.9195556640625,0.002335615099919925,0.0
2023-10-12,420.3412170410156,0.0014028385385816797,0.0
2023-10-13,418.24755859375,0.0016376010566580975,0.0
2023-10-16,422.6481018066406,0.0021297000344585953,0.0
2023-10-17,422.6287536621094,0.0013210742151135903,0.0
2023-10-18,416.9971923828125,0.0016500456565846004,0.0
2023-10-19,413.333251953125,0.0009781319474604342,0.0
2023-10-20,408.25421142578125,0.001645351885447929,0.0
2023-10-23,407.546630859375,0.0015379014168194996,0.0
2023-10-24,410.6192932128906,0.0027324142251590414,0.0
2023-10-25,404.7259826660156,0.0013462568966942218,0.0
2023-10-26,399.87957763671875,0.0007555883747330774,0.0
2023-10-27,398.0669860839844,0.0006472031068918456,0.0
2023-10-30,402.8262023925781,0.002370137961469108,0.0
2023-10-31,405.3560791015625,0.0028804955508572273,0.0
2023-11-01,409.67901611328125,0.0022962411197865896,0.0
2023-11-02,417.53033447265625,0.0037465189536229934,0.0
2023-11-03,421.339599609375,0.003026360252988353,0.0
2023-11-06,422.30889892578125,0.002401405231049824,0.0
2023-11-07,423.51080322265625,0.002843745592158289,0.0
2023-11-08,423.8209533691406,0.002344951826712279,0.0
2023-11-09,420.5156555175781,0.002667175548751377,0.0
2023-11-10,427.0777587890625,0.0030537114849532284,0.0
2023-11-13,426.6706848144531,0.0020223981140968313,0.0
2023-11-14,434.9483947753906,0.00326865481691896,0.0
2023-11-15,435.8692321777344,0.002967519134760842,0.0
2023-11-16,436.40234375,0.0024933373211256577,0.0
2023-11-17,436.94512939453125,0.0014930918672446901,0.0
2023-11-20,440.3085632324219,0.002008032594369737,0.0
2023-11-21,439.3489685058594,0.00188748782739737,0.0
2023-11-22,441.0451965332031,0.0021014682974243868,0.0
2023-11-24,441.31658935546875,0.0023806258079028995,0.0
2023-11-27,440.5218505859375,0.0011781930004037162,0.0
2023-11-28,440.9579772949219,0.001238010039297525,0.0
2023-11-29,440.6477966308594,0.0012873464259508323,0.0
2023-11-30,442.3828125,0.0012539727529127876,0.0
2023-12-01,444.9999084472656,0.0014708998129243306,0.0
2023-12-04,442.66387939453125,0.0009123260738291422,0.0
2023-12-05,442.5766906738281,0.000954020415482956,0.0
2023-12-06,440.7931823730469,0.0011421322797847337,0.0
2023-12-07,444.15667724609375,0.0013709710195933431,0.0
2023-12-08,446.066162109375,0.0009495590588939571,0.0
2023-12-11,447.8011169433594,0.0013502725797906161,0.0
2023-12-12,449.8463439941406,0.0010981818201035612,0.0
2023-12-13,456.0497741699219,0.0064710680415658375,0.0
2023-12-14,457.5133972167969,0.005135348487232508,0.0
2023-12-15,456.7601013183594,0.0017662825457306064,0.0
2023-12-18,459.3294372558594,0.009813000707241315,0.0
2023-12-19,462.12255859375,0.05708678947445681,0.0
2023-12-20,455.71881103515625,0.009357881956571123,0.0
2023-12-21,460.0398864746094,0.01087370042355397,0.0
2023-12-22,460.96441650390625,0.014982221812453721,0.0
2023-12-26,462.91082763671875,0.022288007838632894,0.0
2023-12-27,463.7478332519531,0.019469739449290206,0.0
2023-12-28,463.92303466796875,0.01558731222270567,0.0
2023-12-29,462.5799865722656,0.00594183158385044,0.0
2024-01-02,459.9911804199219,0.0011982031401987032,0.0
2024-01-03,456.234619140625,0.0009324578964927349,0.0
2024-01-04,454.7650451660156,0.0013092844651141533,0.0
2024-01-05,455.38787841796875,0.0015330246125955197,0.0
2024-01-08,461.8890075683594,0.002309069744433886,0.0
2024-01-09,461.1882629394531,0.001761501826469077,0.0
2024-01-10,463.7965087890625,0.002085227046775091,0.0
2024-01-11,463.5921325683594,0.001558264444636026,0.0
2024-01-12,463.9132995605469,0.002490496733357136,0.0
2024-01-16,462.2101135253906,0.0015080543989680422,0.0
2024-01-17,459.6408386230469,0.0017890103122532232,0.0
2024-01-18,463.7283630371094,0.002067628703022843,0.0
2024-01-19,469.5092468261719,0.0012126024470182403,0.0
2024-01-22,470.501953125,0.00124067239816452,0.0
2024-01-23,471.8741760253906,0.0014617132533507632,0.0
2024-01-24,472.3900146484375,0.0009497946576317238,0.0
2024-01-25,474.9592590332031,0.001692204579076565,0.0
2024-01-26,474.35589599609375,0.0011515105454158337,0.0
2024-01-29,478.11248779296875,0.0013029416252031767,0.0
2024-01-30,477.74273681640625,0.0010952260152722129,0.0
2024-01-31,469.94720458984375,0.0010196405689651459,0.0
2024-02-01,476.0979919433594,0.0008822496766019299,0.0
2024-02-02,481.1100769042969,0.0007481060999186243,0.0
2024-02-05,479.3581848144531,0.0007535946197134862,0.0
2024-02-06,480.7499084472656,0.001265473677931432,0.0
2024-02-07,484.7596130371094,0.001003207122106456,0.0
2024-02-08,484.97369384765625,0.000998634742138403,0.0
2024-02-09,487.77655029296875,0.001508647026504747,0.0
2024-02-12,487.56243896484375,0.0016828602980096395,0.0
2024-02-13,480.8472595214844,0.0014511141067683237,0.0
2024-02-14,485.217041015625,0.0018947344121147548,0.0
2024-02-15,488.56488037109375,0.0015572039046606978,0.0
2024-02-16,486.1318359375,0.0012278215516638839,0.0
2024-02-20,483.4555358886719,0.0011890465017707144,0.0
2024-02-21,483.8934631347656,0.001615037802660755,0.0
2024-02-22,493.9078063964844,0.0016143393546691398,0.0
2024-02-23,494.2485046386719,0.001403183466873502,0.0
2024-02-26,492.4383239746094,0.001671448280692754,0.0
2024-02-27,493.35308837890625,0.0024501474173391088,0.0
2024-02-28,492.7010803222656,0.0021449346952533755,0.0
2024-02-29,494.4723205566406,0.001333358998005198,0.0
2024-03-01,499.114501953125,0.0015101510335446705,0.0
2024-03-04,498.5793151855469,0.0011285199550952695,0.0
2024-03-05,493.596435546875,0.001085133509814682,0.0
2024-03-06,496.0975646972656,0.001420939873889356,0.0
2024-03-07,501.0220642089844,0.0013206449733769048,0.0
2024-03-08,498.01483154296875,0.0009075320015862418,0.0
2024-03-11,497.5866394042969,0.0011515966723648237,0.0
2024-03-12,502.9393615722656,0.001192133862299161,0.0
2024-03-13,502.1510009765625,0.0014728376672025834,0.0
2024-03-14,501.1582946777344,0.0008636353981920413,0.0
2024-03-15,497.7170715332031,0.0009687715109524148,0.0
2024-03-18,500.6750183105469,0.001808102705107253,0.0
2024-03-19,503.4574279785156,0.001225302068908348,0.0
2024-03-20,508.1139831542969,0.0009073241755239923,0.0
2024-03-21,509.7932434082031,0.0012587013624810735,0.0
2024-03-22,508.82672119140625,0.000942389906462807,0.0
2024-03-25,507.4209289550781,0.0015067154105994304,0.0
2024-03-26,506.4837341308594,0.0014564388039537963,0.0
2024-03-27,510.7400817871094,0.001851014185098164,0.0
2024-03-28,510.64251708984375,0.0008463475651417791,0.0
2024-04-01,509.754150390625,0.0014411370129260724,0.0
2024-04-02,506.51300048828125,0.0012307851934176537,0.0
2024-04-03,507.0694885253906,0.0013392557367362615,0.0
2024-04-04,500.880126953125,0.0011667351974000667,0.0
2024-04-05,506.11273193359375,0.0024362839634920657,0.0
2024-04-08,506.3958435058594,0.0016422710178977014,0.0
2024-04-09,506.9815368652344,0.0015074924097590303,0.0
2024-04-10,501.9051208496094,0.0013203492014690864,0.0
2024-04-11,505.6929626464844,0.0027550956062392462,0.0
2024-04-12,498.71282958984375,0.0013666465056115227,0.0
2024-04-15,492.46490478515625,0.0009446663952009301,0.0
2024-04-16,491.5667419433594,0.001112867829693161,0.0
2024-04-17,488.65753173828125,0.0012361209422718047,0.0
2024-04-18,487.65203857421875,0.0017822742423113233,0.0
2024-04-19,483.3956298828125,0.0017871867437399501,0.0
2024-04-22,487.8473205566406,0.003978298001844794,0.0
2024-04-23,493.6363525390625,0.003043503672567756,0.0
2024-04-24,493.402099609375,0.001819845788431013,0.0
2024-04-25,491.5276794433594,0.0018391612501317952,0.0
2024-04-26,496.18438720703125,0.005339011376482713,0.0
2024-04-29,497.941650390625,0.004381714186039386,0.0
2024-04-30,490.0536193847656,0.0020889003006028003,0.0
2024-05-01,488.4623107910156,0.0019245053080513743,0.0
2024-05-02,493.0310974121094,0.002853599524086827,0.0
2024-05-03,499.14239501953125,0.002146586445579059,0.0
2024-05-06,504.2969055175781,0.0016113147482637621,0.0
2024-05-07,504.8534240722656,0.0010234355755251484,0.0
2024-05-08,504.9021911621094,0.0014153724811787859,0.0
2024-05-09,507.8113708496094,0.0012570078137118176,0.0
2024-05-10,508.4655456542969,0.0012697212444224175,0.0
2024-05-13,508.53375244140625,0.0015597836006938774,0.0
2024-05-14,510.8670349121094,0.0012645814033468263,0.0
2024-05-15,517.1929931640625,0.002037718909207449,0.0
2024-05-16,516.1290283203125,0.0010105171436215045,0.0
2024-05-17,516.8710327148438,0.000862141232775037,0.0
2024-05-20,517.4664306640625,0.000962883740873275,0.0
2024-05-21,518.735595703125,0.001271241155307898,0.0
2024-05-22,517.2420043945312,0.001053132704023228,0.0
2024-05-23,513.4639282226562,0.001404143410827289,0.0
2024-05-24,516.861083984375,0.0019934150927139785,0.0
2024-05-28,517.2224731445312,0.0016668819460031424,0.0
2024-05-29,513.6004638671875,0.0014387462796041674,0.0
2024-05-30,510.1934509277344,0.0023993475931011156,0.0
2024-05-31,514.84033203125,0.002277334709213889,0.0
2024-06-03,515.2601318359375,0.0012344200521729146,0.0
2024-06-04,515.836181640625,0.0013392557367362615,0.0
2024-06-05,521.9669189453125,0.0015241767099580844,0.0
2024-06-06,521.9570922851562,0.0012411866708743793,0.0
2024-06-07,521.3225708007812,0.0015173317907313105,0.0
2024-06-10,522.933349609375,0.0027725423341644364,0.0
2024-06-11,524.1926879882812,0.002802929137820204,0.0
2024-06-12,528.498046875,0.0012483639889413214,0.0
2024-06-13,529.5620727539062,0.0010834668474453738,0.0
2024-06-14,529.8843383789062,0.0010649443954932117,0.0
2024-06-17,534.1015014648438,0.000890846980114353,0.0
2024-06-18,535.4586181640625,0.0013261716512204108,0.0
2024-06-20,534.0040283203125,0.0006359262430312518,0.0
2024-06-21,533.2880249023438,0.000636417626732465,0.0
2024-06-24,531.5545043945312,0.0009244574708171459,0.0
2024-06-25,533.6015014648438,0.001525499416652395,0.0
2024-06-26,534.2674560546875,0.001084893989392969,0.0
2024-06-27,535.1096801757812,0.0029145353784380177,0.0
2024-06-28,533.0039672851562,0.0019915422976329346,0.0
2024-07-01,534.1008911132812,0.004529294807253979,0.0
2024-07-02,537.6952514648438,0.005571802761669463,0.0
2024-07-03,540.0949096679688,0.01191406947399154,0.0
2024-07-05,543.2093505859375,0.006734159907438845,0.0
2024-07-08,543.8361206054688,0.009524545845566184,0.0
2024-07-09,544.3649291992188,0.014854952987080526,0.0
2024-07-10,549.7515258789062,0.015642148029294593,0.0
2024-07-11,545.0112915039062,0.004930955306814432,0.0
2024-07-12,548.4490356445312,0.01496657085554129,0.0
2024-07-15,549.957275390625,0.015864508675731137,0.0
2024-07-16,553.2186889648438,0.5435457832742341,1.0
2024-07-17,545.4619140625,0.0035160796805972145,0.0
2024-07-18,541.2701416015625,0.0008194278336782029,0.0
2024-07-19,537.6756591796875,0.001693449253297329,0.0
2024-07-22,543.2190551757812,0.002129168307920149,0.0
2024-07-23,542.3670654296875,0.0018356192358356547,0.0
2024-07-24,530.0756225585938,0.0013437844897749118,0.0
2024-07-25,527.313720703125,0.001216331858937534,0.0
2024-07-26,533.2194213867188,0.003506263355150697,0.0
2024-07-29,533.5328979492188,0.00236205779427968,0.0
2024-07-30,530.8297729492188,0.001949176430492543,0.0
2024-07-31,539.4581909179688,0.0027731012704138762,0.0
2024-08-01,531.8189086914062,0.002886755121057805,0.0
2024-08-02,521.9173583984375,0.0043154373096635406,0.0
2024-08-05,506.7171936035156,0.003341732724577293,0.0
2024-08-06,511.38885498046875,0.020925093105415037,0.0
2024-08-07,507.9707336425781,0.02983299887695349,0.0
2024-08-08,519.7137451171875,0.06297743094155295,0.0
2024-08-09,522.0054321289062,0.01259494864582839,0.0
2024-08-12,522.2797241210938,0.009985709595080392,0.0
2024-08-13,530.868896484375,0.017635734544350135,0.0
2024-08-14,532.5437622070312,0.019115744732132508,0.0
2024-08-15,541.6715698242188,0.00501554222077752,0.0
2024-08-16,542.8860473632812,0.003955123135299406,0.0
2024-08-19,548.0767822265625,0.004333784138175714,0.0
2024-08-20,547.1856079101562,0.004486667802769553,0.0
2024-08-21,549.0660400390625,0.005352372187048811,0.0
2024-08-22,544.7566528320312,0.0035741392969160807,0.0
2024-08-23,550.544921875,0.004302404894110794,0.0
2024-08-26,549.2326049804688,0.003552771779667455,0.0
2024-08-27,549.9867553710938,0.0037596818475399934,0.0
2024-08-28,546.7938232421875,0.004173244606504138,0.0
2024-08-29,546.8427734375,0.0035015161506524754,0.0
2024-08-30,552.0629272460938,0.0034506880805483735,0.0
2024-09-03,540.7020263671875,0.001936854370132172,0.0
2024-09-04,539.5953369140625,0.0016898386502578614,0.0
2024-09-05,538.282958984375,0.0024801881757838653,0.0
2024-09-06,529.2234497070312,0.003910757089048614,0.0
2024-09-09,535.1488647460938,0.007422171284884548,0.0
2024-09-10,537.4797973632812,0.006562200029948143,0.0
2024-09-11,542.9937744140625,0.00198113622722709,0.0
2024-09-12,547.5675659179688,0.002678273464424987,0.0
2024-09-13,550.4274291992188,0.0014763438391344234,0.0
2024-09-16,551.2402954101562,0.0011098929214452147,0.0
2024-09-17,551.4655151367188,0.0009909184678652066,0.0
2024-09-18,549.830078125,0.0011035909321449595,0.0
2024-09-19,559.2125244140625,0.0011971454662638326,0.0
2024-09-20,558.2459106445312,0.0006011462445513727,0.0
2024-09-23,559.6407470703125,0.0009597061317163394,0.0
2024-09-24,561.2421264648438,0.0009303124361883646,0.0
2024-09-25,560.0042724609375,0.0008419755004436599,0.0
2024-09-26,562.2245483398438,0.0014620655273828176,0.0
2024-09-27,561.4091796875,0.0015757110134740264,0.0
2024-09-30,563.6587524414062,0.0014855356778098214,0.0
2024-10-01,558.6093139648438,0.0013343847980931275,0.0
2024-10-02,558.8450317382812,0.001996922763128605,0.0
2024-10-03,557.8234252929688,0.0022487170910282547,0.0
2024-10-04,562.892578125,0.002664169763616098,0.0
2024-10-07,557.8037109375,0.0022930067347893273,0.0
2024-10-08,563.0792236328125,0.004068557824409281,0.0
2024-10-09,566.9793701171875,0.0056278505989652405,0.0
2024-10-10,565.9871215820312,0.005809001673003095,0.0
2024-10-11,569.3764038085938,0.0069302533470169715,0.0
2024-10-14,574.0328979492188,0.007447934760825287,0.0
2024-10-15,569.5728759765625,0.003105704461146599,0.0
2024-10-16,572.0485229492188,0.004095325348056759,0.0
2024-10-17,572.0975341796875,0.0030062910632434633,0.0
2024-10-18,574.2981567382812,0.005616059589979306,0.0
2024-10-21,573.35498046875,0.0028428066321481023,0.0
2024-10-22,573.0504760742188,0.005347200128220246,0.0
2024-10-23,567.8143310546875,0.00304356185044279,0.0
2024-10-24,569.0423583984375,0.003520917764610739,0.0
2024-10-25,568.8458251953125,0.0026264920347878955,0.0
2024-10-28,570.6043701171875,0.00653499311320953,0.0
2024-10-29,571.52783203125,0.0025178870859939115,0.0
2024-10-30,569.798828125,0.0028564724791659605,0.0
2024-10-31,558.6289672851562,0.0019471363126886943,0.0
2024-11-01,560.9866333007812,0.006440256427882146,0.0
2024-11-04,559.7782592773438,0.0030304695001042293,0.0
2024-11-05,566.547119140625,0.005601932964997228,0.0
2024-11-06,580.6346435546875,0.0012162615358597836,0.0
2024-11-07,585.1242065429688,0.0016103145802118556,0.0
2024-11-08,587.6587524414062,0.0017389450256340016,0.0
2024-11-11,588.2186889648438,0.00201655605172026,0.0
2024-11-12,586.3914184570312,0.001013974097700259,0.0
2024-11-13,586.67626953125,0.0010340401321642712,0.0
2024-11-14,582.9039306640625,0.0014188953579805407,0.0
2024-11-15,575.437744140625,0.0020093534739990273,0.0
2024-11-18,577.7955322265625,0.003981431064957879,0.0
2024-11-19,579.9075927734375,0.0024176738733761166,0.0
2024-11-20,580.1041259765625,0.001591559044903557,0.0
2024-11-21,583.2183227539062,0.0021271192642084795,0.0
2024-11-22,585.02587890625,0.004067843265137576,0.0
2024-11-25,587.0103149414062,0.0023554450981535693,0.0
2024-11-26,590.075439453125,0.0026773543049514632,0.0
2024-11-27,588.2874755859375,0.002304979476879872,0.0
2024-11-29,591.9419555664062,0.0027573808956793413,0.0
2024-12-02,593.0029907226562,0.008310543165587589,0.0
2024-12-03,593.2779541015625,0.01872807764912272,0.0
2024-12-04,596.9619140625,0.025507672060276865,0.0
2024-12-05,595.9796142578125,0.018151504377223696,0.0
2024-12-06,597.1093139648438,0.013154668539336153,0.0
2024-12-09,594.034423828125,0.011568627052027068,0.0
2024-12-10,592.1875610351562,0.004033749120707855,0.0
2024-12-11,596.7655639648438,0.011485405080078155,0.0
2024-12-12,593.690673828125,0.004868361018963465,0.0
2024-12-13,593.57275390625,0.0035109635062272053,0.0
2024-12-16,596.1072998046875,0.00967576945420818,0.0
2024-12-17,593.6513061523438,0.005318955287107551,0.0
2024-12-18,575.9583740234375,0.0036081793949398317,0.0
2024-12-19,575.7815551757812,0.001711608311393347,0.0
2024-12-20,582.697265625,0.00313560087815574,0.0
2024-12-23,586.1865844726562,0.0025424865408028435,0.0
2024-12-24,592.7020874023438,0.0028381362984946147,0.0
2024-12-26,592.7415771484375,0.001521926289395882,0.0
2024-12-27,586.5020751953125,0.0012045020851682905,0.0
2024-12-30,579.8091430664062,0.0018303918073267742,0.0
2024-12-31,577.69970703125,0.0018392322248159867,0.0
2025-01-02,576.2803955078125,0.002156643916482654,0.0
2025-01-03,583.48583984375,0.01022182636859045,0.0
2025-01-06,586.8470458984375,0.00845853966506082,0.0
2025-01-07,580.2133178710938,0.005285283348738559,0.0
2025-01-08,581.0609130859375,0.005767610611716833,0.0
2025-01-10,572.1895751953125,0.018716283291584365,0.0
2025-01-13,573.0768432617188,0.0161726455604779,0.0
2025-01-14,573.8653564453125,0.017555594135781324,0.0
2025-01-15,584.3040161132812,0.0352835369551435,0.0
2025-01-16,583.1802978515625,0.029574688992952552,0.0
2025-01-17,589.0353393554688,0.019606340837602456,0.0
2025-01-21,594.4271240234375,0.0023123675775157597,0.0
2025-01-22,597.7686157226562,0.003014328692575421,0.0
2025-01-23,601.03125,0.0016092058701709683,0.0
2025-01-24,599.2767333984375,0.0014170625630998647,0.0
2025-01-27,590.7996826171875,0.0020355951237276946,0.0
2025-01-28,595.8760986328125,0.003500409667467272,0.0
2025-01-29,593.204833984375,0.0032250336641573693,0.0
2025-01-30,596.3886108398438,0.0028955439347409977,0.0
2025-01-31,593.2146606445312,0.0013683783468500137,0.0
2025-02-03,589.2225341796875,0.0016963557385240556,0.0
2025-02-04,593.17529296875,0.004487035748035758,0.0
2025-02-05,595.580322265625,0.0036107610556567055,0.0
2025-02-06,597.6503295898438,0.0035320229467539627,0.0
2025-02-07,592.1797485351562,0.01120428724941608,0.0
2025-02-10,596.2012329101562,0.9730296806215406,1.0
2025-02-11,596.65478515625,0.9713215211258899,1.0
2025-02-12,594.732666015625,0.9037498102092629,1.0
2025-02-13,601.0115356445312,0.8656964441027281,1.0
2025-02-14,600.9820556640625,0.8784215737258999,1.0
2025-02-18,602.7463989257812,0.9634847135016085,1.0
2025-02-19,604.1658325195312,0.9371117573020765,1.0
2025-02-20,601.6522827148438,0.9591954028212651,1.0
2025-02-21,591.3615112304688,0.8604472823759632,1.0
2025-02-24,588.670654296875,0.040709817405778795,0.0
2025-02-25,585.7431030273438,0.027414011100278187,0.0
2025-02-26,586.0386962890625,0.06290350079962528,0.0
2025-02-27,576.6844482421875,0.017704840838625287,0.0
2025-02-28,585.6839599609375,0.004896605938848234,0.0
2025-03-03,575.4227294921875,0.0025248202956594215,0.0
2025-03-04,568.611572265625,0.0032014254848381587,0.0
2025-03-05,574.722900390625,0.009346058348841745,0.0
2025-03-06,564.52099609375,0.035770750789785304,0.0
2025-03-07,567.6849975585938,0.9388746413091663,1.0
2025-03-10,552.564453125,0.9490118426316903,1.0
2025-03-11,547.970947265625,0.9562148171081881,1.0
2025-03-12,550.8788452148438,0.9944999084004211,1.0
2025-03-13,543.5353393554688,0.9870229973779343,1.0
2025-03-14,554.762451171875,0.9880332264426462,1.0
2025-03-17,559.0403442382812,0.9706709967226879,1.0
2025-03-18,552.9981079101562,0.9728074173016413,1.0
2025-03-19,559.0206298828125,0.9819545099898156,1.0
2025-03-20,557.4041748046875,0.9671574541069073,1.0
2025-03-21,557.5880126953125,0.9404678337404329,1.0
2025-03-24,567.5736694335938,0.9536854178893523,1.0
2025-03-25,568.9379272460938,0.9422834473402825,1.0
2025-03-26,562.1458129882812,0.9476497218425638,1.0
2025-03-27,560.6529541015625,0.891700488744111,1.0
2025-03-28,549.3623657226562,0.9854142971877922,1.0
2025-03-31,553.0501098632812,0.9449009499525697,1.0
2025-04-01,554.6121826171875,0.9520049398521271,1.0
2025-04-02,558.1219482421875,0.925689429488484,1.0
2025-04-03,530.6173095703125,0.03080837883372012,0.0
2025-04-04,499.5533447265625,0.011192472802287318,0.0
2025-04-07,498.66357421875,0.009910166884397092,0.0
2025-04-08,490.85308837890625,0.009982010990094891,0.0
2025-04-09,542.4021606445312,0.009890713807019273,0.0
2025-04-10,518.6345825195312,0.0018992178295559542,0.0
2025-04-11,527.888427734375,0.004015762971142086,0.0
2025-04-14,533.009765625,0.0026191929073393705,0.0
2025-04-15,531.5169067382812,0.0015500334386347565,0.0
2025-04-16,519.7022705078125,0.0017410025652775764,0.0
2025-04-17,520.44384765625,0.004318665757844519,0.0
2025-04-21,508.055908203125,0.006557469936065354,0.0
2025-04-22,521.2743530273438,0.006516601827834375,0.0
2025-04-23,529.3517456054688,0.013700127115195202,0.0
2025-04-24,540.4940795898438,0.010012815155738172,0.0
2025-04-25,544.3992309570312,0.005853829167635187,0.0
2025-04-28,544.6068115234375,0.0012835063890821873,0.0
2025-04-29,548.0375366210938,0.0011884715153601096,0.0
2025-04-30,548.2550048828125,0.0011491754117671888,0.0
2025-05-01,552.1404418945312,0.0011216113765548986,0.0
2025-05-02,560.3365478515625,0.0009703179195358082,0.0
2025-05-05,557.1234130859375,0.003147472042646456,0.0
2025-05-06,552.4666748046875,0.003251793484679029,0.0
2025-05-07,554.7901611328125,0.0032018045972459475,0.0
2025-05-08,558.6558227539062,0.004074088655212055,0.0
2025-05-09,557.9440307617188,0.010490972995510042,0.0
2025-05-12,582.989990234375,0.001351359040134861,0.0
2025-05-13,586.8400268554688,0.0018982825689037187,0.0
2025-05-14,587.5900268554688,0.001964696011296948,0.0
2025-05-15,590.4600219726562,0.0019723669456619165,0.0
2025-05-16,594.2000122070312,0.013185036195974708,0.0
2025-05-19,594.8499755859375,0.06345791481297908,0.0
2025-05-20,592.8499755859375,0.0036128973033900274,0.0
2025-05-21,582.8599853515625,0.005819705982459993,0.0
2025-05-22,583.0900268554688,0.006124918490428002,0.0
2025-05-23,579.1099853515625,0.0036746771033793965,0.0
2025-05-27,591.1500244140625,0.007175779996104747,0.0
2025-05-28,587.72998046875,0.0049491280796823125,0.0
2025-05-29,590.0499877929688,0.006169392280205827,0.0
2025-05-30,589.3900146484375,0.004436544513781976,0.0
2025-06-02,592.7100219726562,0.006490939771470152,0.0
2025-06-03,596.0900268554688,0.003868724467341316,0.0
2025-06-04,595.9299926757812,0.004812986299087163,0.0
2025-06-05,593.0499877929688,0.00516504363791031,0.0
2025-06-06,599.1400146484375,0.007099179022417523,0.0
2025-06-09,599.6799926757812,0.013271280113448972,0.0
2025-06-10,603.0800170898438,0.0343295677504301,0.0
2025-06-11,601.3599853515625,0.004697053648993929,0.0
2025-06-12,603.75,0.03613843026278598,0.0
2025-06-13,597.0,0.009090941742314751,0.0
2025-06-16,602.6799926757812,0.0037286967537168416,0.0
2025-06-17,597.530029296875,0.00309713970255625,0.0
2025-06-18,597.4400024414062,0.00337942590256822,0.0
2025-06-20,594.280029296875,0.00838272142109065,0.0
2025-06-23,600.1500244140625,0.007873431529371505,0.0
2025-06-24,606.780029296875,0.009064570089801785,0.0
2025-06-25,607.1199951171875,0.009737384051334414,0.0
2025-06-26,611.8699951171875,0.005307689364645198,0.0
2025-06-27,614.9099731445312,0.010258943581779539,0.0
2025-06-30,617.8499755859375,0.005669967589257644,0.0
2025-07-01,617.6500244140625,0.017188482194352955,0.0
2025-07-02,620.4500122070312,0.009252451195702057,0.0
2025-07-03,625.3400268554688,0.023649374615590434,0.0
2025-07-07,620.6799926757812,0.025052479364022585,0.0
2025-07-08,620.3400268554688,0.16172083952386657,0.0
2025-07-09,624.0599975585938,0.176313685104582,0.0
2025-07-10,625.8200073242188,0.18846074589482967,0.0
2025-07-11,623.6199951171875,0.18613071009541676,0.0
2025-07-14,624.8099975585938,0.2973511478272265,0.0
2025-07-15,622.1400146484375,0.08936085315167239,0.0
2025-07-16,624.219970703125,0.08105269572477108,0.0
2025-07-17,628.0399780273438,0.024324808336780024,0.0
2025-07-18,627.5800170898438,0.01834828103564523,0.0
2025-07-21,628.77001953125,0.008448474577872948,0.0
2025-07-22,628.8599853515625,0.011800631563616605,0.0
2025-07-23,634.2100219726562,0.11516905334595963,0.0
2025-07-24,634.4199829101562,0.1903640249345467,0.0
2025-07-25,637.0999755859375,0.3939117173721154,0.0
2025-07-28,636.9400024414062,0.40625828368015626,0.0
2025-07-29,635.260009765625,0.13925645758634225,0.0
2025-07-30,634.4600219726562,0.01406271826379189,0.0
2025-07-31,632.0800170898438,0.014714741095171239,0.0
2025-08-01,621.719970703125,0.041440863810923684,0.0
2025-08-04,631.1699829101562,0.05784609701781092,0.0
2025-08-05,627.969970703125,0.04336579053746956,0.0
2025-08-06,632.780029296875,0.032851638227615464,0.0
2025-08-07,632.25,0.019581405038934224,0.0
2025-08-08,637.1799926757812,0.2065948007706856,0.0
2025-08-11,635.9199829101562,0.22791110586056054,0.0
2025-08-12,642.6900024414062,0.3945139104442695,0.0
2025-08-13,644.8900146484375,0.4183961937315551,0.0
2025-08-14,644.9500122070312,0.47797620320350076,0.0
2025-08-15,643.4400024414062,0.4503676890542347,0.0
2025-08-18,643.2999877929688,0.5151076661402065,0.0
2025-08-19,639.8099975585938,0.47198838451430336,0.0
2025-08-20,638.1099853515625,0.16088267159288347,0.0
2025-08-21,635.5499877929688,0.38203964722740347,0.0
2025-08-22,645.3099975585938,0.13914764824857048,0.0
2025-08-25,642.469970703125,0.0891664693983307,0.0
2025-08-26,645.1599731445312,0.24690432639664378,0.0
2025-08-27,646.6300048828125,0.6946939901989772,0.0
2025-08-28,648.9199829101562,0.4146818627454202,0.0
2025-08-29,645.0499877929688,0.45137894853419575,0.0
2025-09-02,640.27001953125,0.05247603344412757,0.0
2025-09-03,643.739990234375,0.04136647867689686,0.0
2025-09-04,649.1199951171875,0.03298587089035577,0.0
2025-09-05,647.239990234375,0.015055263282311793,0.0
2025-09-08,648.8300170898438,0.11561833729610774,0.0
2025-09-09,650.3300170898438,0.08913793348678188,0.0
2025-09-10,652.2100219726562,0.051754380660407544,0.0
2025-09-11,657.6300048828125,0.04645507063142294,0.0
2025-09-12,657.4099731445312,0.08202464913867993,0.0
2025-09-15,660.9099731445312,0.054717909789099406,0.0
2025-09-16,660.0,0.046160363332292696,0.0
2025-09-17,659.1799926757812,0.032969474343282394,0.0
2025-09-18,662.260009765625,0.021251386973197957,0.0
2025-09-19,663.7000122070312,0.01832905558759311,0.0
2025-09-22,666.8400268554688,0.057561974801848555,0.0
2025-09-23,663.2100219726562,0.060493512166676394,0.0
2025-09-24,661.0999755859375,0.046374180024376904,0.0
2025-09-25,658.0499877929688,0.025905744320154953,0.0
2025-09-26,661.8200073242188,0.029066611940154103,0.0
2025-09-29,663.6799926757812,0.058450673150284314,0.0
2025-09-30,666.1799926757812,0.10055147521363211,0.0
2025-10-01,668.4500122070312,0.10789016914089064,0.0
2025-10-02,669.219970703125,0.555401101495312,0.0
2025-10-03,669.2100219726562,0.31887837566102323,0.0
2025-10-06,671.6099853515625,0.6744058231966085,0.0
2025-10-07,669.1199951171875,0.6335207869722775,0.0
2025-10-08,673.1099853515625,0.8246547784675602,0.0
2025-10-09,671.1599731445312,0.6264349628234407,0.0
2025-10-10,653.02001953125,0.1097139217687632,0.0
2025-10-13,663.0399780273438,0.04336800597256109,0.0
2025-10-14,662.22998046875,0.03303520949882425,0.0
2025-10-15,665.1699829101562,0.04100071269710198,0.0
2025-10-16,660.6400146484375,0.022605649740132235,0.0
2025-10-17,664.3900146484375,0.035313151011525885,0.0
2025-10-20,671.2999877929688,0.0266743726126175,0.0
2025-10-21,671.2899780273438,0.02872028367405538,0.0
2025-10-22,667.7999877929688,0.020122433396247967,0.0
2025-10-23,671.760009765625,0.5702046169167466,0.0
2025-10-24,677.25,0.5318415323062974,0.0
2025-10-27,685.239990234375,0.38565122815199954,0.0
2025-10-28,687.0599975585938,0.3110553182107364,0.0
2025-10-29,687.3900146484375,0.1751294967908645,0.0
2025-10-30,679.8300170898438,0.3131449893840735,0.0
2025-10-31,682.0599975585938,0.2912105459247516,0.0
2025-11-03,683.3400268554688,0.3437141857704896,0.0
2025-11-04,675.239990234375,0.19241502172322886,0.0
2025-11-05,677.5800170898438,0.38844176797224916,0.0
2025-11-06,670.3099975585938,0.13497595472000018,0.0
2025-11-07,670.969970703125,0.035894922514134196,0.0
2025-11-10,681.4400024414062,0.034794445409901495,0.0
2025-11-11,683.0,0.028360089783810404,0.0
2025-11-12,683.3800048828125,0.028985210954603526,0.0
2025-11-13,672.0399780273438,0.03086126512859664,0.0
2025-11-14,671.9299926757812,0.027634786664412152,0.0
2025-11-17,665.6699829101562,0.016341685593515294,0.0
2025-11-18,660.0800170898438,0.01402465655439629,0.0
2025-11-19,662.6300048828125,0.03531721676836478,0.0
2025-11-20,652.530029296875,0.10446536865044594,0.0
2025-11-21,659.030029296875,0.09187514335210602,0.0
2025-11-24,668.72998046875,0.0536833956900825,0.0
2025-11-25,675.02001953125,0.08042045433931289,0.0
2025-11-26,679.6799926757812,0.06621574271755891,0.0
2025-11-28,683.3900146484375,0.5882666691313462,0.0
2025-12-01,680.27001953125,0.8410590204219575,0.0
2025-12-02,681.530029296875,0.8304913150692609,0.0
2025-12-03,683.8900146484375,0.8075273010677043,0.0
2025-12-04,684.3900146484375,0.8211551678924579,0.0
2025-12-05,685.6900024414062,0.854035869544125,0.0
2025-12-08,683.6300048828125,0.7916797782746688,0.0
2025-12-09,683.0399780273438,0.817976054013814,0.0
2025-12-10,687.5700073242188,0.5277772872513667,0.0
2025-12-11,689.1699829101562,0.25878643596875023,0.0
2025-12-12,681.760009765625,0.31140108273733846,0.0
2025-12-15,680.72998046875,0.07496387474619247,0.0
2025-12-16,678.8699951171875,0.05785039434199929,0.0
2025-12-17,671.4000244140625,0.03400136680032532,0.0
2025-12-18,676.469970703125,0.024631862001048055,0.0
2025-12-19,680.5900268554688,0.028668798018453567,0.0
2025-12-22,684.8300170898438,0.035275456470468786,0.0
2025-12-23,687.9600219726562,0.09425749286557097,0.0
2025-12-24,690.3800048828125,0.14886409873680753,0.0
2025-12-26,690.3099975585938,0.6426369289893834,0.0
2025-12-29,687.8499755859375,0.9085598365857711,0.0
2025-12-30,687.010009765625,0.9064323345485831,0.0
2025-12-31,681.9199829101562,0.9421889127628263,0.0
2026-01-02,683.1699829101562,0.9105619944887743,0.0
2026-01-05,687.719970703125,0.6529285581951378,0.0
2026-01-06,691.8099975585938,0.6724235808704546,0.0
2026-01-07,689.5800170898438,0.2789939621769072,0.0
2026-01-08,689.510009765625,0.6257469904274071,0.0
2026-01-09,694.0700073242188,0.5023114718322853,0.0
2026-01-12,695.1599731445312,0.4399341253397324,0.0
2026-01-13,693.77001953125,0.45302161706724475,0.0
2026-01-14,690.3599853515625,0.06416717232608017,0.0
2026-01-15,692.239990234375,0.12315771137837446,0.0
2026-01-16,691.6599731445312,0.18111800559313454,0.0
2026-01-20,677.5800170898438,0.025220920871714715,0.0
2026-01-21,685.4000244140625,0.05816887882125735,0.0
2026-01-22,688.97998046875,0.03586108114044857,0.0
2026-01-23,689.22998046875,0.03158025575515485,0.0
2026-01-26,692.72998046875,0.03889774747797876,0.0
2026-01-27,695.489990234375,0.13811810266923255,0.0
2026-01-28,695.4199829101562,0.8147558163056018,0.0
2026-01-29,694.0399780273438,0.5179738393869617,0.0
2026-01-30,691.969970703125,0.415231429360822,0.0
2026-02-02,695.4099731445312,0.1251848249342994,0.0
2026-02-03,689.530029296875,0.15871600384941326,0.0
2026-02-04,686.1900024414062,0.05287880327792993,0.0
2026-02-05,677.6199951171875,0.02071114615612008,0.0
2026-02-06,690.6199951171875,0.02510775832316758,0.0
2026-02-09,693.9500122070312,0.02195666863485153,0.0
2026-02-10,692.1199951171875,0.018893816043184193,0.0
2026-02-11,691.9600219726562,0.1397262399360236,0.0
2026-02-12,681.27001953125,0.08462072212137399,0.0
2026-02-13,681.75,0.04696118555654456,0.0
2026-02-17,682.8499755859375,0.03913493846880326,0.0
2026-02-18,686.2899780273438,0.047091272077818463,0.0
2026-02-19,684.47998046875,0.06870607053783731,0.0
2026-02-20,689.4299926757812,0.1783727481758183,0.0
2026-02-23,682.3900146484375,0.2962021007843543,0.0
2026-02-24,687.3499755859375,0.496293369959337,0.0
2026-02-25,693.1500244140625,0.5698507883577596,0.0
2026-02-26,689.2999877929688,0.434139425010332,0.0
2026-02-27,685.989990234375,0.6300402620685771,0.0
2026-03-02,686.3800048828125,0.63304584087438,0.0
2026-03-03,680.3300170898438,0.29744939032014855,0.0
2026-03-04,685.1300048828125,0.08360422791278492,0.0
2026-03-05,681.3099975585938,0.03176591770724311,0.0
2026-03-06,672.3800048828125,0.02143358900998631,0.0
2026-03-09,678.27001953125,0.07658371730766125,0.0
2026-03-10,677.1799926757812,0.059602380596470106,0.0
2026-03-11,676.3300170898438,0.06622803579050263,0.0
2026-03-12,666.0599975585938,0.0303264599594942,0.0
2026-03-13,662.2899780273438,0.07751521013939144,0.0
2026-03-16,669.030029296875,0.23273459407063335,0.0
