date,value,cash,shares,position_pct,regime,danger,drawdown,price
2020-01-02,100000.00,264.91,307,0.9974,10,1,0.00,324.87
2020-01-03,99244.78,264.91,307,0.9973,10,1,-0.76,322.41
2020-01-06,99622.39,264.91,307,0.9973,10,1,-0.38,323.64
2020-01-07,99343.02,264.91,307,0.9973,9.47,1,-0.66,322.73
2020-01-08,99871.06,264.91,307,0.9973,10,1,-0.13,324.45
2020-01-09,100546.46,264.91,307,0.9974,10,1,0.00,326.65
2020-01-10,100257.88,264.91,307,0.9974,10,1,-0.29,325.71
2020-01-13,100945.56,264.91,307,0.9974,10,1,0.00,327.95
2020-01-14,100792.06,264.91,307,0.9974,10,1,-0.15,327.45
2020-01-15,101019.24,264.91,307,0.9974,10,1,0.00,328.19
2020-01-16,101857.35,264.91,307,0.9974,10,0,0.00,330.92
2020-01-17,102173.56,264.91,307,0.9974,10,0,0.00,331.95
2020-01-21,101974.01,264.91,307,0.9974,10,1,-0.20,331.30
2020-01-22,101986.29,264.91,307,0.9974,10,1,-0.18,331.34
2020-01-23,102102.95,264.91,307,0.9974,10,1,-0.07,331.72
2020-01-24,101197.30,264.91,307,0.9974,10,1,-0.96,328.77
2020-01-27,99579.41,264.91,307,0.9973,8.72,1,-2.54,323.50
2020-01-28,100620.14,264.91,307,0.9974,9.79,1,-1.52,326.89
2020-01-29,100537.25,264.91,307,0.9974,9.79,1,-1.60,326.62
2020-01-30,100862.67,264.91,307,0.9974,9.79,1,-1.28,327.68
2020-01-31,99036.02,264.91,307,0.9973,7.66,1,-3.07,321.73
2020-02-03,99769.75,264.91,307,0.9973,8.72,1,-2.35,324.12
2020-02-04,101286.33,264.91,307,0.9974,9.79,1,-0.87,329.06
2020-02-05,102452.93,264.91,307,0.9974,9.79,1,0.00,332.86
2020-02-06,102796.77,264.91,307,0.9974,10,1,0.00,333.98
2020-02-07,102250.31,264.91,307,0.9974,9.79,1,-0.53,332.20
2020-02-10,103011.67,264.91,307,0.9974,9.79,1,0.00,334.68
2020-02-11,103189.73,264.91,307,0.9974,9.79,1,0.00,335.26
2020-02-12,103852.85,264.91,307,0.9974,10,0,0.00,337.42
2020-02-13,103742.33,264.91,307,0.9974,10,1,-0.11,337.06
2020-02-14,103908.11,264.91,307,0.9975,10,1,0.00,337.60
2020-02-18,103641.02,264.91,307,0.9974,10,1,-0.26,336.73
2020-02-19,104135.29,264.91,307,0.9975,10,1,0.00,338.34
2020-02-20,103708.56,264.91,307,0.9974,9.79,1,-0.41,336.95
2020-02-21,102643.27,264.91,307,0.9974,9.26,1,-1.43,333.48
2020-02-24,99247.85,264.91,307,0.9973,6.6,2,-4.69,322.42
2020-02-25,96248.46,264.91,307,0.9972,7.13,3,-7.57,312.65
2020-02-26,95895.41,264.91,307,0.9972,6.6,3,-7.91,311.50
2020-02-27,91600.48,264.91,307,0.9971,6.28,4,-12.04,297.51
2020-02-28,91216.73,264.91,307,0.9971,6.81,4,-12.41,296.26
2020-03-02,95155.54,264.91,307,0.9972,7.34,1,-8.62,309.09
2020-03-03,92438.59,264.91,307,0.9971,6.28,2,-11.23,300.24
2020-03-04,96312.93,264.91,307,0.9972,7.34,1,-7.51,312.86
2020-03-05,93120.13,264.91,307,0.9972,6.28,2,-10.58,302.46
2020-03-06,91585.13,264.91,307,0.9971,6.28,3,-12.05,297.46
2020-03-09,84453.52,264.91,307,0.9969,5.96,3,-18.90,274.23
2020-03-10,88809.85,264.91,307,0.9970,7.02,2,-14.72,288.42
2020-03-11,84493.43,264.91,307,0.9969,5.96,3,-18.86,274.36
2020-03-12,76434.68,264.91,307,0.9965,5.96,3,-26.60,248.11
2020-03-13,82946.15,264.91,307,0.9968,5.74,2,-20.35,269.32
2020-03-16,73898.86,25.06,308,0.9997,5.74,3,-29.04,239.85
2020-03-17,77887.46,25.06,308,0.9997,5.74,2,-25.21,252.80
2020-03-18,73945.06,25.06,308,0.9997,5.74,2,-28.99,240.00
2020-03-19,74102.14,25.06,308,0.9997,5.74,2,-28.84,240.51
2020-03-20,70495.46,25.06,308,0.9996,5.74,2,-32.30,228.80
2020-03-23,68693.66,25.06,308,0.9996,5.74,2,-34.03,222.95
2020-03-24,74890.20,74890.20,0,0.0000,4.47,2,-28.08,243.15
2020-03-25,74890.20,112.83,303,0.9985,5.53,2,-28.08,246.79
2020-03-26,79256.43,112.83,303,0.9986,5.53,1,-23.89,261.20
2020-03-27,76786.26,76786.26,0,0.0000,5.32,1,-26.26,253.42
2020-03-30,76786.26,122.81,293,0.9984,6.06,1,-26.26,261.65
2020-03-31,75643.56,122.81,293,0.9984,5.85,1,-27.36,257.75
2020-04-01,72244.76,122.81,293,0.9983,6.91,2,-30.62,246.15
2020-04-02,73909.00,122.81,293,0.9983,7.13,1,-29.03,251.83
2020-04-03,72842.48,122.81,293,0.9983,7.13,1,-30.05,248.19
2020-04-06,77726.79,122.81,293,0.9984,8.4,1,-25.36,264.86
2020-04-07,77805.90,122.81,293,0.9984,8.62,1,-25.28,265.13
2020-04-08,80413.60,122.81,293,0.9985,8.62,0,-22.78,274.03
2020-04-09,81635.41,122.81,293,0.9985,8.62,0,-21.61,278.20
2020-04-13,80891.19,122.81,293,0.9985,8.62,1,-22.32,275.66
2020-04-14,83273.28,122.81,293,0.9985,8.62,0,-20.03,283.79
2020-04-15,81506.49,122.81,293,0.9985,8.62,1,-21.73,277.76
2020-04-16,81899.11,122.81,293,0.9985,8.62,1,-21.35,279.10
2020-04-17,84108.33,122.81,293,0.9985,8.62,1,-19.23,286.64
2020-04-20,82628.68,122.81,293,0.9985,8.62,2,-20.65,281.59
2020-04-21,80123.53,122.81,293,0.9985,8.62,2,-23.06,273.04
2020-04-22,81899.11,122.81,293,0.9985,8.94,0,-21.35,279.10
2020-04-23,81893.25,122.81,293,0.9985,8.94,0,-21.36,279.08
2020-04-24,83033.02,122.81,293,0.9985,8.94,0,-20.26,282.97
2020-04-27,84228.46,122.81,293,0.9985,8.94,1,-19.12,287.05
2020-04-28,83841.70,122.81,293,0.9985,8.94,1,-19.49,285.73
2020-04-29,86033.34,122.81,293,0.9986,8.94,2,-17.38,293.21
2020-04-30,85233.45,122.81,293,0.9986,8.94,1,-18.15,290.48
2020-05-01,82980.28,122.81,293,0.9985,8.94,2,-20.31,282.79
2020-05-04,83208.82,122.81,293,0.9985,7.98,2,-20.10,283.57
2020-05-05,83976.48,122.81,293,0.9985,8.19,0,-19.36,286.19
2020-05-06,83408.06,122.81,293,0.9985,8.19,1,-19.90,284.25
2020-05-07,84413.05,122.81,293,0.9985,7.98,0,-18.94,287.68
2020-05-08,85807.73,122.81,293,0.9986,8.3,1,-17.60,292.44
2020-05-11,85825.31,122.81,293,0.9986,8.72,1,-17.58,292.50
2020-05-12,84117.12,122.81,293,0.9985,8.4,1,-19.22,286.67
2020-05-13,82631.61,122.81,293,0.9985,7.13,2,-20.65,281.60
2020-05-14,83619.02,122.81,293,0.9985,8.19,1,-19.70,284.97
2020-05-15,84002.85,122.81,293,0.9985,8.4,1,-19.33,286.28
2020-05-18,86557.81,122.81,293,0.9986,8.51,0,-16.88,295.00
2020-05-19,85670.02,122.81,293,0.9986,8.19,0,-17.73,291.97
2020-05-20,87123.30,122.81,293,0.9986,8.51,0,-16.34,296.93
2020-05-21,86522.65,122.81,293,0.9986,8.51,0,-16.91,294.88
2020-05-22,86686.73,122.81,293,0.9986,8.51,0,-16.76,295.44
2020-05-26,87753.25,122.81,293,0.9986,8.51,0,-15.73,299.08
2020-05-27,89057.10,122.81,293,0.9986,8.51,0,-14.48,303.53
2020-05-28,88893.02,122.81,293,0.9986,8.72,1,-14.64,302.97
2020-05-29,89288.57,122.81,293,0.9986,8.51,0,-14.26,304.32
2020-06-01,89648.96,122.81,293,0.9986,9.26,1,-13.91,305.55
2020-06-02,90390.25,122.81,293,0.9986,9.26,0,-13.20,308.08
2020-06-03,91591.55,122.81,293,0.9987,8.72,0,-12.05,312.18
2020-06-04,91351.29,122.81,293,0.9987,9.26,0,-12.28,311.36
2020-06-05,93689.43,122.81,293,0.9987,9.47,1,-10.03,319.34
2020-06-08,94820.41,122.81,293,0.9987,9.26,0,-8.94,323.20
2020-06-09,94114.28,122.81,293,0.9987,9.26,1,-9.62,320.79
2020-06-10,93589.81,122.81,293,0.9987,9.26,1,-10.13,319.00
2020-06-11,88201.54,122.81,293,0.9986,7.87,2,-15.30,300.61
2020-06-12,89256.34,122.81,293,0.9986,8.94,1,-14.29,304.21
2020-06-15,90088.46,122.81,293,0.9986,8.94,1,-13.49,307.05
2020-06-16,91820.09,122.81,293,0.9987,8.94,0,-11.83,312.96
2020-06-17,91439.19,122.81,293,0.9987,8.94,1,-12.19,311.66
2020-06-18,91474.35,122.81,293,0.9987,8.94,1,-12.16,311.78
2020-06-19,90554.33,122.81,293,0.9986,8.94,1,-13.04,308.64
2020-06-22,91134.47,122.81,293,0.9987,8.94,1,-12.48,310.62
2020-06-23,91553.46,122.81,293,0.9987,8.94,1,-12.08,312.05
2020-06-24,89221.18,122.81,293,0.9986,7.87,2,-14.32,304.09
2020-06-25,90176.36,122.81,293,0.9986,7.87,1,-13.40,307.35
2020-06-26,88037.46,122.81,293,0.9986,6.81,1,-15.46,300.05
2020-06-29,89329.59,122.81,293,0.9986,7.87,1,-14.22,304.46
2020-06-30,90472.29,122.81,293,0.9986,7.87,1,-13.12,308.36
2020-07-01,91105.17,122.81,293,0.9987,9.26,1,-12.51,310.52
2020-07-02,91606.20,122.81,293,0.9987,9.26,1,-12.03,312.23
2020-07-06,93018.46,122.81,293,0.9987,9.26,0,-10.68,317.05
2020-07-07,92060.35,122.81,293,0.9987,9.26,1,-11.60,313.78
2020-07-08,92763.55,122.81,293,0.9987,9.26,0,-10.92,316.18
2020-07-09,92236.15,122.81,293,0.9987,9.26,2,-11.43,314.38
2020-07-10,93176.68,122.81,293,0.9987,9.26,0,-10.52,317.59
2020-07-13,92370.93,122.81,293,0.9987,8.94,2,-11.30,314.84
2020-07-14,93566.37,122.81,293,0.9987,9.26,0,-10.15,318.92
2020-07-15,94424.86,122.81,293,0.9987,9.26,0,-9.32,321.85
2020-07-16,94114.28,122.81,293,0.9987,9.26,0,-9.62,320.79
2020-07-17,94386.77,122.81,293,0.9987,9.26,0,-9.36,321.72
2020-07-20,95148.57,122.81,293,0.9987,9.47,0,-8.63,324.32
2020-07-21,95350.74,122.81,293,0.9987,9.47,0,-8.44,325.01
2020-07-22,95892.79,122.81,293,0.9987,9.47,0,-7.92,326.86
2020-07-23,94750.09,122.81,293,0.9987,9.26,1,-9.01,322.96
2020-07-24,94140.65,122.81,293,0.9987,9.26,2,-9.60,320.88
2020-07-27,94826.27,122.81,293,0.9987,9.47,1,-8.94,323.22
2020-07-28,94225.62,122.81,293,0.9987,9.26,2,-9.52,321.17
2020-07-29,95382.97,122.81,293,0.9987,9.47,1,-8.40,325.12
2020-07-30,95043.09,122.81,293,0.9987,9.47,1,-8.73,323.96
2020-07-31,95793.17,122.81,293,0.9987,9.47,1,-8.01,326.52
2020-08-03,96458.28,122.81,293,0.9987,9.47,0,-7.37,328.79
2020-08-04,96830.39,122.81,293,0.9987,9.47,0,-7.01,330.06
2020-08-05,97431.04,122.81,293,0.9987,9.47,0,-6.44,332.11
2020-08-06,98081.50,122.81,293,0.9987,9.47,0,-5.81,334.33
2020-08-07,98151.82,122.81,293,0.9987,9.47,0,-5.75,334.57
2020-08-10,98444.82,122.81,293,0.9988,9.47,0,-5.46,335.57
2020-08-11,97633.21,122.81,293,0.9987,9.47,1,-6.24,332.80
2020-08-12,98992.73,122.81,293,0.9988,9.47,0,-4.94,337.44
2020-08-13,98814.00,122.81,293,0.9988,9.47,0,-5.11,336.83
2020-08-14,98816.93,122.81,293,0.9988,9.47,0,-5.11,336.84
2020-08-17,99130.44,122.81,293,0.9988,9.47,0,-4.81,337.91
2020-08-18,99344.33,122.81,293,0.9988,8.94,0,-4.60,338.64
2020-08-19,98931.20,122.81,293,0.9988,8.94,1,-5.00,337.23
2020-08-20,99238.85,122.81,293,0.9988,8.94,1,-4.70,338.28
2020-08-21,99590.45,122.81,293,0.9988,9.47,1,-4.36,339.48
2020-08-24,100598.37,122.81,293,0.9988,9.47,0,-3.40,342.92
2020-08-25,100949.97,122.81,293,0.9988,9.47,0,-3.06,344.12
2020-08-26,101960.82,122.81,293,0.9988,9.47,0,-2.09,347.57
2020-08-27,102183.50,122.81,293,0.9988,9.47,0,-1.87,348.33
2020-08-28,102842.75,122.81,293,0.9988,9.47,0,-1.24,350.58
2020-08-31,102470.64,122.81,293,0.9988,9.26,1,-1.60,349.31
2020-09-01,103434.61,122.81,293,0.9988,9.26,1,-0.67,352.60
2020-09-02,104928.91,122.81,293,0.9988,9.26,1,0.00,357.70
2020-09-03,101322.08,122.81,293,0.9988,8.94,2,-3.44,345.39
2020-09-04,100495.82,122.81,293,0.9988,7.87,2,-4.22,342.57
2020-09-08,97753.34,122.81,293,0.9987,6.81,2,-6.84,333.21
2020-09-09,99681.28,122.81,293,0.9988,8.19,2,-5.00,339.79
2020-09-10,97952.58,122.81,293,0.9987,7.13,2,-6.65,333.89
2020-09-11,98002.39,122.81,293,0.9987,7.13,2,-6.60,334.06
2020-09-14,99291.59,122.81,293,0.9988,8.19,2,-5.37,338.46
2020-09-15,99792.62,122.81,293,0.9988,8.19,2,-4.90,340.17
2020-09-16,99397.07,122.81,293,0.9988,8.19,2,-5.27,338.82
2020-09-17,98523.93,122.81,293,0.9988,8.19,2,-6.10,335.84
2020-09-18,97003.26,122.81,293,0.9987,6.6,2,-7.55,330.65
2020-09-21,95925.02,122.81,293,0.9987,6.6,3,-8.58,326.97
2020-09-22,96900.71,122.81,293,0.9987,7.66,2,-7.65,330.30
2020-09-23,94656.33,122.81,293,0.9987,7.13,2,-9.79,322.64
2020-09-24,94908.31,122.81,293,0.9987,6.6,2,-9.55,323.50
2020-09-25,96440.70,122.81,293,0.9987,7.66,1,-8.09,328.73
2020-09-28,98040.48,122.81,293,0.9987,7.66,1,-6.56,334.19
2020-09-29,97507.22,122.81,293,0.9987,7.66,1,-7.07,332.37
2020-09-30,98245.58,122.81,293,0.9987,7.66,1,-6.37,334.89
2020-10-01,98875.53,122.81,293,0.9988,8.72,1,-5.77,337.04
2020-10-02,97937.93,122.81,293,0.9987,8.72,2,-6.66,333.84
2020-10-05,99672.49,122.81,293,0.9988,7.45,2,-5.01,339.76
2020-10-06,98257.30,122.81,293,0.9988,7.45,2,-6.36,334.93
2020-10-07,99965.49,122.81,293,0.9988,7.45,2,-4.73,340.76
2020-10-08,100850.35,122.81,293,0.9988,7.45,0,-3.89,343.78
2020-10-09,101749.86,122.81,293,0.9988,7.45,0,-3.03,346.85
2020-10-12,103384.80,122.81,293,0.9988,7.45,0,-1.47,352.43
2020-10-13,102710.90,122.81,293,0.9988,7.45,0,-2.11,350.13
2020-10-14,102066.30,122.81,293,0.9988,7.45,0,-2.73,347.93
2020-10-15,101940.31,122.81,293,0.9988,7.98,2,-2.85,347.50
2020-10-16,101878.78,122.81,293,0.9988,7.98,2,-2.91,347.29
2020-10-19,100331.74,122.81,293,0.9988,9.26,2,-4.38,342.01
2020-10-20,100733.15,122.81,293,0.9988,9.26,2,-4.00,343.38
2020-10-21,100542.70,122.81,293,0.9988,9.26,2,-4.18,342.73
2020-10-22,101093.54,122.81,293,0.9988,9.26,2,-3.66,344.61
2020-10-23,101436.35,122.81,293,0.9988,9.26,1,-3.33,345.78
2020-10-26,99564.08,122.81,293,0.9988,7.87,2,-5.11,339.39
2020-10-27,99221.27,122.81,293,0.9988,7.87,2,-5.44,338.22
2020-10-28,95834.19,122.81,293,0.9987,6.81,2,-8.67,326.66
2020-10-29,96806.95,122.81,293,0.9987,7.87,1,-7.74,329.98
2020-10-30,95799.03,122.81,293,0.9987,6.81,1,-8.70,326.54
2020-11-02,96871.41,122.81,293,0.9987,7.87,1,-7.68,330.20
2020-11-03,98579.60,122.81,293,0.9988,7.87,1,-6.05,336.03
2020-11-04,100780.03,122.81,293,0.9988,9.26,1,-3.95,343.54
2020-11-05,102743.13,122.81,293,0.9988,9.26,0,-2.08,350.24
2020-11-06,102719.69,122.81,293,0.9988,9.47,0,-2.11,350.16
2020-11-09,104008.89,122.81,293,0.9988,9.26,0,-0.88,354.56
2020-11-10,103856.53,122.81,293,0.9988,9.47,0,-1.02,354.04
2020-11-11,104627.12,122.81,293,0.9988,9.47,0,-0.29,356.67
2020-11-12,103613.34,122.81,293,0.9988,9.26,0,-1.25,353.21
2020-11-13,105046.11,122.81,293,0.9988,9.47,0,0.00,358.10
2020-11-16,106355.82,122.81,293,0.9988,9.47,0,0.00,362.57
2020-11-17,105784.47,122.81,293,0.9988,9.47,0,-0.54,360.62
2020-11-18,104512.85,122.81,293,0.9988,9.47,1,-1.73,356.28
2020-11-19,104952.35,122.81,293,0.9988,9.47,0,-1.32,357.78
2020-11-20,104234.50,122.81,293,0.9988,9.47,1,-1.99,355.33
2020-11-23,104858.59,122.81,293,0.9988,9.47,1,-1.41,357.46
2020-11-24,106546.27,122.81,293,0.9988,9.47,0,0.00,363.22
2020-11-25,106382.19,122.81,293,0.9988,9.47,0,-0.15,362.66
2020-11-27,106678.12,122.81,293,0.9988,9.47,0,0.00,363.67
2020-11-30,106206.39,122.81,293,0.9988,9.47,1,-0.44,362.06
2020-12-01,107366.67,122.81,293,0.9989,8.94,0,0.00,366.02
2020-12-02,107592.28,122.81,293,0.9989,8.94,0,0.00,366.79
2020-12-03,107562.98,122.81,293,0.9989,8.94,0,-0.03,366.69
2020-12-04,108488.86,122.81,293,0.9989,8.94,0,0.00,369.85
2020-12-07,108266.18,122.81,293,0.9989,9.47,0,-0.21,369.09
2020-12-08,108582.62,122.81,293,0.9989,9.47,0,0.00,370.17
2020-12-09,107609.86,122.81,293,0.9989,9.47,1,-0.90,366.85
2020-12-10,107574.70,122.81,293,0.9989,9.47,1,-0.93,366.73
2020-12-11,107448.71,122.81,293,0.9989,8.94,1,-1.04,366.30
2020-12-14,106968.19,122.81,293,0.9989,8.94,1,-1.49,364.66
2020-12-15,108412.68,122.81,293,0.9989,8.94,1,-0.16,369.59
2020-12-16,108582.62,122.81,293,0.9989,8.94,1,0.00,370.17
2020-12-17,109189.13,122.81,293,0.9989,8.94,0,0.00,372.24
2020-12-18,108292.55,122.81,293,0.9989,8.94,1,-0.82,369.18
2020-12-21,107905.79,122.81,293,0.9989,8.72,2,-1.18,367.86
2020-12-22,107724.13,122.81,293,0.9989,8.94,1,-1.34,367.24
2020-12-23,107820.82,122.81,293,0.9989,9.47,1,-1.25,367.57
2020-12-24,108239.81,122.81,293,0.9989,9.47,1,-0.87,369.00
2020-12-28,109168.62,122.81,293,0.9989,9.47,1,-0.02,372.17
2020-12-29,108960.59,122.81,293,0.9989,9.47,1,-0.21,371.46
2020-12-30,109115.88,122.81,293,0.9989,9.47,1,-0.07,371.99
2020-12-31,109669.65,122.81,293,0.9989,9.47,1,0.00,373.88
2021-01-04,108178.28,122.81,293,0.9989,9.26,2,-1.36,368.79
2021-01-05,108922.50,122.81,293,0.9989,8.72,1,-0.68,371.33
2021-01-06,109572.96,122.81,293,0.9989,8.72,1,-0.09,373.55
2021-01-07,111199.11,122.81,293,0.9989,8.94,0,0.00,379.10
2021-01-08,111831.99,122.81,293,0.9989,8.94,0,0.00,381.26
2021-01-11,111078.98,122.81,293,0.9989,8.94,1,-0.67,378.69
2021-01-12,111102.42,122.81,293,0.9989,8.94,1,-0.65,378.77
2021-01-13,111401.28,122.81,293,0.9989,8.94,1,-0.39,379.79
2021-01-14,111011.59,122.81,293,0.9989,8.94,1,-0.73,378.46
2021-01-15,110202.91,122.81,293,0.9989,7.66,1,-1.46,375.70
2021-01-19,111067.26,122.81,293,0.9989,7.66,1,-0.68,378.65
2021-01-20,112602.58,122.81,293,0.9989,7.66,0,0.00,383.89
2021-01-21,112705.13,122.81,293,0.9989,7.66,0,0.00,384.24
2021-01-22,112306.65,122.81,293,0.9989,7.66,1,-0.35,382.88
2021-01-25,112749.08,122.81,293,0.9989,7.66,1,0.00,384.39
2021-01-26,112573.28,122.81,293,0.9989,7.66,1,-0.16,383.79
2021-01-27,109824.94,122.81,293,0.9989,6.06,2,-2.59,374.41
2021-01-28,110768.40,122.81,293,0.9989,7.13,1,-1.76,377.63
2021-01-29,108430.51,108430.51,0,0.0000,5.0,1,-3.83,370.07
2021-02-01,108430.51,76.27,288,0.9993,7.13,1,-3.83,376.23
2021-02-02,109962.67,76.27,288,0.9993,7.45,1,-2.47,381.55
2021-02-03,110049.07,76.27,288,0.9993,7.66,1,-2.39,381.85
2021-02-04,111298.99,76.27,288,0.9993,7.66,0,-1.29,386.19
2021-02-05,111736.75,76.27,288,0.9993,7.66,0,-0.90,387.71
2021-02-08,112543.15,76.27,288,0.9993,7.66,0,-0.18,390.51
2021-02-09,112468.27,76.27,288,0.9993,7.66,0,-0.25,390.25
2021-02-10,112419.31,76.27,288,0.9993,7.66,0,-0.29,390.08
2021-02-11,112600.75,76.27,288,0.9993,7.66,1,-0.13,390.71
2021-02-12,113156.59,76.27,288,0.9993,7.98,0,0.00,392.64
2021-02-16,113058.67,76.27,288,0.9993,7.66,1,-0.09,392.30
2021-02-17,113084.59,76.27,288,0.9993,7.66,1,-0.06,392.39
2021-02-18,112603.63,76.27,288,0.9993,7.66,1,-0.49,390.72
2021-02-19,112404.91,76.27,288,0.9993,7.66,1,-0.66,390.03
2021-02-22,111540.91,76.27,288,0.9993,7.66,1,-1.43,387.03
2021-02-23,111676.27,76.27,288,0.9993,7.66,1,-1.31,387.50
2021-02-24,112906.03,76.27,288,0.9993,7.66,1,-0.22,391.77
2021-02-25,110187.31,76.27,288,0.9993,7.45,2,-2.62,382.33
2021-02-26,109619.95,76.27,288,0.9993,6.38,2,-3.13,380.36
2021-03-01,112275.31,76.27,288,0.9993,7.66,1,-0.78,389.58
2021-03-02,111399.79,76.27,288,0.9993,7.66,1,-1.55,386.54
2021-03-03,109925.23,76.27,288,0.9993,6.38,1,-2.86,381.42
2021-03-04,108489.60,108489.60,0,0.0000,5.32,1,-4.12,376.70
2021-03-05,108489.60,305.94,282,0.9972,6.6,1,-4.12,383.63
2021-03-08,107950.98,305.94,282,0.9972,6.38,1,-4.60,381.72
2021-03-09,109487.88,305.94,282,0.9972,7.66,1,-3.24,387.17
2021-03-10,110167.50,305.94,282,0.9972,7.66,1,-2.64,389.58
2021-03-11,111281.40,305.94,282,0.9973,7.66,1,-1.66,393.53
2021-03-12,111430.86,305.94,282,0.9973,7.66,1,-1.53,394.06
2021-03-15,112093.56,305.94,282,0.9973,7.66,0,-0.94,396.41
2021-03-16,111952.56,305.94,282,0.9973,7.98,1,-1.06,395.91
2021-03-17,112333.26,305.94,282,0.9973,7.98,0,-0.73,397.26
2021-03-18,110703.30,305.94,282,0.9972,7.66,1,-2.17,391.48
2021-03-19,110139.30,305.94,282,0.9972,8.19,1,-2.67,389.48
2021-03-22,111016.32,305.94,282,0.9972,8.51,1,-1.89,392.59
2021-03-23,110144.94,305.94,282,0.9972,8.19,1,-2.66,389.50
2021-03-24,109586.58,305.94,282,0.9972,8.19,1,-3.15,387.52
2021-03-25,110201.34,305.94,282,0.9972,8.51,1,-2.61,389.70
2021-03-26,111972.30,305.94,282,0.9973,8.51,1,-1.05,395.98
2021-03-29,111915.90,305.94,282,0.9973,8.19,1,-1.10,395.78
2021-03-30,111619.80,305.94,282,0.9973,7.66,1,-1.36,394.73
2021-03-31,112071.00,305.94,282,0.9973,8.51,1,-0.96,396.33
2021-04-01,113277.96,305.94,282,0.9973,8.51,0,0.00,400.61
2021-04-05,114899.46,305.94,282,0.9973,8.51,0,0.00,406.36
2021-04-06,114831.78,305.94,282,0.9973,9.79,0,-0.06,406.12
2021-04-07,114964.32,305.94,282,0.9973,9.79,0,0.00,406.59
2021-04-08,115508.58,305.94,282,0.9974,9.79,0,0.00,408.52
2021-04-09,116346.12,305.94,282,0.9974,9.79,0,0.00,411.49
2021-04-12,116388.42,305.94,282,0.9974,9.79,0,0.00,411.64
2021-04-13,116732.46,305.94,282,0.9974,8.51,0,0.00,412.86
2021-04-14,116334.84,305.94,282,0.9974,7.98,0,-0.34,411.45
2021-04-15,117581.28,305.94,282,0.9974,8.51,0,0.00,415.87
2021-04-16,117973.26,305.94,282,0.9974,7.98,0,0.00,417.26
2021-04-19,117395.16,305.94,282,0.9974,7.98,0,-0.49,415.21
2021-04-20,116537.88,305.94,282,0.9974,7.98,1,-1.22,412.17
2021-04-21,117637.68,305.94,282,0.9974,7.98,0,-0.28,416.07
2021-04-22,116566.08,305.94,282,0.9974,7.98,1,-1.19,412.27
2021-04-23,117826.62,305.94,282,0.9974,7.98,1,-0.12,416.74
2021-04-26,118071.96,305.94,282,0.9974,7.98,1,0.00,417.61
2021-04-27,118046.58,305.94,282,0.9974,7.98,1,-0.02,417.52
2021-04-28,118012.74,305.94,282,0.9974,7.98,1,-0.05,417.40
2021-04-29,118762.86,305.94,282,0.9974,7.98,0,0.00,420.06
2021-04-30,117984.54,305.94,282,0.9974,7.98,1,-0.66,417.30
2021-05-03,118238.34,305.94,282,0.9974,7.98,1,-0.44,418.20
2021-05-04,117510.78,305.94,282,0.9974,7.98,1,-1.05,415.62
2021-05-05,117547.44,305.94,282,0.9974,7.98,1,-1.02,415.75
2021-05-06,118483.68,305.94,282,0.9974,7.98,1,-0.24,419.07
2021-05-07,119343.78,305.94,282,0.9974,7.98,1,0.00,422.12
2021-05-10,118165.02,305.94,282,0.9974,7.98,1,-0.99,417.94
2021-05-11,117113.16,305.94,282,0.9974,6.6,1,-1.87,414.21
2021-05-12,114325.62,114325.62,0,0.0000,5.32,2,-4.20,405.41
2021-05-13,114325.62,267.78,278,0.9977,6.6,1,-4.20,410.28
2021-05-14,116077.02,267.78,278,0.9977,7.98,1,-2.74,416.58
2021-05-17,115782.34,267.78,278,0.9977,7.98,1,-2.98,415.52
2021-05-18,114787.10,267.78,278,0.9977,6.6,1,-3.82,411.94
2021-05-19,114486.86,267.78,278,0.9977,6.6,1,-4.07,410.86
2021-05-20,115715.62,267.78,278,0.9977,7.66,1,-3.04,415.28
2021-05-21,115621.10,267.78,278,0.9977,7.66,1,-3.12,414.94
2021-05-24,116797.04,267.78,278,0.9977,7.98,1,-2.13,419.17
2021-05-25,116538.50,267.78,278,0.9977,7.98,1,-2.35,418.24
2021-05-26,116769.24,267.78,278,0.9977,7.98,1,-2.16,419.07
2021-05-27,116830.40,267.78,278,0.9977,7.98,1,-2.11,419.29
2021-05-28,117038.90,267.78,278,0.9977,7.98,1,-1.93,420.04
2021-06-01,116936.04,267.78,278,0.9977,7.98,1,-2.02,419.67
2021-06-02,117119.52,267.78,278,0.9977,7.98,1,-1.86,420.33
2021-06-03,116685.84,267.78,278,0.9977,8.51,1,-2.23,418.77
2021-06-04,117750.58,267.78,278,0.9977,7.98,1,-1.33,422.60
2021-06-07,117636.60,267.78,278,0.9977,8.51,1,-1.43,422.19
2021-06-08,117661.62,267.78,278,0.9977,8.51,1,-1.41,422.28
2021-06-09,117486.48,267.78,278,0.9977,8.51,1,-1.56,421.65
2021-06-10,118031.36,267.78,278,0.9977,8.51,1,-1.10,423.61
2021-06-11,118225.96,267.78,278,0.9977,7.98,1,-0.94,424.31
2021-06-14,118490.06,267.78,278,0.9977,7.98,1,-0.72,425.26
2021-06-15,118273.22,267.78,278,0.9977,7.98,1,-0.90,424.48
2021-06-16,117614.36,267.78,278,0.9977,7.98,1,-1.45,422.11
2021-06-17,117575.44,267.78,278,0.9977,7.98,1,-1.48,421.97
2021-06-18,115615.54,267.78,278,0.9977,5.53,1,-3.12,414.92
2021-06-21,117266.86,267.78,278,0.9977,7.98,1,-1.74,420.86
2021-06-22,117892.36,267.78,278,0.9977,7.98,1,-1.22,423.11
2021-06-23,117750.58,267.78,278,0.9977,7.98,1,-1.33,422.60
2021-06-24,118445.58,267.78,278,0.9977,7.98,1,-0.75,425.10
2021-06-25,118865.36,267.78,278,0.9977,7.98,1,-0.40,426.61
2021-06-28,119104.44,267.78,278,0.9978,7.98,1,-0.20,427.47
2021-06-29,119168.38,267.78,278,0.9978,7.98,1,-0.15,427.70
2021-06-30,119268.46,267.78,278,0.9978,7.98,1,-0.06,428.06
2021-07-01,119927.32,267.78,278,0.9978,7.98,1,0.00,430.43
2021-07-02,120841.94,267.78,278,0.9978,7.98,0,0.00,433.72
2021-07-06,120622.32,267.78,278,0.9978,7.98,1,-0.18,432.93
2021-07-07,121047.66,267.78,278,0.9978,7.98,1,0.00,434.46
2021-07-08,120063.54,267.78,278,0.9978,7.98,1,-0.81,430.92
2021-07-09,121342.34,267.78,278,0.9978,8.51,1,0.00,435.52
2021-07-12,121776.02,267.78,278,0.9978,8.51,1,0.00,437.08
2021-07-13,121361.80,267.78,278,0.9978,8.51,1,-0.34,435.59
2021-07-14,121542.50,267.78,278,0.9978,8.51,1,-0.19,436.24
2021-07-15,121128.28,267.78,278,0.9978,8.51,1,-0.53,434.75
2021-07-16,120180.30,267.78,278,0.9978,8.51,1,-1.31,431.34
2021-07-19,118409.44,267.78,278,0.9977,7.13,1,-2.76,424.97
2021-07-20,120102.46,267.78,278,0.9978,8.51,1,-1.37,431.06
2021-07-21,121072.68,267.78,278,0.9978,8.51,1,-0.58,434.55
2021-07-22,121325.66,267.78,278,0.9978,8.51,1,-0.37,435.46
2021-07-23,122571.10,267.78,278,0.9978,8.51,1,0.00,439.94
2021-07-26,122871.34,267.78,278,0.9978,8.51,1,0.00,441.02
2021-07-27,122312.56,267.78,278,0.9978,8.51,1,-0.45,439.01
2021-07-28,122262.52,267.78,278,0.9978,8.51,1,-0.50,438.83
2021-07-29,122768.48,267.78,278,0.9978,7.66,1,-0.08,440.65
2021-07-30,122173.56,267.78,278,0.9978,9.79,1,-0.57,438.51
2021-08-02,121917.80,267.78,278,0.9978,9.79,1,-0.78,437.59
2021-08-03,122907.48,267.78,278,0.9978,8.94,1,0.00,441.15
2021-08-04,122304.22,267.78,278,0.9978,8.94,1,-0.49,438.98
2021-08-05,123077.06,267.78,278,0.9978,9.79,1,0.00,441.76
2021-08-06,123280.00,267.78,278,0.9978,9.79,1,0.00,442.49
2021-08-09,123179.92,267.78,278,0.9978,9.79,1,-0.08,442.13
2021-08-10,123332.82,267.78,278,0.9978,9.79,1,0.00,442.68
2021-08-11,123638.62,267.78,278,0.9978,9.79,1,0.00,443.78
2021-08-12,124008.36,267.78,278,0.9978,8.94,1,0.00,445.11
2021-08-13,124233.54,267.78,278,0.9978,8.94,1,0.00,445.92
2021-08-16,124525.44,267.78,278,0.9978,9.79,1,0.00,446.97
2021-08-17,123710.90,267.78,278,0.9978,9.79,2,-0.65,444.04
2021-08-18,122359.82,267.78,278,0.9978,8.4,2,-1.74,439.18
2021-08-19,122548.86,267.78,278,0.9978,8.4,2,-1.59,439.86
2021-08-20,123521.86,267.78,278,0.9978,9.79,1,-0.81,443.36
2021-08-23,124606.06,267.78,278,0.9979,9.79,1,0.00,447.26
2021-08-24,124803.44,267.78,278,0.9979,9.79,1,0.00,447.97
2021-08-25,125064.76,267.78,278,0.9979,9.79,1,0.00,448.91
2021-08-26,124328.06,267.78,278,0.9978,9.26,1,-0.59,446.26
2021-08-27,125437.28,267.78,278,0.9979,9.26,1,0.00,450.25
2021-08-30,125987.72,267.78,278,0.9979,9.26,1,0.00,452.23
2021-08-31,125801.46,267.78,278,0.9979,9.26,1,-0.15,451.56
2021-09-01,125868.18,267.78,278,0.9979,9.26,1,-0.09,451.80
2021-09-02,126254.60,267.78,278,0.9979,9.26,1,0.00,453.19
2021-09-03,126224.02,267.78,278,0.9979,9.26,1,-0.02,453.08
2021-09-07,125773.66,267.78,278,0.9979,7.98,1,-0.38,451.46
2021-09-08,125620.76,267.78,278,0.9979,7.98,1,-0.50,450.91
2021-09-09,125084.22,267.78,278,0.9979,7.98,1,-0.93,448.98
2021-09-10,124100.10,267.78,278,0.9978,7.66,1,-1.71,445.44
2021-09-13,124417.02,267.78,278,0.9978,7.98,1,-1.46,446.58
2021-09-14,123747.04,267.78,278,0.9978,6.91,1,-1.99,444.17
2021-09-15,124778.42,267.78,278,0.9979,7.98,1,-1.17,447.88
2021-09-16,124581.04,267.78,278,0.9979,7.98,1,-1.33,447.17
2021-09-17,122976.98,267.78,278,0.9978,5.53,1,-2.60,441.40
2021-09-20,120663.12,120663.12,0,0.0000,5.32,2,-4.43,434.04
2021-09-21,120663.12,113.98,278,0.9991,5.53,1,-4.43,433.63
2021-09-22,121839.06,113.98,278,0.9991,6.6,1,-3.50,437.86
2021-09-23,123318.02,113.98,278,0.9991,7.98,1,-2.33,443.18
2021-09-24,123520.96,113.98,278,0.9991,7.98,1,-2.17,443.91
2021-09-27,123167.90,113.98,278,0.9991,7.98,1,-2.44,442.64
2021-09-28,120688.14,113.98,278,0.9991,5.53,1,-4.41,433.72
2021-09-29,120891.08,113.98,278,0.9991,5.53,1,-4.25,434.45
2021-09-30,119414.90,113.98,278,0.9990,5.53,1,-5.42,429.14
2021-10-01,120832.70,113.98,278,0.9991,6.6,1,-4.29,434.24
2021-10-04,119275.90,113.98,278,0.9990,5.53,1,-5.53,428.64
2021-10-05,120515.78,113.98,278,0.9991,6.6,1,-4.55,433.10
2021-10-06,121016.18,113.98,278,0.9991,6.6,1,-4.15,434.90
2021-10-07,122061.46,113.98,278,0.9991,7.98,1,-3.32,438.66
2021-10-08,121839.06,113.98,278,0.9991,7.77,1,-3.50,437.86
2021-10-11,120957.80,113.98,278,0.9991,6.6,1,-4.20,434.69
2021-10-12,120660.34,113.98,278,0.9991,6.91,1,-4.43,433.62
2021-10-13,121094.02,113.98,278,0.9991,6.91,1,-4.09,435.18
2021-10-14,123128.98,113.98,278,0.9991,7.98,1,-2.48,442.50
2021-10-15,124065.84,113.98,278,0.9991,7.77,1,-1.73,445.87
2021-10-18,124432.80,113.98,278,0.9991,7.77,1,-1.44,447.19
2021-10-19,125391.90,113.98,278,0.9991,7.98,0,-0.68,450.64
2021-10-20,125883.96,113.98,278,0.9991,7.98,0,-0.29,452.41
2021-10-21,126212.00,113.98,278,0.9991,8.51,0,-0.03,453.59
2021-10-22,126081.34,113.98,278,0.9991,8.51,0,-0.14,453.12
2021-10-25,126756.88,113.98,278,0.9991,8.51,0,0.00,455.55
2021-10-26,126870.86,113.98,278,0.9991,8.51,0,0.00,455.96
2021-10-27,126309.30,113.98,278,0.9991,8.51,2,-0.44,453.94
2021-10-28,127526.94,113.98,278,0.9991,8.51,1,0.00,458.32
2021-10-29,127785.48,113.98,278,0.9991,7.98,0,0.00,459.25
2021-11-01,128005.10,113.98,278,0.9991,7.98,0,0.00,460.04
2021-11-02,128522.18,113.98,278,0.9991,7.98,0,0.00,461.90
2021-11-03,129306.14,113.98,278,0.9991,7.98,0,0.00,464.72
2021-11-04,129914.96,113.98,278,0.9991,7.98,0,0.00,466.91
2021-11-05,130365.32,113.98,278,0.9991,8.51,0,0.00,468.53
2021-11-08,130476.52,113.98,278,0.9991,8.51,0,0.00,468.93
2021-11-09,130045.62,113.98,278,0.9991,7.98,0,-0.33,467.38
2021-11-10,129000.34,113.98,278,0.9991,8.51,1,-1.13,463.62
2021-11-11,129042.04,113.98,278,0.9991,8.51,1,-1.10,463.77
2021-11-12,130015.04,113.98,278,0.9991,8.51,1,-0.35,467.27
2021-11-15,130059.52,113.98,278,0.9991,8.51,1,-0.32,467.43
2021-11-16,130573.82,113.98,278,0.9991,8.51,1,0.00,469.28
2021-11-17,130256.90,113.98,278,0.9991,8.51,1,-0.24,468.14
2021-11-18,130698.92,113.98,278,0.9991,8.51,1,0.00,469.73
2021-11-19,130465.40,113.98,278,0.9991,7.98,1,-0.18,468.89
2021-11-22,130098.44,113.98,278,0.9991,8.51,1,-0.46,467.57
2021-11-23,130270.80,113.98,278,0.9991,8.51,1,-0.33,468.19
2021-11-24,130618.30,113.98,278,0.9991,8.51,1,-0.06,469.44
2021-11-26,127707.64,113.98,278,0.9991,5.85,3,-2.29,458.97
2021-11-29,129272.78,113.98,278,0.9991,8.19,1,-1.09,464.60
2021-11-30,126759.66,113.98,278,0.9991,7.13,2,-3.01,455.56
2021-12-01,125352.98,113.98,278,0.9991,6.81,2,-4.09,450.50
2021-12-02,127271.18,113.98,278,0.9991,8.19,1,-2.62,457.40
2021-12-03,126164.74,113.98,278,0.9991,7.87,2,-3.47,453.42
2021-12-06,127657.60,113.98,278,0.9991,8.19,1,-2.33,458.79
2021-12-07,130295.82,113.98,278,0.9991,9.47,1,-0.31,468.28
2021-12-08,130640.54,113.98,278,0.9991,9.79,1,-0.04,469.52
2021-12-09,129759.28,113.98,278,0.9991,8.94,1,-0.72,466.35
2021-12-10,130979.70,113.98,278,0.9991,9.79,1,0.00,470.74
2021-12-13,129820.44,113.98,278,0.9991,8.94,1,-0.89,466.57
2021-12-14,128928.06,113.98,278,0.9991,9.47,1,-1.57,463.36
2021-12-15,130940.78,113.98,278,0.9991,9.26,1,-0.03,470.60
2021-12-16,129787.08,113.98,278,0.9991,8.94,1,-0.91,466.45
2021-12-17,127957.84,113.98,278,0.9991,7.66,1,-2.31,459.87
2021-12-20,126598.42,113.98,278,0.9991,6.6,1,-3.35,454.98
2021-12-21,128844.66,113.98,278,0.9991,7.66,1,-1.63,463.06
2021-12-22,130131.80,113.98,278,0.9991,7.98,1,-0.65,467.69
2021-12-23,130940.78,113.98,278,0.9991,7.98,2,-0.03,470.60
2021-12-27,132792.26,113.98,278,0.9991,7.98,1,0.00,477.26
2021-12-28,132683.84,113.98,278,0.9991,7.98,1,-0.08,476.87
2021-12-29,132853.42,113.98,278,0.9991,7.98,1,0.00,477.48
2021-12-30,132486.46,113.98,278,0.9991,7.98,2,-0.28,476.16
2021-12-31,132152.86,113.98,278,0.9991,7.98,2,-0.53,474.96
2022-01-03,132917.36,113.98,278,0.9991,7.98,2,0.00,477.71
2022-01-04,132872.88,113.98,278,0.9991,7.98,2,-0.03,477.55
2022-01-05,130323.62,113.98,278,0.9991,7.98,2,-1.95,468.38
2022-01-06,130201.30,113.98,278,0.9991,7.98,2,-2.04,467.94
2022-01-07,129687.00,113.98,278,0.9991,7.98,2,-2.43,466.09
2022-01-10,129525.76,113.98,278,0.9991,7.98,2,-2.55,465.51
2022-01-11,130704.48,113.98,278,0.9991,7.98,2,-1.66,469.75
2022-01-12,131057.54,113.98,278,0.9991,8.51,2,-1.40,471.02
2022-01-13,129253.32,113.98,278,0.9991,7.13,2,-2.76,464.53
2022-01-14,129306.14,113.98,278,0.9991,7.45,1,-2.72,464.72
2022-01-18,127018.20,113.98,278,0.9991,6.06,1,-4.44,456.49
2022-01-19,125700.48,113.98,278,0.9991,6.06,1,-5.43,451.75
2022-01-20,124310.48,113.98,278,0.9991,5.85,2,-6.48,446.75
2022-01-21,121872.42,113.98,278,0.9991,7.13,2,-8.31,437.98
2022-01-24,122389.50,113.98,278,0.9991,7.13,2,-7.92,439.84
2022-01-25,120896.64,113.98,278,0.9991,6.81,3,-9.04,434.47
2022-01-26,120593.62,113.98,278,0.9991,5.96,3,-9.27,433.38
2022-01-27,119998.70,113.98,278,0.9991,6.81,3,-9.72,431.24
2022-01-28,122976.08,113.98,278,0.9991,8.19,1,-7.48,441.95
2022-01-31,125188.96,113.98,278,0.9991,7.55,1,-5.81,449.91
2022-02-01,126034.08,113.98,278,0.9991,8.62,1,-5.18,452.95
2022-02-02,127257.28,113.98,278,0.9991,8.62,1,-4.26,457.35
2022-02-03,124268.78,113.98,278,0.9991,8.4,1,-6.51,446.60
2022-02-04,124852.58,113.98,278,0.9991,8.62,1,-6.07,448.70
2022-02-07,124452.26,113.98,278,0.9991,8.4,1,-6.37,447.26
2022-02-08,125475.30,113.98,278,0.9991,9.47,1,-5.60,450.94
2022-02-09,127310.10,113.98,278,0.9991,9.57,1,-4.22,457.54
2022-02-10,125024.94,113.98,278,0.9991,9.26,1,-5.94,449.32
2022-02-11,122561.86,113.98,278,0.9991,7.98,2,-7.79,440.46
2022-02-14,122161.54,113.98,278,0.9991,7.98,2,-8.09,439.02
2022-02-15,124129.78,113.98,278,0.9991,9.04,1,-6.61,446.10
2022-02-16,124268.78,113.98,278,0.9991,9.26,1,-6.51,446.60
2022-02-17,121616.66,113.98,278,0.9991,7.98,2,-8.50,437.06
2022-02-18,120829.92,113.98,278,0.9991,8.19,2,-9.09,434.23
2022-02-22,119534.44,113.98,278,0.9990,7.13,2,-10.07,429.57
2022-02-23,117416.08,113.98,278,0.9990,6.28,2,-11.66,421.95
2022-02-24,119181.38,113.98,278,0.9990,7.87,2,-10.33,428.30
2022-02-25,121808.48,113.98,278,0.9991,8.72,1,-8.36,437.75
2022-02-28,121497.12,113.98,278,0.9991,7.34,2,-8.59,436.63
2022-03-01,119648.42,113.98,278,0.9990,7.34,2,-9.98,429.98
2022-03-02,121847.40,113.98,278,0.9991,8.4,1,-8.33,437.89
2022-03-03,121241.36,113.98,278,0.9991,7.34,1,-8.78,435.71
2022-03-04,120257.24,113.98,278,0.9991,7.34,2,-9.52,432.17
2022-03-07,116715.52,113.98,278,0.9990,6.28,2,-12.19,419.43
2022-03-08,115831.48,113.98,278,0.9990,6.28,2,-12.85,416.25
2022-03-09,118933.96,113.98,278,0.9990,7.34,1,-10.52,427.41
2022-03-10,118397.42,113.98,278,0.9990,7.34,1,-10.92,425.48
2022-03-11,116893.44,113.98,278,0.9990,7.34,1,-12.06,420.07
2022-03-14,116039.98,113.98,278,0.9990,6.28,1,-12.70,417.00
2022-03-15,118589.24,113.98,278,0.9990,8.19,1,-10.78,426.17
2022-03-16,121216.34,113.98,278,0.9991,8.83,1,-8.80,435.62
2022-03-17,122731.44,113.98,278,0.9991,8.83,0,-7.66,441.07
2022-03-18,123690.54,113.98,278,0.9991,9.04,0,-6.94,444.52
2022-03-21,123654.40,113.98,278,0.9991,9.04,0,-6.97,444.39
2022-03-22,125100.00,113.98,278,0.9991,9.04,0,-5.88,449.59
2022-03-23,123490.38,113.98,278,0.9991,9.04,1,-7.09,443.80
2022-03-24,125350.20,113.98,278,0.9991,9.26,0,-5.69,450.49
2022-03-25,125961.80,113.98,278,0.9991,9.47,0,-5.23,452.69
2022-03-28,126856.96,113.98,278,0.9991,9.79,0,-4.56,455.91
2022-03-29,128424.88,113.98,278,0.9991,9.79,0,-3.38,461.55
2022-03-30,127632.58,113.98,278,0.9991,9.79,0,-3.98,458.70
2022-03-31,125669.90,113.98,278,0.9991,9.47,1,-5.45,451.64
2022-04-01,126025.74,113.98,278,0.9991,9.79,1,-5.18,452.92
2022-04-04,127104.38,113.98,278,0.9991,9.79,0,-4.37,456.80
2022-04-05,125500.32,113.98,278,0.9991,9.47,1,-5.58,451.03
2022-04-06,124246.54,113.98,278,0.9991,9.47,1,-6.52,446.52
2022-04-07,124872.04,113.98,278,0.9991,9.47,1,-6.05,448.77
2022-04-08,124538.44,113.98,278,0.9991,9.47,1,-6.30,447.57
2022-04-11,122411.74,113.98,278,0.9991,8.4,1,-7.90,439.92
2022-04-12,121958.60,113.98,278,0.9991,8.4,1,-8.24,438.29
2022-04-13,123354.16,113.98,278,0.9991,8.4,1,-7.19,443.31
2022-04-14,121819.60,113.98,278,0.9991,7.34,1,-8.35,437.79
2022-04-18,121869.64,113.98,278,0.9991,7.34,1,-8.31,437.97
2022-04-19,123835.10,113.98,278,0.9991,8.4,1,-6.83,445.04
2022-04-20,123743.36,113.98,278,0.9991,8.4,1,-6.90,444.71
2022-04-21,121894.66,113.98,278,0.9991,7.34,1,-8.29,438.06
2022-04-22,118553.10,113.98,278,0.9990,7.13,2,-10.81,426.04
2022-04-25,119239.76,113.98,278,0.9990,6.6,2,-10.29,428.51
2022-04-26,115789.78,113.98,278,0.9990,6.81,2,-12.89,416.10
2022-04-27,116115.04,113.98,278,0.9990,6.81,1,-12.64,417.27
2022-04-28,119045.16,113.98,278,0.9990,8.19,1,-10.44,427.81
2022-04-29,114649.98,113.98,278,0.9990,6.81,2,-13.74,412.00
2022-05-02,115339.42,113.98,278,0.9990,6.81,2,-13.22,414.48
2022-05-03,115867.62,113.98,278,0.9990,6.6,1,-12.83,416.38
2022-05-04,119392.66,113.98,278,0.9990,9.04,1,-10.18,429.06
2022-05-05,115153.16,113.98,278,0.9990,6.81,1,-13.36,413.81
2022-05-06,114466.50,113.98,278,0.9990,6.81,1,-13.88,411.34
2022-05-09,110805.24,113.98,278,0.9990,6.81,3,-16.64,398.17
2022-05-10,111061.00,113.98,278,0.9990,6.81,1,-16.44,399.09
2022-05-11,109298.48,113.98,278,0.9990,6.81,2,-17.77,392.75
2022-05-12,109184.50,113.98,278,0.9990,6.81,2,-17.86,392.34
2022-05-13,111792.14,113.98,278,0.9990,8.19,1,-15.89,401.72
2022-05-16,111339.00,113.98,278,0.9990,7.98,1,-16.23,400.09
2022-05-17,113626.94,113.98,278,0.9990,7.77,1,-14.51,408.32
2022-05-18,109051.06,113.98,278,0.9990,6.81,1,-17.96,391.86
2022-05-19,108383.86,113.98,278,0.9989,7.13,1,-18.46,389.46
2022-05-20,108431.12,113.98,278,0.9989,7.13,2,-18.42,389.63
2022-05-23,110457.74,113.98,278,0.9990,8.19,1,-16.90,396.92
2022-05-24,109615.40,113.98,278,0.9990,8.19,2,-17.53,393.89
2022-05-25,110582.84,113.98,278,0.9990,7.34,1,-16.80,397.37
2022-05-26,112790.16,113.98,278,0.9990,7.34,1,-15.14,405.31
2022-05-27,115556.26,113.98,278,0.9990,8.83,0,-13.06,415.26
2022-05-31,114908.52,113.98,278,0.9990,8.83,1,-13.55,412.93
2022-06-01,113980.00,113.98,278,0.9990,8.83,1,-14.25,409.59
2022-06-02,116148.40,113.98,278,0.9990,9.26,0,-12.62,417.39
2022-06-03,114244.10,113.98,278,0.9990,9.04,1,-14.05,410.54
2022-06-06,114591.60,113.98,278,0.9990,8.83,1,-13.79,411.79
2022-06-07,115689.70,113.98,278,0.9990,9.04,1,-12.96,415.74
2022-06-08,114433.14,113.98,278,0.9990,9.26,1,-13.91,411.22
2022-06-09,111714.30,113.98,278,0.9990,7.77,2,-15.95,401.44
2022-06-10,108478.38,113.98,278,0.9989,6.7,2,-18.39,389.80
2022-06-13,104363.98,113.98,278,0.9989,6.81,3,-21.48,375.00
2022-06-14,104049.84,113.98,278,0.9989,5.96,3,-21.72,373.87
2022-06-15,105531.58,113.98,278,0.9989,7.13,1,-20.60,379.20
2022-06-16,102042.68,113.98,278,0.9989,6.81,3,-23.23,366.65
2022-06-17,101823.06,113.98,278,0.9989,6.81,2,-23.39,365.86
2022-06-21,104383.44,113.98,278,0.9989,7.87,1,-21.47,375.07
2022-06-22,104194.40,113.98,278,0.9989,8.19,1,-21.61,374.39
2022-06-23,105214.66,113.98,278,0.9989,8.19,1,-20.84,378.06
2022-06-24,108556.22,113.98,278,0.9990,9.26,1,-18.33,390.08
2022-06-27,108142.00,113.98,278,0.9989,9.26,1,-18.64,388.59
2022-06-28,105934.68,113.98,278,0.9989,8.19,1,-20.30,380.65
2022-06-29,105848.50,113.98,278,0.9989,8.19,1,-20.37,380.34
2022-06-30,104989.48,113.98,278,0.9989,8.19,1,-21.01,377.25
2022-07-01,106098.70,113.98,278,0.9989,7.98,1,-20.18,381.24
2022-07-05,106298.86,113.98,278,0.9989,7.77,1,-20.03,381.96
2022-07-06,106657.48,113.98,278,0.9989,7.77,1,-19.76,383.25
2022-07-07,108253.20,113.98,278,0.9989,8.83,1,-18.56,388.99
2022-07-08,108164.24,113.98,278,0.9989,9.47,1,-18.62,388.67
2022-07-11,106929.92,113.98,278,0.9989,9.26,1,-19.55,384.23
2022-07-12,105984.72,113.98,278,0.9989,8.83,1,-20.26,380.83
2022-07-13,105428.72,113.98,278,0.9989,8.83,2,-20.68,378.83
2022-07-14,105172.96,113.98,278,0.9989,8.83,2,-20.87,377.91
2022-07-15,107180.12,113.98,278,0.9989,9.47,1,-19.36,385.13
2022-07-18,106296.08,113.98,278,0.9989,9.04,1,-20.03,381.95
2022-07-19,109165.04,113.98,278,0.9990,9.04,1,-17.87,392.27
2022-07-20,109860.04,113.98,278,0.9990,9.04,0,-17.35,394.77
2022-07-21,110977.60,113.98,278,0.9990,9.47,0,-16.51,398.79
2022-07-22,109949.00,113.98,278,0.9990,9.47,1,-17.28,395.09
2022-07-25,110082.44,113.98,278,0.9990,9.47,1,-17.18,395.57
2022-07-26,108781.40,113.98,278,0.9990,9.26,1,-18.16,390.89
2022-07-27,111603.10,113.98,278,0.9990,9.47,0,-16.04,401.04
2022-07-28,113001.44,113.98,278,0.9990,9.47,0,-14.98,406.07
2022-07-29,114647.20,113.98,278,0.9990,9.47,0,-13.75,411.99
2022-08-01,114308.04,113.98,278,0.9990,9.47,0,-14.00,410.77
2022-08-02,113554.66,113.98,278,0.9990,9.47,0,-14.57,408.06
2022-08-03,115331.08,113.98,278,0.9990,9.47,0,-13.23,414.45
2022-08-04,115253.24,113.98,278,0.9990,9.47,0,-13.29,414.17
2022-08-05,115058.64,113.98,278,0.9990,8.94,0,-13.44,413.47
2022-08-08,114925.20,113.98,278,0.9990,8.94,0,-13.54,412.99
2022-08-09,114469.28,113.98,278,0.9990,8.94,0,-13.88,411.35
2022-08-10,116871.20,113.98,278,0.9990,9.26,0,-12.07,419.99
2022-08-11,116871.20,113.98,278,0.9990,8.94,0,-12.07,419.99
2022-08-12,118847.78,113.98,278,0.9990,9.26,0,-10.59,427.10
2022-08-15,119337.06,113.98,278,0.9990,9.26,0,-10.22,428.86
2022-08-16,119570.58,113.98,278,0.9990,9.26,0,-10.04,429.70
2022-08-17,118722.68,113.98,278,0.9990,9.26,0,-10.68,426.65
2022-08-18,119067.40,113.98,278,0.9990,9.26,0,-10.42,427.89
2022-08-19,117468.90,113.98,278,0.9990,8.94,1,-11.62,422.14
2022-08-22,115025.28,113.98,278,0.9990,8.72,1,-13.46,413.35
2022-08-23,114747.28,113.98,278,0.9990,7.66,1,-13.67,412.35
2022-08-24,115114.24,113.98,278,0.9990,7.66,1,-13.39,413.67
2022-08-25,116737.76,113.98,278,0.9990,8.94,1,-12.17,419.51
2022-08-26,112790.16,113.98,278,0.9990,6.91,2,-15.14,405.31
2022-08-29,112045.12,113.98,278,0.9990,6.91,2,-15.70,402.63
2022-08-30,110816.36,113.98,278,0.9990,7.13,3,-16.63,398.21
2022-08-31,109974.02,113.98,278,0.9990,7.13,3,-17.26,395.18
2022-09-01,110318.74,113.98,278,0.9990,7.13,3,-17.00,396.42
2022-09-02,109156.70,113.98,278,0.9990,7.13,2,-17.88,392.24
2022-09-06,108745.26,113.98,278,0.9990,7.13,3,-18.19,390.76
2022-09-07,110696.82,113.98,278,0.9990,8.4,1,-16.72,397.78
2022-09-08,111419.62,113.98,278,0.9990,8.4,1,-16.17,400.38
2022-09-09,113148.78,113.98,278,0.9990,8.4,1,-14.87,406.60
2022-09-12,114363.64,113.98,278,0.9990,9.26,1,-13.96,410.97
2022-09-13,109395.78,113.98,278,0.9990,7.13,2,-17.70,393.10
2022-09-14,109812.78,113.98,278,0.9990,8.19,2,-17.38,394.60
2022-09-15,108567.34,113.98,278,0.9990,7.13,2,-18.32,390.12
2022-09-16,107299.66,113.98,278,0.9989,7.13,2,-19.27,385.56
2022-09-19,108130.88,113.98,278,0.9989,6.6,1,-18.65,388.55
2022-09-20,106891.00,113.98,278,0.9989,6.38,1,-19.58,384.09
2022-09-21,105028.40,113.98,278,0.9989,6.38,2,-20.98,377.39
2022-09-22,104147.14,113.98,278,0.9989,6.17,2,-21.65,374.22
2022-09-23,102290.10,102290.10,0,0.0000,5.32,3,-23.04,367.95
2022-09-26,102290.10,102290.10,0,0.0000,5.0,3,-23.04,364.31
2022-09-27,102290.10,102290.10,0,0.0000,5.0,3,-23.04,363.38
2022-09-28,102290.10,23.82,276,0.9998,6.06,1,-23.04,370.53
2022-09-29,100130.04,100130.04,0,0.0000,5.0,2,-24.67,362.79
2022-09-30,100130.04,100130.04,0,0.0000,5.0,3,-24.67,357.18
2022-10-03,100130.04,45.51,273,0.9995,6.06,1,-24.67,366.61
2022-10-04,103231.32,45.51,273,0.9996,6.38,1,-22.33,377.97
2022-10-05,102991.08,45.51,273,0.9996,6.38,1,-22.51,377.09
2022-10-06,101929.11,45.51,273,0.9996,5.64,1,-23.31,373.20
2022-10-07,99041.67,99041.67,0,0.0000,5.0,1,-25.49,362.79
2022-10-10,99041.67,99041.67,0,0.0000,5.0,2,-25.49,360.02
2022-10-11,99041.67,99041.67,0,0.0000,5.0,2,-25.49,357.74
2022-10-12,99041.67,99041.67,0,0.0000,5.0,2,-25.49,356.56
2022-10-13,99041.67,229.77,270,0.9977,5.85,1,-25.49,365.97
2022-10-14,96560.10,96560.10,0,0.0000,5.11,2,-27.35,357.63
2022-10-17,96560.10,86.44,263,0.9991,6.17,1,-27.35,366.82
2022-10-18,97693.63,86.44,263,0.9991,7.23,1,-26.50,371.13
2022-10-19,97001.94,86.44,263,0.9991,6.7,1,-27.02,368.50
2022-10-20,96189.27,86.44,263,0.9991,6.49,1,-27.63,365.41
2022-10-21,98524.71,86.44,263,0.9991,7.55,1,-25.88,374.29
2022-10-24,99729.25,86.44,263,0.9991,7.02,0,-24.97,378.87
2022-10-25,101320.40,86.44,263,0.9991,7.02,0,-23.77,384.92
2022-10-26,100557.70,86.44,263,0.9991,7.02,0,-24.35,382.02
2022-10-27,100021.18,86.44,263,0.9991,7.45,1,-24.75,379.98
2022-10-28,102398.70,86.44,263,0.9992,7.45,0,-22.96,389.02
2022-10-31,101659.67,86.44,263,0.9991,7.45,0,-23.52,386.21
2022-11-01,101215.20,86.44,263,0.9991,7.45,0,-23.85,384.52
2022-11-02,98677.25,86.44,263,0.9991,7.98,1,-25.76,374.87
2022-11-03,97662.07,86.44,263,0.9991,6.49,1,-26.52,371.01
2022-11-04,99066.49,86.44,263,0.9991,8.19,1,-25.47,376.35
2022-11-07,100013.29,86.44,263,0.9991,7.77,1,-24.76,379.95
2022-11-08,100552.44,86.44,263,0.9991,7.98,1,-24.35,382.00
2022-11-09,98482.63,86.44,263,0.9991,9.04,2,-25.91,374.13
2022-11-10,103889.91,86.44,263,0.9992,9.47,0,-21.84,394.69
2022-11-11,104894.57,86.44,263,0.9992,9.47,0,-21.08,398.51
2022-11-14,104003.00,86.44,263,0.9992,9.47,0,-21.75,395.12
2022-11-15,104889.31,86.44,263,0.9992,9.47,0,-21.09,398.49
2022-11-16,104089.79,86.44,263,0.9992,9.47,0,-21.69,395.45
2022-11-17,103771.56,86.44,263,0.9992,9.26,0,-21.93,394.24
2022-11-18,104242.33,86.44,263,0.9992,9.47,0,-21.57,396.03
2022-11-21,103863.61,86.44,263,0.9992,9.47,1,-21.86,394.59
2022-11-22,105260.14,86.44,263,0.9992,9.47,0,-20.81,399.90
2022-11-23,105922.90,86.44,263,0.9992,9.47,0,-20.31,402.42
2022-11-25,105899.23,86.44,263,0.9992,9.47,0,-20.33,402.33
2022-11-28,104210.77,86.44,263,0.9992,9.47,1,-21.60,395.91
2022-11-29,104031.93,86.44,263,0.9992,9.47,1,-21.73,395.23
2022-11-30,107306.28,86.44,263,0.9992,9.47,0,-19.27,407.68
2022-12-01,107227.38,86.44,263,0.9992,9.79,0,-19.33,407.38
2022-12-02,107103.77,86.44,263,0.9992,9.79,0,-19.42,406.91
2022-12-05,105178.61,86.44,263,0.9992,9.26,1,-20.87,399.59
2022-12-06,103663.73,86.44,263,0.9992,9.26,1,-22.01,393.83
2022-12-07,103487.52,86.44,263,0.9992,9.26,1,-22.14,393.16
2022-12-08,104297.56,86.44,263,0.9992,8.19,1,-21.53,396.24
2022-12-09,103519.08,86.44,263,0.9992,7.13,1,-22.12,393.28
2022-12-12,105010.29,86.44,263,0.9992,7.98,1,-21.00,398.95
2022-12-13,105804.55,86.44,263,0.9992,9.47,1,-20.40,401.97
2022-12-14,105128.64,86.44,263,0.9992,8.19,1,-20.91,399.40
2022-12-15,102559.13,86.44,263,0.9992,7.13,2,-22.84,389.63
2022-12-16,100886.45,86.44,263,0.9991,7.13,2,-24.10,383.27
2022-12-19,100031.70,86.44,263,0.9991,7.13,2,-24.74,380.02
2022-12-20,100168.46,86.44,263,0.9991,7.34,2,-24.64,380.54
2022-12-21,101664.93,86.44,263,0.9991,8.4,2,-23.51,386.23
2022-12-22,100215.80,86.44,263,0.9991,7.34,2,-24.60,380.72
2022-12-23,100791.77,86.44,263,0.9991,8.4,2,-24.17,382.91
2022-12-27,100394.64,86.44,263,0.9991,7.13,2,-24.47,381.40
2022-12-28,99148.02,86.44,263,0.9991,7.34,1,-25.41,376.66
2022-12-29,100931.16,86.44,263,0.9991,8.4,1,-24.06,383.44
2022-12-30,100665.53,86.44,263,0.9991,8.4,1,-24.26,382.43
2023-01-03,100242.10,86.44,263,0.9991,8.4,1,-24.58,380.82
2023-01-04,101015.32,86.44,263,0.9991,8.4,1,-24.00,383.76
2023-01-05,99863.38,86.44,263,0.9991,8.4,1,-24.87,379.38
2023-01-06,102151.48,86.44,263,0.9992,9.04,1,-23.15,388.08
2023-01-09,102093.62,86.44,263,0.9992,9.04,1,-23.19,387.86
2023-01-10,102808.98,86.44,263,0.9992,9.26,1,-22.65,390.58
2023-01-11,104108.20,86.44,263,0.9992,9.47,0,-21.67,395.52
2023-01-12,104486.92,86.44,263,0.9992,9.79,0,-21.39,396.96
2023-01-13,104891.94,86.44,263,0.9992,9.79,0,-21.08,398.50
2023-01-17,104699.95,86.44,263,0.9992,9.79,1,-21.23,397.77
2023-01-18,103048.31,86.44,263,0.9992,9.47,1,-22.47,391.49
2023-01-19,102298.76,86.44,263,0.9992,9.47,1,-23.04,388.64
2023-01-20,104202.88,86.44,263,0.9992,9.79,1,-21.60,395.88
2023-01-23,105452.13,86.44,263,0.9992,9.79,0,-20.66,400.63
2023-01-24,105339.04,86.44,263,0.9992,9.79,0,-20.75,400.20
2023-01-25,105378.49,86.44,263,0.9992,9.79,1,-20.72,400.35
2023-01-26,106535.69,86.44,263,0.9992,9.79,0,-19.85,404.75
2023-01-27,106780.28,86.44,263,0.9992,9.79,0,-19.66,405.68
2023-01-30,105441.61,86.44,263,0.9992,9.79,1,-20.67,400.59
2023-01-31,106990.68,86.44,263,0.9992,9.79,0,-19.51,406.48
2023-02-01,108126.84,86.44,263,0.9992,9.79,0,-18.65,410.80
2023-02-02,109699.58,86.44,263,0.9992,9.79,0,-17.47,416.78
2023-02-03,108534.49,86.44,263,0.9992,9.79,0,-18.34,412.35
2023-02-06,107871.73,86.44,263,0.9992,9.79,1,-18.84,409.83
2023-02-07,109281.41,86.44,263,0.9992,9.79,0,-17.78,415.19
2023-02-08,108087.39,86.44,263,0.9992,9.79,1,-18.68,410.65
2023-02-09,107151.11,86.44,263,0.9992,9.47,1,-19.39,407.09
2023-02-10,107400.96,86.44,263,0.9992,9.47,1,-19.20,408.04
2023-02-13,108660.73,86.44,263,0.9992,9.47,1,-18.25,412.83
2023-02-14,108610.76,86.44,263,0.9992,9.79,1,-18.29,412.64
2023-02-15,108963.18,86.44,263,0.9992,9.79,1,-18.02,413.98
2023-02-16,107464.08,86.44,263,0.9992,9.47,1,-19.15,408.28
2023-02-17,107195.82,86.44,263,0.9992,7.87,1,-19.35,407.26
2023-02-21,105047.11,86.44,263,0.9992,7.34,1,-20.97,399.09
2023-02-22,104902.46,86.44,263,0.9992,7.34,1,-21.08,398.54
2023-02-23,105460.02,86.44,263,0.9992,8.4,1,-20.66,400.66
2023-02-24,104334.38,86.44,263,0.9992,7.34,1,-21.50,396.38
2023-02-27,104689.43,86.44,263,0.9992,7.34,1,-21.24,397.73
2023-02-28,104302.82,86.44,263,0.9992,7.34,1,-21.53,396.26
2023-03-01,103903.06,86.44,263,0.9992,7.34,1,-21.83,394.74
2023-03-02,104710.47,86.44,263,0.9992,8.72,1,-21.22,397.81
2023-03-03,106388.41,86.44,263,0.9992,9.79,1,-19.96,404.19
2023-03-06,106462.05,86.44,263,0.9992,9.79,1,-19.90,404.47
2023-03-07,104831.45,86.44,263,0.9992,8.72,1,-21.13,398.27
2023-03-08,105002.40,86.44,263,0.9992,8.72,1,-21.00,398.92
2023-03-09,103066.72,86.44,263,0.9992,7.34,1,-22.46,391.56
2023-03-10,101580.77,86.44,263,0.9991,7.34,1,-23.58,385.91
2023-03-13,101436.12,86.44,263,0.9991,7.13,2,-23.68,385.36
2023-03-14,103111.43,86.44,263,0.9992,8.4,1,-22.42,391.73
2023-03-15,102467.08,86.44,263,0.9992,8.19,2,-22.91,389.28
2023-03-16,104263.37,86.44,263,0.9992,9.04,1,-21.56,396.11
2023-03-17,102653.81,86.44,263,0.9992,7.98,2,-22.77,389.99
2023-03-20,103640.06,86.44,263,0.9992,9.04,1,-22.03,393.74
2023-03-21,104999.77,86.44,263,0.9992,9.04,1,-21.00,398.91
2023-03-22,103211.37,86.44,263,0.9992,7.98,1,-22.35,392.11
2023-03-23,103490.15,86.44,263,0.9992,8.19,1,-22.14,393.17
2023-03-24,104168.69,86.44,263,0.9992,9.47,1,-21.63,395.75
2023-03-27,104363.31,86.44,263,0.9992,9.04,1,-21.48,396.49
2023-03-28,104129.24,86.44,263,0.9992,8.83,1,-21.66,395.60
2023-03-29,105641.49,86.44,263,0.9992,9.36,1,-20.52,401.35
2023-03-30,106259.54,86.44,263,0.9992,9.79,1,-20.06,403.70
2023-03-31,107756.01,86.44,263,0.9992,9.79,1,-18.93,409.39
2023-04-03,108166.29,86.44,263,0.9992,9.26,1,-18.62,410.95
2023-04-04,107566.65,86.44,263,0.9992,9.79,1,-19.07,408.67
2023-04-05,107285.24,86.44,263,0.9992,9.79,2,-19.28,407.60
2023-04-06,107703.41,86.44,263,0.9992,9.26,2,-18.97,409.19
2023-04-10,107813.87,86.44,263,0.9992,9.26,2,-18.89,409.61
2023-04-11,107842.80,86.44,263,0.9992,9.79,2,-18.86,409.72
2023-04-12,107403.59,86.44,263,0.9992,9.79,1,-19.20,408.05
2023-04-13,108829.05,86.44,263,0.9992,9.26,0,-18.12,413.47
2023-04-14,108563.42,86.44,263,0.9992,9.26,1,-18.32,412.46
2023-04-17,108952.66,86.44,263,0.9992,9.26,1,-18.03,413.94
2023-04-18,109023.67,86.44,263,0.9992,9.26,1,-17.98,414.21
2023-04-19,109005.26,86.44,263,0.9992,9.26,1,-17.99,414.14
2023-04-20,108410.88,86.44,263,0.9992,9.26,1,-18.44,411.88
2023-04-21,108495.04,86.44,263,0.9992,9.26,1,-18.37,412.20
2023-04-24,108608.13,86.44,263,0.9992,7.98,1,-18.29,412.63
2023-04-25,106885.48,86.44,263,0.9992,7.98,1,-19.59,406.08
2023-04-26,106433.12,86.44,263,0.9992,6.91,1,-19.93,404.36
2023-04-27,108550.27,86.44,263,0.9992,7.98,1,-18.33,412.41
2023-04-28,109476.03,86.44,263,0.9992,7.98,1,-17.64,415.93
2023-05-01,109365.57,86.44,263,0.9992,7.98,1,-17.72,415.51
2023-05-02,108137.36,86.44,263,0.9992,7.98,1,-18.64,410.84
2023-05-03,107395.70,86.44,263,0.9992,6.91,1,-19.20,408.02
2023-05-04,106635.63,86.44,263,0.9992,5.53,1,-19.77,405.13
2023-05-05,108608.13,86.44,263,0.9992,9.79,1,-18.29,412.63
2023-05-08,108637.06,86.44,263,0.9992,9.26,1,-18.27,412.74
2023-05-09,108161.03,86.44,263,0.9992,9.79,1,-18.63,410.93
2023-05-10,108665.99,86.44,263,0.9992,9.79,1,-18.25,412.85
2023-05-11,108476.63,86.44,263,0.9992,9.79,1,-18.39,412.13
2023-05-12,108334.61,86.44,263,0.9992,9.79,1,-18.49,411.59
2023-05-15,108708.07,86.44,263,0.9992,9.79,1,-18.21,413.01
2023-05-16,107982.19,86.44,263,0.9992,9.79,1,-18.76,410.25
2023-05-17,109291.93,86.44,263,0.9992,9.79,1,-17.77,415.23
2023-05-18,110343.93,86.44,263,0.9992,9.79,1,-16.98,419.23
2023-05-19,110183.50,86.44,263,0.9992,9.79,1,-17.10,418.62
2023-05-22,110228.21,86.44,263,0.9992,9.79,1,-17.07,418.79
2023-05-23,108992.11,86.44,263,0.9992,9.79,1,-18.00,414.09
2023-05-24,108203.11,86.44,263,0.9992,8.4,1,-18.59,411.09
2023-05-25,109139.39,86.44,263,0.9992,9.79,1,-17.89,414.65
2023-05-26,110551.70,86.44,263,0.9992,9.79,1,-16.83,420.02
2023-05-30,110593.78,86.44,263,0.9992,9.79,1,-16.80,420.18
2023-05-31,109980.99,86.44,263,0.9992,9.79,1,-17.26,417.85
2023-06-01,111025.10,86.44,263,0.9992,9.79,1,-16.47,421.82
2023-06-02,112629.40,86.44,263,0.9992,10,0,-15.26,427.92
2023-06-05,112413.74,86.44,263,0.9992,10,0,-15.43,427.10
2023-06-06,112658.33,86.44,263,0.9992,10,0,-15.24,428.03
2023-06-07,112269.09,86.44,263,0.9992,10,1,-15.53,426.55
2023-06-08,112947.63,86.44,263,0.9992,10,0,-15.02,429.13
2023-06-09,113150.14,86.44,263,0.9992,10,0,-14.87,429.90
2023-06-12,114175.84,86.44,263,0.9992,9.79,0,-14.10,433.80
2023-06-13,114928.02,86.44,263,0.9992,10,0,-13.53,436.66
2023-06-14,115064.78,86.44,263,0.9992,10,0,-13.43,437.18
2023-06-15,116490.24,86.44,263,0.9993,10,0,-12.36,442.60
2023-06-16,115664.42,86.44,263,0.9993,10,0,-12.98,439.46
2023-06-20,115064.78,86.44,263,0.9992,10,1,-13.43,437.18
2023-06-21,114475.66,86.44,263,0.9992,10,1,-13.87,434.94
2023-06-22,114888.57,86.44,263,0.9992,10,1,-13.56,436.51
2023-06-23,114020.67,86.44,263,0.9992,10,1,-14.22,433.21
2023-06-26,113555.16,86.44,263,0.9992,10,1,-14.57,431.44
2023-06-27,114799.15,86.44,263,0.9992,10,1,-13.63,436.17
2023-06-28,114857.01,86.44,263,0.9992,10,1,-13.59,436.39
2023-06-29,115309.37,86.44,263,0.9993,10,1,-13.25,438.11
2023-06-30,116669.08,86.44,263,0.9993,10,0,-12.22,443.28
2023-07-03,116803.21,86.44,263,0.9993,10,0,-12.12,443.79
2023-07-05,116629.63,86.44,263,0.9993,10,1,-12.25,443.13
2023-07-06,115717.02,86.44,263,0.9993,9.79,1,-12.94,439.66
2023-07-07,115425.09,86.44,263,0.9993,10,1,-13.16,438.55
2023-07-10,115717.02,86.44,263,0.9993,9.79,1,-12.94,439.66
2023-07-11,116453.42,86.44,263,0.9993,10,1,-12.39,442.46
2023-07-12,117389.70,86.44,263,0.9993,10,1,-11.68,446.02
2023-07-13,118320.72,86.44,263,0.9993,10,0,-10.98,449.56
2023-07-14,118247.08,86.44,263,0.9993,10,0,-11.04,449.28
2023-07-17,118657.36,86.44,263,0.9993,9.47,0,-10.73,450.84
2023-07-18,119538.41,86.44,263,0.9993,9.47,0,-10.07,454.19
2023-07-19,119804.04,86.44,263,0.9993,9.47,0,-9.87,455.20
2023-07-20,119009.78,86.44,263,0.9993,10,1,-10.46,452.18
2023-07-21,119009.78,86.44,263,0.9993,10,1,-10.46,452.18
2023-07-24,119541.04,86.44,263,0.9993,9.47,1,-10.06,454.20
2023-07-25,119867.16,86.44,263,0.9993,9.47,1,-9.82,455.44
2023-07-26,119885.57,86.44,263,0.9993,9.47,1,-9.80,455.51
2023-07-27,119091.31,86.44,263,0.9993,9.47,1,-10.40,452.49
2023-07-28,120256.40,86.44,263,0.9993,9.47,1,-9.53,456.92
2023-07-31,120485.21,86.44,263,0.9993,9.47,1,-9.35,457.79
2023-08-01,120140.68,86.44,263,0.9993,9.47,1,-9.61,456.48
2023-08-02,118470.63,86.44,263,0.9993,9.26,1,-10.87,450.13
2023-08-03,118131.36,86.44,263,0.9993,7.98,1,-11.12,448.84
2023-08-04,117597.47,86.44,263,0.9993,6.91,1,-11.53,446.81
2023-08-07,118623.17,86.44,263,0.9993,7.98,1,-10.75,450.71
2023-08-08,118107.69,86.44,263,0.9993,6.91,1,-11.14,448.75
2023-08-09,117318.69,86.44,263,0.9993,5.85,1,-11.74,445.75
2023-08-10,117360.77,86.44,263,0.9993,5.85,1,-11.70,445.91
2023-08-11,117292.39,86.44,263,0.9993,6.06,1,-11.76,445.65
2023-08-14,117939.37,86.44,263,0.9993,7.13,1,-11.27,448.11
2023-08-15,116566.51,86.44,263,0.9993,5.85,1,-12.30,442.89
2023-08-16,115711.76,86.44,263,0.9993,5.85,1,-12.94,439.64
2023-08-17,114830.71,86.44,263,0.9992,6.38,1,-13.61,436.29
2023-08-18,114885.94,86.44,263,0.9992,6.38,1,-13.57,436.50
2023-08-21,115632.86,86.44,263,0.9993,8.72,1,-13.00,439.34
2023-08-22,115319.89,86.44,263,0.9993,8.72,1,-13.24,438.15
2023-08-23,116603.33,86.44,263,0.9993,8.72,1,-12.27,443.03
2023-08-24,114988.51,86.44,263,0.9992,7.66,1,-13.49,436.89
2023-08-25,115798.55,86.44,263,0.9993,8.72,1,-12.88,439.97
2023-08-28,116532.32,86.44,263,0.9993,8.72,1,-12.33,442.76
2023-08-29,118215.52,86.44,263,0.9993,10,1,-11.06,449.16
2023-08-30,118702.07,86.44,263,0.9993,10,1,-10.69,451.01
2023-08-31,118528.49,86.44,263,0.9993,10,1,-10.83,450.35
2023-09-01,118749.41,86.44,263,0.9993,10,1,-10.66,451.19
2023-09-05,118236.56,86.44,263,0.9993,10,1,-11.05,449.24
2023-09-06,117442.30,86.44,263,0.9993,8.19,1,-11.64,446.22
2023-09-07,117081.99,86.44,263,0.9993,8.72,1,-11.91,444.85
2023-09-08,117258.20,86.44,263,0.9993,8.19,1,-11.78,445.52
2023-09-11,118028.79,86.44,263,0.9993,8.72,1,-11.20,448.45
2023-09-12,117381.81,86.44,263,0.9993,8.19,1,-11.69,445.99
2023-09-13,117518.57,86.44,263,0.9993,8.72,1,-11.59,446.51
2023-09-14,118531.12,86.44,263,0.9993,9.47,1,-10.82,450.36
2023-09-15,116692.75,86.44,263,0.9993,9.47,1,-12.21,443.37
2023-09-18,116761.13,86.44,263,0.9993,9.47,1,-12.16,443.63
2023-09-19,116519.17,86.44,263,0.9993,8.94,1,-12.34,442.71
2023-09-20,115448.76,86.44,263,0.9993,8.72,1,-13.14,438.64
2023-09-21,113542.01,86.44,263,0.9992,7.66,1,-14.58,431.39
2023-09-22,113286.90,86.44,263,0.9992,7.66,1,-14.77,430.42
2023-09-25,113762.93,86.44,263,0.9992,7.66,1,-14.41,432.23
2023-09-26,112092.88,86.44,263,0.9992,7.66,1,-15.67,425.88
2023-09-27,112137.59,86.44,263,0.9992,7.66,1,-15.63,426.05
2023-09-28,112787.20,86.44,263,0.9992,8.72,1,-15.14,428.52
2023-09-29,112513.68,86.44,263,0.9992,7.66,1,-15.35,427.48
2023-10-02,112468.97,86.44,263,0.9992,7.66,1,-15.38,427.31
2023-10-03,110964.61,86.44,263,0.9992,7.66,1,-16.52,421.59
2023-10-04,111772.02,86.44,263,0.9992,8.72,1,-15.91,424.66
2023-10-05,111729.94,86.44,263,0.9992,8.72,1,-15.94,424.50
2023-10-06,113055.46,86.44,263,0.9992,8.72,1,-14.94,429.54
2023-10-09,113778.71,86.44,263,0.9992,8.72,1,-14.40,432.29
2023-10-10,114370.46,86.44,263,0.9992,9.79,1,-13.95,434.54
2023-10-11,114838.60,86.44,263,0.9992,9.57,1,-13.60,436.32
2023-10-12,114139.02,86.44,263,0.9992,9.57,1,-14.13,433.66
2023-10-13,113570.94,86.44,263,0.9992,9.57,1,-14.56,431.50
2023-10-16,114764.96,86.44,263,0.9992,9.79,1,-13.66,436.04
2023-10-17,114759.70,86.44,263,0.9992,9.79,1,-13.66,436.02
2023-10-18,113231.67,86.44,263,0.9992,9.57,1,-14.81,430.21
2023-10-19,112237.53,86.44,263,0.9992,8.19,1,-15.56,426.43
2023-10-20,110859.41,86.44,263,0.9992,7.34,1,-16.60,421.19
2023-10-23,110667.42,86.44,263,0.9992,6.81,1,-16.74,420.46
2023-10-24,111501.13,86.44,263,0.9992,8.51,1,-16.11,423.63
2023-10-25,109902.09,86.44,263,0.9992,7.34,1,-17.32,417.55
2023-10-26,108587.09,86.44,263,0.9992,7.34,1,-18.30,412.55
2023-10-27,108095.28,86.44,263,0.9992,7.34,1,-18.67,410.68
2023-10-30,109386.61,86.44,263,0.9992,8.72,1,-17.70,415.59
2023-10-31,110073.04,86.44,263,0.9992,8.19,1,-17.19,418.20
2023-11-01,111246.02,86.44,263,0.9992,9.79,1,-16.30,422.66
2023-11-02,113376.32,86.44,263,0.9992,9.04,1,-14.70,430.76
2023-11-03,114409.91,86.44,263,0.9992,9.04,0,-13.92,434.69
2023-11-06,114672.91,86.44,263,0.9992,9.79,0,-13.73,435.69
2023-11-07,114999.03,86.44,263,0.9992,9.79,0,-13.48,436.93
2023-11-08,115083.19,86.44,263,0.9992,9.79,0,-13.42,437.25
2023-11-09,114186.36,86.44,263,0.9992,9.79,1,-14.09,433.84
2023-11-10,115966.87,86.44,263,0.9993,10,0,-12.75,440.61
2023-11-13,115856.41,86.44,263,0.9993,10,0,-12.84,440.19
2023-11-14,118102.43,86.44,263,0.9993,10,0,-11.15,448.73
2023-11-15,118352.28,86.44,263,0.9993,10,0,-10.96,449.68
2023-11-16,118496.93,86.44,263,0.9993,10,0,-10.85,450.23
2023-11-17,118644.21,86.44,263,0.9993,10,0,-10.74,450.79
2023-11-20,119556.82,86.44,263,0.9993,10,0,-10.05,454.26
2023-11-21,119296.45,86.44,263,0.9993,10,0,-10.25,453.27
2023-11-22,119756.70,86.44,263,0.9993,10,0,-9.90,455.02
2023-11-24,119830.34,86.44,263,0.9993,10,0,-9.85,455.30
2023-11-27,119614.68,86.44,263,0.9993,10,0,-10.01,454.48
2023-11-28,119733.03,86.44,263,0.9993,10,0,-9.92,454.93
2023-11-29,119648.87,86.44,263,0.9993,10,1,-9.98,454.61
2023-11-30,120119.64,86.44,263,0.9993,10,0,-9.63,456.40
2023-12-01,120829.74,86.44,263,0.9993,10,0,-9.09,459.10
2023-12-04,120195.91,86.44,263,0.9993,10,1,-9.57,456.69
2023-12-05,120172.24,86.44,263,0.9993,10,1,-9.59,456.60
2023-12-06,119688.32,86.44,263,0.9993,10,1,-9.95,454.76
2023-12-07,120600.93,86.44,263,0.9993,10,1,-9.27,458.23
2023-12-08,121119.04,86.44,263,0.9993,10,1,-8.88,460.20
2023-12-11,121589.81,86.44,263,0.9993,10,0,-8.52,461.99
2023-12-12,122144.74,86.44,263,0.9993,10,0,-8.10,464.10
2023-12-13,123827.94,86.44,263,0.9993,10,0,-6.84,470.50
2023-12-14,124225.07,86.44,263,0.9993,10,0,-6.54,472.01
2023-12-15,123520.23,86.44,263,0.9993,10,1,-7.07,469.33
2023-12-18,124214.55,86.44,263,0.9993,10,0,-6.55,471.97
2023-12-19,124969.36,86.44,263,0.9993,10,0,-5.98,474.84
2023-12-20,123238.82,86.44,263,0.9993,10,1,-7.28,468.26
2023-12-21,124406.54,86.44,263,0.9993,10,0,-6.40,472.70
2023-12-22,124656.39,86.44,263,0.9993,10,0,-6.22,473.65
2023-12-26,125182.39,86.44,263,0.9993,10,0,-5.82,475.65
2023-12-27,125408.57,86.44,263,0.9993,10,0,-5.65,476.51
2023-12-28,125455.91,86.44,263,0.9993,10,0,-5.61,476.69
2023-12-29,125092.97,86.44,263,0.9993,9.47,1,-5.89,475.31
2024-01-02,124393.39,86.44,263,0.9993,9.47,1,-6.41,472.65
2024-01-03,123378.21,86.44,263,0.9993,9.47,1,-7.18,468.79
2024-01-04,122981.08,86.44,263,0.9993,9.47,1,-7.48,467.28
2024-01-05,123149.40,86.44,263,0.9993,9.47,1,-7.35,467.92
2024-01-08,124906.24,86.44,263,0.9993,9.47,1,-6.03,474.60
2024-01-09,124716.88,86.44,263,0.9993,9.47,1,-6.17,473.88
2024-01-10,125421.72,86.44,263,0.9993,9.47,1,-5.64,476.56
2024-01-11,125366.49,86.44,263,0.9993,9.47,1,-5.68,476.35
2024-01-12,125453.28,86.44,263,0.9993,9.47,1,-5.62,476.68
2024-01-16,124993.03,86.44,263,0.9993,9.47,1,-5.96,474.93
2024-01-17,124298.71,86.44,263,0.9993,10,1,-6.48,472.29
2024-01-18,125403.31,86.44,263,0.9993,10,1,-5.65,476.49
2024-01-19,126965.53,86.44,263,0.9993,10,2,-4.48,482.43
2024-01-22,127233.79,86.44,263,0.9993,10,2,-4.28,483.45
2024-01-23,127604.62,86.44,263,0.9993,9.47,1,-4.00,484.86
2024-01-24,127744.01,86.44,263,0.9993,9.47,2,-3.89,485.39
2024-01-25,128438.33,86.44,263,0.9993,9.47,1,-3.37,488.03
2024-01-26,128275.27,86.44,263,0.9993,10,2,-3.49,487.41
2024-01-29,129290.45,86.44,263,0.9993,10,1,-2.73,491.27
2024-01-30,129190.51,86.44,263,0.9993,10,1,-2.80,490.89
2024-01-31,127083.88,86.44,263,0.9993,9.47,1,-4.39,482.88
2024-02-01,128746.04,86.44,263,0.9993,9.47,1,-3.14,489.20
2024-02-02,130100.49,86.44,263,0.9993,10,0,-2.12,494.35
2024-02-05,129627.09,86.44,263,0.9993,10,1,-2.48,492.55
2024-02-06,130003.18,86.44,263,0.9993,10,1,-2.19,493.98
2024-02-07,131086.74,86.44,263,0.9993,10,0,-1.38,498.10
2024-02-08,131144.60,86.44,263,0.9993,10,0,-1.33,498.32
2024-02-09,131902.04,86.44,263,0.9993,10,0,-0.76,501.20
2024-02-12,131844.18,86.44,263,0.9993,10,0,-0.81,500.98
2024-02-13,130029.48,86.44,263,0.9993,9.79,1,-2.17,494.08
2024-02-14,131210.35,86.44,263,0.9993,10,1,-1.28,498.57
2024-02-15,132115.07,86.44,263,0.9993,10,0,-0.60,502.01
2024-02-16,131457.57,86.44,263,0.9993,10,1,-1.10,499.51
2024-02-20,130734.32,86.44,263,0.9993,9.26,1,-1.64,496.76
2024-02-21,130852.67,86.44,263,0.9993,9.79,1,-1.55,497.21
2024-02-22,133558.94,86.44,263,0.9994,9.47,0,0.00,507.50
2024-02-23,133650.99,86.44,263,0.9994,9.47,0,0.00,507.85
2024-02-26,133161.81,86.44,263,0.9994,9.47,1,-0.37,505.99
2024-02-27,133409.03,86.44,263,0.9994,9.47,1,-0.18,506.93
2024-02-28,133232.82,86.44,263,0.9994,9.47,1,-0.31,506.26
2024-02-29,133711.48,86.44,263,0.9994,8.19,1,0.00,508.08
2024-03-01,134965.99,86.44,263,0.9994,8.19,0,0.00,512.85
2024-03-04,134821.34,86.44,263,0.9994,8.19,0,-0.11,512.30
2024-03-05,133474.78,86.44,263,0.9994,8.19,1,-1.10,507.18
2024-03-06,134150.69,86.44,263,0.9994,8.19,1,-0.60,509.75
2024-03-07,135481.47,86.44,263,0.9994,8.19,0,0.00,514.81
2024-03-08,134668.80,86.44,263,0.9994,8.19,1,-0.60,511.72
2024-03-11,134553.08,86.44,263,0.9994,7.98,1,-0.69,511.28
2024-03-12,135999.58,86.44,263,0.9994,8.19,0,0.00,516.78
2024-03-13,135786.55,86.44,263,0.9994,8.19,1,-0.16,515.97
2024-03-14,135518.29,86.44,263,0.9994,8.19,1,-0.35,514.95
2024-03-15,134171.73,86.44,263,0.9994,8.19,1,-1.34,509.83
2024-03-18,134968.62,86.44,263,0.9994,8.19,1,-0.76,512.86
2024-03-19,135718.17,86.44,263,0.9994,8.19,1,-0.21,515.71
2024-03-20,136972.68,86.44,263,0.9994,8.19,1,0.00,520.48
2024-03-21,137425.04,86.44,263,0.9994,8.19,0,0.00,522.20
2024-03-22,137164.67,86.44,263,0.9994,8.19,1,-0.19,521.21
2024-03-25,136785.95,86.44,263,0.9994,8.19,1,-0.47,519.77
2024-03-26,136533.47,86.44,263,0.9994,8.19,1,-0.65,518.81
2024-03-27,137680.15,86.44,263,0.9994,8.19,1,0.00,523.17
2024-03-28,137653.85,86.44,263,0.9994,8.19,1,-0.02,523.07
2024-04-01,137414.52,86.44,263,0.9994,8.19,1,-0.19,522.16
2024-04-02,136541.36,86.44,263,0.9994,8.19,1,-0.83,518.84
2024-04-03,136691.27,86.44,263,0.9994,8.19,1,-0.72,519.41
2024-04-04,135023.85,86.44,263,0.9994,6.91,1,-1.93,513.07
2024-04-05,136433.53,86.44,263,0.9994,7.98,1,-0.91,518.43
2024-04-08,136509.80,86.44,263,0.9994,7.98,1,-0.85,518.72
2024-04-09,136667.60,86.44,263,0.9994,8.19,1,-0.74,519.32
2024-04-10,135300.00,86.44,263,0.9994,6.91,1,-1.73,514.12
2024-04-11,136320.44,86.44,263,0.9994,8.19,1,-0.99,518.00
2024-04-12,134439.99,86.44,263,0.9994,6.91,1,-2.35,510.85
2024-04-15,132756.79,86.44,263,0.9993,5.85,1,-3.58,504.45
2024-04-16,132514.83,86.44,263,0.9993,5.85,1,-3.75,503.53
2024-04-17,131731.09,86.44,263,0.9993,5.85,1,-4.32,500.55
2024-04-18,131460.20,86.44,263,0.9993,5.85,1,-4.52,499.52
2024-04-19,130313.52,86.44,263,0.9993,5.85,1,-5.35,495.16
2024-04-22,131512.80,86.44,263,0.9993,6.91,1,-4.48,499.72
2024-04-23,133072.39,86.44,263,0.9994,7.45,1,-3.35,505.65
2024-04-24,133009.27,86.44,263,0.9994,7.45,1,-3.39,505.41
2024-04-25,132504.31,86.44,263,0.9993,7.45,1,-3.76,503.49
2024-04-26,133758.82,86.44,263,0.9994,7.98,1,-2.85,508.26
2024-04-29,134232.22,86.44,263,0.9994,8.72,1,-2.50,510.06
2024-04-30,132107.18,86.44,263,0.9993,7.45,1,-4.05,501.98
2024-05-01,131678.49,86.44,263,0.9993,7.45,1,-4.36,500.35
2024-05-02,132909.33,86.44,263,0.9993,7.66,1,-3.47,505.03
2024-05-03,134555.71,86.44,263,0.9994,8.72,1,-2.27,511.29
2024-05-06,135944.35,86.44,263,0.9994,8.72,1,-1.26,516.57
2024-05-07,136094.26,86.44,263,0.9994,8.72,1,-1.15,517.14
2024-05-08,136107.41,86.44,263,0.9994,7.87,1,-1.14,517.19
2024-05-09,136891.15,86.44,263,0.9994,9.15,1,-0.57,520.17
2024-05-10,137067.36,86.44,263,0.9994,9.15,1,-0.45,520.84
2024-05-13,137085.77,86.44,263,0.9994,9.15,1,-0.43,520.91
2024-05-14,137714.34,86.44,263,0.9994,9.15,1,0.00,523.30
2024-05-15,139418.58,86.44,263,0.9994,9.15,0,0.00,529.78
2024-05-16,139131.91,86.44,263,0.9994,10,0,-0.21,528.69
2024-05-17,139331.79,86.44,263,0.9994,10,0,-0.06,529.45
2024-05-20,139492.22,86.44,263,0.9994,10,0,0.00,530.06
2024-05-21,139834.12,86.44,263,0.9994,10,0,0.00,531.36
2024-05-22,139431.73,86.44,263,0.9994,10,1,-0.29,529.83
2024-05-23,138413.92,86.44,263,0.9994,10,1,-1.02,525.96
2024-05-24,139329.16,86.44,263,0.9994,10,1,-0.36,529.44
2024-05-28,139426.47,86.44,263,0.9994,10,1,-0.29,529.81
2024-05-29,138450.74,86.44,263,0.9994,10,1,-0.99,526.10
2024-05-30,137532.87,86.44,263,0.9994,10,1,-1.65,522.61
2024-05-31,138784.75,86.44,263,0.9994,10,1,-0.75,527.37
2024-06-03,138897.84,86.44,263,0.9994,10,1,-0.67,527.80
2024-06-04,139053.01,86.44,263,0.9994,10,1,-0.56,528.39
2024-06-05,140704.65,86.44,263,0.9994,10,1,0.00,534.67
2024-06-06,140702.02,86.44,263,0.9994,10,1,-0.00,534.66
2024-06-07,140531.07,86.44,263,0.9994,10,1,-0.12,534.01
2024-06-10,140965.02,86.44,263,0.9994,10,1,0.00,535.66
2024-06-11,141304.29,86.44,263,0.9994,10,1,0.00,536.95
2024-06-12,142464.12,86.44,263,0.9994,10,0,0.00,541.36
2024-06-13,142750.79,86.44,263,0.9994,10,0,0.00,542.45
2024-06-14,142837.58,86.44,263,0.9994,10,1,0.00,542.78
2024-06-17,143973.74,86.44,263,0.9994,10,0,0.00,547.10
2024-06-18,144339.31,86.44,263,0.9994,10,0,0.00,548.49
2024-06-20,143947.44,86.44,263,0.9994,10,0,-0.27,547.00
2024-06-21,143292.57,86.44,263,0.9994,10,1,-0.73,544.51
2024-06-24,142827.06,86.44,263,0.9994,10,1,-1.05,542.74
2024-06-25,143376.73,86.44,263,0.9994,10,1,-0.67,544.83
2024-06-26,143555.57,86.44,263,0.9994,10,1,-0.54,545.51
2024-06-27,143781.75,86.44,263,0.9994,10,1,-0.39,546.37
2024-06-28,143216.30,86.44,263,0.9994,10,1,-0.78,544.22
2024-07-01,143510.86,86.44,263,0.9994,10,1,-0.57,545.34
2024-07-02,144476.07,86.44,263,0.9994,10,1,0.00,549.01
2024-07-03,145120.42,86.44,263,0.9994,10,1,0.00,551.46
2024-07-05,145956.76,86.44,263,0.9994,10,0,0.00,554.64
2024-07-08,146125.08,86.44,263,0.9994,10,1,0.00,555.28
2024-07-09,146267.10,86.44,263,0.9994,10,1,0.00,555.82
2024-07-10,147713.60,86.44,263,0.9994,10,0,0.00,561.32
2024-07-11,146440.68,86.44,263,0.9994,10,1,-0.86,556.48
2024-07-12,147363.81,86.44,263,0.9994,10,1,-0.24,559.99
2024-07-15,147768.83,86.44,263,0.9994,10,0,0.00,561.53
2024-07-16,148644.62,86.44,263,0.9994,10,0,0.00,564.86
2024-07-17,146561.66,86.44,263,0.9994,10,1,-1.40,556.94
2024-07-18,145436.02,86.44,263,0.9994,9.79,1,-2.16,552.66
2024-07-19,144470.81,86.44,263,0.9994,8.72,1,-2.81,548.99
2024-07-22,145959.39,86.44,263,0.9994,10,1,-1.81,554.65
2024-07-23,145730.58,86.44,263,0.9994,10,1,-1.96,553.78
2024-07-24,142429.93,86.44,263,0.9994,7.66,1,-4.18,541.23
2024-07-25,141688.27,86.44,263,0.9994,7.66,1,-4.68,538.41
2024-07-26,143274.16,86.44,263,0.9994,8.72,1,-3.61,544.44
2024-07-29,143358.32,86.44,263,0.9994,8.72,1,-3.56,544.76
2024-07-30,142632.44,86.44,263,0.9994,8.72,1,-4.04,542.00
2024-07-31,144949.47,86.44,263,0.9994,9.79,1,-2.49,550.81
2024-08-01,142898.07,86.44,263,0.9994,8.72,1,-3.87,543.01
2024-08-02,140239.14,86.44,263,0.9994,7.34,1,-5.65,532.90
2024-08-05,136157.38,86.44,263,0.9994,6.81,2,-8.40,517.38
2024-08-06,137411.89,86.44,263,0.9994,7.13,1,-7.56,522.15
2024-08-07,136494.02,86.44,263,0.9994,7.13,1,-8.17,518.66
2024-08-08,139647.39,86.44,263,0.9994,8.4,1,-6.05,530.65
2024-08-09,140262.81,86.44,263,0.9994,8.4,1,-5.64,532.99
2024-08-12,140336.45,86.44,263,0.9994,8.4,1,-5.59,533.27
2024-08-13,142642.96,86.44,263,0.9994,9.79,1,-4.04,542.04
2024-08-14,143092.69,86.44,263,0.9994,9.79,1,-3.74,543.75
2024-08-15,145543.85,86.44,263,0.9994,9.79,0,-2.09,553.07
2024-08-16,145869.97,86.44,263,0.9994,10,0,-1.87,554.31
2024-08-19,147263.87,86.44,263,0.9994,9.47,0,-0.93,559.61
2024-08-20,147024.54,86.44,263,0.9994,9.79,0,-1.09,558.70
2024-08-21,147529.50,86.44,263,0.9994,9.79,0,-0.75,560.62
2024-08-22,146372.30,86.44,263,0.9994,9.79,1,-1.53,556.22
2024-08-23,147926.63,86.44,263,0.9994,9.79,1,-0.48,562.13
2024-08-26,147574.21,86.44,263,0.9994,9.79,1,-0.72,560.79
2024-08-27,147776.72,86.44,263,0.9994,9.79,2,-0.58,561.56
2024-08-28,146919.34,86.44,263,0.9994,9.79,1,-1.16,558.30
2024-08-29,146932.49,86.44,263,0.9994,9.79,1,-1.15,558.35
2024-08-30,148334.28,86.44,263,0.9994,9.79,1,-0.21,563.68
2024-09-03,145283.48,86.44,263,0.9994,9.47,1,-2.26,552.08
2024-09-04,144986.29,86.44,263,0.9994,9.47,1,-2.46,550.95
2024-09-05,144633.87,86.44,263,0.9994,9.79,1,-2.70,549.61
2024-09-06,142201.12,86.44,263,0.9994,8.4,1,-4.33,540.36
2024-09-09,143792.27,86.44,263,0.9994,8.72,1,-3.26,546.41
2024-09-10,144418.21,86.44,263,0.9994,8.72,1,-2.84,548.79
2024-09-11,145898.90,86.44,263,0.9994,9.79,1,-1.85,554.42
2024-09-12,147127.11,86.44,263,0.9994,9.79,1,-1.02,559.09
2024-09-13,147895.07,86.44,263,0.9994,9.79,1,-0.50,562.01
2024-09-16,148113.36,86.44,263,0.9994,9.79,1,-0.36,562.84
2024-09-17,148173.85,86.44,263,0.9994,9.79,1,-0.32,563.07
2024-09-18,147734.64,86.44,263,0.9994,9.79,1,-0.61,561.40
2024-09-19,150254.18,86.44,263,0.9994,9.79,0,0.00,570.98
2024-09-20,149536.19,86.44,263,0.9994,9.79,1,-0.48,568.25
2024-09-23,149909.65,86.44,263,0.9994,9.79,1,-0.23,569.67
2024-09-24,150338.34,86.44,263,0.9994,9.79,1,0.00,571.30
2024-09-25,150006.96,86.44,263,0.9994,9.79,1,-0.22,570.04
2024-09-26,150601.34,86.44,263,0.9994,9.79,1,0.00,572.30
2024-09-27,150383.05,86.44,263,0.9994,9.79,1,-0.14,571.47
2024-09-30,150985.32,86.44,263,0.9994,9.79,1,0.00,573.76
2024-10-01,149633.50,86.44,263,0.9994,9.79,1,-0.90,568.62
2024-10-02,149696.62,86.44,263,0.9994,9.79,1,-0.85,568.86
2024-10-03,149423.10,86.44,263,0.9994,9.47,1,-1.03,567.82
2024-10-04,150780.18,86.44,263,0.9994,9.79,1,-0.14,572.98
2024-10-07,149417.84,86.44,263,0.9994,9.47,1,-1.04,567.80
2024-10-08,150830.15,86.44,263,0.9994,8.94,1,-0.10,573.17
2024-10-09,151874.26,86.44,263,0.9994,9.47,1,0.00,577.14
2024-10-10,151608.63,86.44,263,0.9994,9.47,1,-0.17,576.13
2024-10-11,152515.98,86.44,263,0.9994,9.47,1,0.00,579.58
2024-10-14,153762.60,86.44,263,0.9994,9.79,0,0.00,584.32
2024-10-15,152568.58,86.44,263,0.9994,9.47,1,-0.78,579.78
2024-10-16,153231.34,86.44,263,0.9994,9.79,1,-0.35,582.30
2024-10-17,153244.49,86.44,263,0.9994,9.79,1,-0.34,582.35
2024-10-18,153833.61,86.44,263,0.9994,9.79,1,0.00,584.59
2024-10-21,153581.13,86.44,263,0.9994,9.79,1,-0.16,583.63
2024-10-22,153499.60,86.44,263,0.9994,9.79,1,-0.22,583.32
2024-10-23,152097.81,86.44,263,0.9994,9.79,1,-1.13,577.99
2024-10-24,152426.56,86.44,263,0.9994,9.79,1,-0.91,579.24
2024-10-25,152373.96,86.44,263,0.9994,9.47,1,-0.95,579.04
2024-10-28,152844.73,86.44,263,0.9994,9.79,1,-0.64,580.83
2024-10-29,153091.95,86.44,263,0.9994,9.79,1,-0.48,581.77
2024-10-30,152629.07,86.44,263,0.9994,9.47,1,-0.78,580.01
2024-10-31,149638.76,86.44,263,0.9994,7.34,1,-2.73,568.64
2024-11-01,150269.96,86.44,263,0.9994,8.4,1,-2.32,571.04
2024-11-04,149946.47,86.44,263,0.9994,8.4,1,-2.53,569.81
2024-11-05,151758.54,86.44,263,0.9994,9.47,1,-1.35,576.70
2024-11-06,155529.96,86.44,263,0.9994,9.79,0,0.00,591.04
2024-11-07,156731.87,86.44,263,0.9994,9.79,0,0.00,595.61
2024-11-08,157410.41,86.44,263,0.9995,10,0,0.00,598.19
2024-11-11,157560.32,86.44,263,0.9995,10,0,0.00,598.76
2024-11-12,157071.14,86.44,263,0.9994,9.47,0,-0.31,596.90
2024-11-13,157147.41,86.44,263,0.9994,9.47,0,-0.26,597.19
2024-11-14,156137.49,86.44,263,0.9994,9.47,1,-0.90,593.35
2024-11-15,154138.69,86.44,263,0.9994,9.26,1,-2.17,585.75
2024-11-18,154769.89,86.44,263,0.9994,9.26,1,-1.77,588.15
2024-11-19,155335.34,86.44,263,0.9994,9.26,1,-1.41,590.30
2024-11-20,155387.94,86.44,263,0.9994,9.26,1,-1.38,590.50
2024-11-21,156221.65,86.44,263,0.9994,9.26,1,-0.85,593.67
2024-11-22,156705.57,86.44,263,0.9994,9.26,1,-0.54,595.51
2024-11-25,157236.83,86.44,263,0.9995,9.47,1,-0.21,597.53
2024-11-26,158057.39,86.44,263,0.9995,9.47,1,0.00,600.65
2024-11-27,157578.73,86.44,263,0.9995,10,1,-0.30,598.83
2024-11-29,158557.09,86.44,263,0.9995,10,1,0.00,602.55
2024-12-02,158841.13,86.44,263,0.9995,10,1,0.00,603.63
2024-12-03,158914.77,86.44,263,0.9995,10,1,0.00,603.91
2024-12-04,159901.02,86.44,263,0.9995,10,0,0.00,607.66
2024-12-05,159638.02,86.44,263,0.9995,10,1,-0.16,606.66
2024-12-06,159940.47,86.44,263,0.9995,10,1,0.00,607.81
2024-12-09,159117.28,86.44,263,0.9995,10,1,-0.51,604.68
2024-12-10,158622.84,86.44,263,0.9995,10,1,-0.82,602.80
2024-12-11,159848.42,86.44,263,0.9995,10,1,-0.06,607.46
2024-12-12,159025.23,86.44,263,0.9995,10,1,-0.57,604.33
2024-12-13,158993.67,86.44,263,0.9995,10,1,-0.59,604.21
2024-12-16,159672.21,86.44,263,0.9995,10,1,-0.17,606.79
2024-12-17,159014.71,86.44,263,0.9995,9.79,1,-0.58,604.29
2024-12-18,154278.08,86.44,263,0.9994,7.13,2,-3.54,586.28
2024-12-19,154230.74,86.44,263,0.9994,7.34,1,-3.57,586.10
2024-12-20,155558.89,86.44,263,0.9994,8.72,1,-2.74,591.15
2024-12-23,156489.91,86.44,263,0.9994,8.72,1,-2.16,594.69
2024-12-24,158228.34,86.44,263,0.9995,10,1,-1.07,601.30
2024-12-26,158238.86,86.44,263,0.9995,9.47,1,-1.06,601.34
2024-12-27,156574.07,86.44,263,0.9994,8.19,1,-2.10,595.01
2024-12-30,154788.30,86.44,263,0.9994,8.19,1,-3.22,588.22
2024-12-31,154225.48,86.44,263,0.9994,7.13,1,-3.57,586.08
2025-01-02,153846.76,86.44,263,0.9994,7.13,1,-3.81,584.64
2025-01-03,155769.29,86.44,263,0.9994,8.19,1,-2.61,591.95
2025-01-06,156666.12,86.44,263,0.9994,9.26,1,-2.05,595.36
2025-01-07,154896.13,86.44,263,0.9994,8.72,1,-3.15,588.63
2025-01-08,155122.31,86.44,263,0.9994,8.72,1,-3.01,589.49
2025-01-10,152755.31,86.44,263,0.9994,7.66,1,-4.49,580.49
2025-01-13,152992.01,86.44,263,0.9994,7.66,1,-4.34,581.39
2025-01-14,153202.41,86.44,263,0.9994,7.66,1,-4.21,582.19
2025-01-15,155987.58,86.44,263,0.9994,9.79,1,-2.47,592.78
2025-01-16,155687.76,86.44,263,0.9994,9.26,1,-2.66,591.64
2025-01-17,157249.98,86.44,263,0.9995,9.26,1,-1.68,597.58
2025-01-21,158688.59,86.44,263,0.9995,9.26,1,-0.78,603.05
2025-01-22,159580.16,86.44,263,0.9995,9.26,0,-0.23,606.44
2025-01-23,160450.69,86.44,263,0.9995,9.79,0,0.00,609.75
2025-01-24,159982.55,86.44,263,0.9995,10,1,-0.29,607.97
2025-01-27,157720.75,86.44,263,0.9995,9.79,1,-1.70,599.37
2025-01-28,159075.20,86.44,263,0.9995,9.79,1,-0.86,604.52
2025-01-29,158362.47,86.44,263,0.9995,9.79,1,-1.30,601.81
2025-01-30,159211.96,86.44,263,0.9995,9.79,1,-0.77,605.04
2025-01-31,158365.10,86.44,263,0.9995,9.26,1,-1.30,601.82
2025-02-03,157299.95,86.44,263,0.9995,9.26,1,-1.96,597.77
2025-02-04,158354.58,86.44,263,0.9995,9.26,1,-1.31,601.78
2025-02-05,158996.30,86.44,263,0.9995,9.26,1,-0.91,604.22
2025-02-06,159548.60,86.44,263,0.9995,9.26,1,-0.56,606.32
2025-02-07,158088.95,86.44,263,0.9995,9.26,1,-1.47,600.77
2025-02-10,159161.99,86.44,263,0.9995,9.26,1,-0.80,604.85
2025-02-11,159282.97,86.44,263,0.9995,7.98,1,-0.73,605.31
2025-02-12,158770.12,86.44,263,0.9995,7.98,1,-1.05,603.36
2025-02-13,160445.43,86.44,263,0.9995,7.98,1,-0.00,609.73
2025-02-14,160437.54,86.44,263,0.9995,8.19,1,-0.01,609.70
2025-02-18,160908.31,86.44,263,0.9995,7.98,1,0.00,611.49
2025-02-19,161287.03,86.44,263,0.9995,7.98,1,0.00,612.93
2025-02-20,160616.38,86.44,263,0.9995,7.98,1,-0.42,610.38
2025-02-21,157870.66,86.44,263,0.9995,6.91,1,-2.12,599.94
2025-02-24,157152.67,86.44,263,0.9994,5.85,1,-2.56,597.21
2025-02-25,156371.56,86.44,263,0.9994,5.85,1,-3.05,594.24
2025-02-26,156450.46,86.44,263,0.9994,5.85,1,-3.00,594.54
2025-02-27,153954.59,86.44,263,0.9994,5.53,1,-4.55,585.05
2025-02-28,156355.78,86.44,263,0.9994,6.91,1,-3.06,594.18
2025-03-03,153617.95,86.44,263,0.9994,6.06,1,-4.75,583.77
2025-03-04,151800.62,86.44,263,0.9994,6.06,1,-5.88,576.86
2025-03-05,153431.22,86.44,263,0.9994,6.6,1,-4.87,583.06
2025-03-06,150709.17,86.44,263,0.9994,5.53,1,-6.56,572.71
2025-03-07,151553.40,86.44,263,0.9994,5.53,1,-6.03,575.92
2025-03-10,147432.54,147432.54,0,0.0000,5.32,2,-8.59,560.58
2025-03-11,147432.54,147432.54,0,0.0000,5.32,2,-8.59,555.92
2025-03-12,147432.54,449.73,263,0.9969,5.53,1,-8.59,558.87
2025-03-13,145473.19,449.73,263,0.9969,5.53,1,-9.80,551.42
2025-03-14,148468.76,449.73,263,0.9970,6.6,1,-7.95,562.81
2025-03-17,149610.18,449.73,263,0.9970,6.6,1,-7.24,567.15
2025-03-18,147997.99,449.73,263,0.9970,6.6,1,-8.24,561.02
2025-03-19,149604.92,449.73,263,0.9970,6.91,1,-7.24,567.13
2025-03-20,149173.60,449.73,263,0.9970,6.91,1,-7.51,565.49
2025-03-21,148776.47,449.73,263,0.9970,6.91,1,-7.76,563.98
2025-03-24,151432.77,449.73,263,0.9970,7.77,1,-6.11,574.08
2025-03-25,151795.71,449.73,263,0.9970,7.77,1,-5.88,575.46
2025-03-26,149988.90,449.73,263,0.9970,6.7,1,-7.00,568.59
2025-03-27,149591.77,449.73,263,0.9970,6.7,1,-7.25,567.08
2025-03-28,146588.31,449.73,263,0.9969,6.38,1,-9.11,555.66
2025-03-31,147569.30,449.73,263,0.9970,6.6,1,-8.51,559.39
2025-04-01,147984.84,449.73,263,0.9970,6.38,1,-8.25,560.97
2025-04-02,148918.49,449.73,263,0.9970,7.23,1,-7.67,564.52
2025-04-03,141152.10,141152.10,0,0.0000,5.0,2,-12.48,536.70
2025-04-04,141152.10,141152.10,0,0.0000,5.0,3,-12.48,505.28
2025-04-07,141152.10,430.08,279,0.9970,5.53,3,-12.48,504.38
2025-04-08,138948.00,430.08,279,0.9969,5.53,4,-13.85,496.48
2025-04-09,153495.06,430.08,279,0.9972,7.66,1,-4.83,548.62
2025-04-10,146787.90,430.08,279,0.9971,6.6,2,-8.99,524.58
2025-04-11,149399.34,430.08,279,0.9971,8.09,2,-7.37,533.94
2025-04-14,150844.56,430.08,279,0.9971,8.09,2,-6.47,539.12
2025-04-15,150423.27,430.08,279,0.9971,8.09,2,-6.74,537.61
2025-04-16,147089.22,430.08,279,0.9971,7.02,2,-8.80,525.66
2025-04-17,147298.47,430.08,279,0.9971,8.19,2,-8.67,526.41
2025-04-21,143802.60,430.08,279,0.9970,7.02,2,-10.84,513.88
2025-04-22,147532.83,430.08,279,0.9971,7.87,2,-8.53,527.25
2025-04-23,149812.26,430.08,279,0.9971,8.4,2,-7.11,535.42
2025-04-24,152956.59,430.08,279,0.9972,8.19,2,-5.16,546.69
2025-04-25,154058.64,430.08,279,0.9972,9.04,1,-4.48,550.64
2025-04-28,154117.23,430.08,279,0.9972,9.26,2,-4.45,550.85
2025-04-29,155085.36,430.08,279,0.9972,9.47,1,-3.85,554.32
2025-04-30,155146.74,430.08,279,0.9972,9.04,1,-3.81,554.54
2025-05-01,156243.21,430.08,279,0.9972,9.26,1,-3.13,558.47
2025-05-02,158556.12,430.08,279,0.9973,9.26,1,-1.69,566.76
2025-05-05,157649.37,430.08,279,0.9973,8.19,1,-2.26,563.51
2025-05-06,156335.28,430.08,279,0.9972,8.19,2,-3.07,558.80
2025-05-07,156990.93,430.08,279,0.9973,8.62,2,-2.66,561.15
2025-05-08,158081.82,430.08,279,0.9973,8.62,0,-1.99,565.06
2025-05-09,157880.94,430.08,279,0.9973,8.62,0,-2.11,564.34
2025-05-12,163084.29,430.08,279,0.9974,8.94,0,0.00,582.99
2025-05-13,164158.44,430.08,279,0.9974,8.19,0,0.00,586.84
2025-05-14,164367.69,430.08,279,0.9974,8.19,0,0.00,587.59
2025-05-15,165168.42,430.08,279,0.9974,8.19,0,0.00,590.46
2025-05-16,166211.88,430.08,279,0.9974,8.19,0,0.00,594.20
2025-05-19,166393.23,430.08,279,0.9974,8.19,0,0.00,594.85
2025-05-20,165835.23,430.08,279,0.9974,8.19,0,-0.34,592.85
2025-05-21,163048.02,430.08,279,0.9974,7.87,1,-2.01,582.86
2025-05-22,163112.19,430.08,279,0.9974,7.87,1,-1.97,583.09
2025-05-23,162001.77,430.08,279,0.9973,7.87,1,-2.64,579.11
2025-05-27,165360.93,430.08,279,0.9974,8.19,0,-0.62,591.15
2025-05-28,164406.75,430.08,279,0.9974,8.19,1,-1.19,587.73
2025-05-29,165054.03,430.08,279,0.9974,8.19,0,-0.80,590.05
2025-05-30,164869.89,430.08,279,0.9974,8.19,1,-0.92,589.39
2025-06-02,165796.17,430.08,279,0.9974,8.19,0,-0.36,592.71
2025-06-03,166739.19,430.08,279,0.9974,8.19,0,0.00,596.09
2025-06-04,166694.55,430.08,279,0.9974,8.19,0,-0.03,595.93
2025-06-05,165891.03,430.08,279,0.9974,8.19,1,-0.51,593.05
2025-06-06,167590.14,430.08,279,0.9974,8.19,0,0.00,599.14
2025-06-09,167740.80,430.08,279,0.9974,8.19,0,0.00,599.68
2025-06-10,168689.40,430.08,279,0.9975,8.19,0,0.00,603.08
2025-06-11,168209.52,430.08,279,0.9974,8.19,1,-0.28,601.36
2025-06-12,168876.33,430.08,279,0.9975,8.19,0,0.00,603.75
2025-06-13,166993.08,430.08,279,0.9974,7.87,1,-1.12,597.00
2025-06-16,168577.80,430.08,279,0.9974,8.19,1,-0.18,602.68
2025-06-17,167140.95,430.08,279,0.9974,7.87,1,-1.03,597.53
2025-06-18,167115.84,430.08,279,0.9974,7.87,1,-1.04,597.44
2025-06-20,166234.20,430.08,279,0.9974,7.87,1,-1.56,594.28
2025-06-23,167871.93,430.08,279,0.9974,8.19,1,-0.59,600.15
2025-06-24,169721.70,430.08,279,0.9975,8.19,1,0.00,606.78
2025-06-25,169816.56,430.08,279,0.9975,8.19,1,0.00,607.12
2025-06-26,171141.81,430.08,279,0.9975,8.19,0,0.00,611.87
2025-06-27,171989.97,430.08,279,0.9975,8.19,0,0.00,614.91
2025-06-30,172810.23,430.08,279,0.9975,8.19,0,0.00,617.85
2025-07-01,172754.43,430.08,279,0.9975,8.19,0,-0.03,617.65
2025-07-02,173535.63,430.08,279,0.9975,8.19,0,0.00,620.45
2025-07-03,174899.94,430.08,279,0.9975,8.19,0,0.00,625.34
2025-07-07,173599.80,430.08,279,0.9975,8.19,0,-0.74,620.68
2025-07-08,173504.94,430.08,279,0.9975,8.19,1,-0.80,620.34
2025-07-09,174542.82,430.08,279,0.9975,8.19,0,-0.20,624.06
2025-07-10,175033.86,430.08,279,0.9975,8.19,0,0.00,625.82
2025-07-11,174420.06,430.08,279,0.9975,8.19,1,-0.35,623.62
2025-07-14,174752.07,430.08,279,0.9975,8.19,1,-0.16,624.81
2025-07-15,174007.14,430.08,279,0.9975,8.19,1,-0.59,622.14
2025-07-16,174587.46,430.08,279,0.9975,8.19,1,-0.26,624.22
2025-07-17,175653.24,430.08,279,0.9976,8.19,1,0.00,628.04
2025-07-18,175524.90,430.08,279,0.9975,8.19,1,-0.07,627.58
2025-07-21,175856.91,430.08,279,0.9976,8.19,1,0.00,628.77
2025-07-22,175882.02,430.08,279,0.9976,8.19,1,0.00,628.86
2025-07-23,177374.67,430.08,279,0.9976,8.19,0,0.00,634.21
2025-07-24,177433.26,430.08,279,0.9976,8.19,1,0.00,634.42
2025-07-25,178180.98,430.08,279,0.9976,8.4,0,0.00,637.10
2025-07-28,178136.34,430.08,279,0.9976,8.19,1,-0.03,636.94
2025-07-29,177667.62,430.08,279,0.9976,8.19,1,-0.29,635.26
2025-07-30,177444.42,430.08,279,0.9976,8.19,1,-0.41,634.46
2025-07-31,176780.40,430.08,279,0.9976,8.19,1,-0.79,632.08
2025-08-01,173889.96,430.08,279,0.9975,6.81,2,-2.41,621.72
2025-08-04,176526.51,430.08,279,0.9976,8.19,1,-0.93,631.17
2025-08-05,175633.71,430.08,279,0.9976,7.13,1,-1.43,627.97
2025-08-06,176975.70,430.08,279,0.9976,8.19,1,-0.68,632.78
2025-08-07,176827.83,430.08,279,0.9976,8.19,1,-0.76,632.25
2025-08-08,178203.30,430.08,279,0.9976,8.19,1,0.00,637.18
2025-08-11,177851.76,430.08,279,0.9976,8.19,1,-0.20,635.92
2025-08-12,179740.59,430.08,279,0.9976,8.4,1,0.00,642.69
2025-08-13,180354.39,430.08,279,0.9976,8.4,1,0.00,644.89
2025-08-14,180371.13,430.08,279,0.9976,8.4,1,0.00,644.95
2025-08-15,179949.84,430.08,279,0.9976,8.19,1,-0.23,643.44
2025-08-18,179910.78,430.08,279,0.9976,8.4,1,-0.26,643.30
2025-08-19,178937.07,430.08,279,0.9976,8.19,1,-0.80,639.81
2025-08-20,178462.77,430.08,279,0.9976,8.19,1,-1.06,638.11
2025-08-21,177748.53,430.08,279,0.9976,8.19,1,-1.45,635.55
2025-08-22,180471.57,430.08,279,0.9976,8.4,1,0.00,645.31
2025-08-25,179679.21,430.08,279,0.9976,8.4,1,-0.44,642.47
2025-08-26,180429.72,430.08,279,0.9976,8.4,1,-0.02,645.16
2025-08-27,180839.85,430.08,279,0.9976,8.4,1,0.00,646.63
2025-08-28,181478.76,430.08,279,0.9976,8.4,1,0.00,648.92
2025-08-29,180399.03,430.08,279,0.9976,8.19,1,-0.59,645.05
2025-09-02,179065.41,430.08,279,0.9976,8.19,1,-1.33,640.27
2025-09-03,180033.54,430.08,279,0.9976,8.19,1,-0.80,643.74
2025-09-04,181534.56,430.08,279,0.9976,8.19,1,0.00,649.12
2025-09-05,181010.04,430.08,279,0.9976,8.19,1,-0.29,647.24
2025-09-08,181453.65,430.08,279,0.9976,8.19,1,-0.04,648.83
2025-09-09,181872.15,430.08,279,0.9976,8.19,1,0.00,650.33
2025-09-10,182396.67,430.08,279,0.9976,8.19,1,0.00,652.21
2025-09-11,183908.85,430.08,279,0.9977,8.4,1,0.00,657.63
2025-09-12,183847.47,430.08,279,0.9977,8.4,1,-0.03,657.41
2025-09-15,184823.97,430.08,279,0.9977,8.19,1,0.00,660.91
2025-09-16,184570.08,430.08,279,0.9977,8.19,1,-0.14,660.00
2025-09-17,184341.30,430.08,279,0.9977,8.19,1,-0.26,659.18
2025-09-18,185200.62,430.08,279,0.9977,8.19,1,0.00,662.26
2025-09-19,185602.38,430.08,279,0.9977,8.19,1,0.00,663.70
2025-09-22,186478.44,430.08,279,0.9977,8.19,1,0.00,666.84
2025-09-23,185465.67,430.08,279,0.9977,8.19,1,-0.54,663.21
2025-09-24,184876.98,430.08,279,0.9977,8.19,1,-0.86,661.10
2025-09-25,184026.03,430.08,279,0.9977,8.19,1,-1.32,658.05
2025-09-26,185077.86,430.08,279,0.9977,8.19,1,-0.75,661.82
2025-09-29,185596.80,430.08,279,0.9977,8.19,1,-0.47,663.68
2025-09-30,186294.30,430.08,279,0.9977,8.19,1,-0.10,666.18
2025-10-01,186927.63,430.08,279,0.9977,8.19,1,0.00,668.45
2025-10-02,187142.46,430.08,279,0.9977,8.19,1,0.00,669.22
2025-10-03,187139.67,430.08,279,0.9977,8.19,1,-0.00,669.21
2025-10-06,187809.27,430.08,279,0.9977,8.19,1,0.00,671.61
2025-10-07,187114.56,430.08,279,0.9977,8.19,1,-0.37,669.12
2025-10-08,188227.77,430.08,279,0.9977,8.19,1,0.00,673.11
2025-10-09,187683.72,430.08,279,0.9977,8.19,1,-0.29,671.16
2025-10-10,182622.66,430.08,279,0.9976,5.74,1,-2.98,653.02
2025-10-13,185418.24,430.08,279,0.9977,8.19,1,-1.49,663.04
2025-10-14,185192.25,430.08,279,0.9977,7.87,1,-1.61,662.23
2025-10-15,186012.51,430.08,279,0.9977,7.87,1,-1.18,665.17
2025-10-16,184748.64,430.08,279,0.9977,6.6,2,-1.85,660.64
2025-10-17,185794.89,430.08,279,0.9977,7.87,1,-1.29,664.39
2025-10-20,187722.78,430.08,279,0.9977,8.19,1,-0.27,671.30
2025-10-21,187719.99,430.08,279,0.9977,8.19,1,-0.27,671.29
2025-10-22,186746.28,430.08,279,0.9977,8.19,1,-0.79,667.80
2025-10-23,187851.12,430.08,279,0.9977,8.19,1,-0.20,671.76
2025-10-24,189382.83,430.08,279,0.9977,8.19,1,0.00,677.25
2025-10-27,191612.04,430.08,279,0.9978,8.19,0,0.00,685.24
2025-10-28,192119.82,430.08,279,0.9978,8.19,0,0.00,687.06
2025-10-29,192211.89,430.08,279,0.9978,8.19,0,0.00,687.39
2025-10-30,190102.65,430.08,279,0.9977,8.19,1,-1.10,679.83
2025-10-31,190724.82,430.08,279,0.9977,8.19,1,-0.77,682.06
2025-11-03,191081.94,430.08,279,0.9977,8.19,1,-0.59,683.34
2025-11-04,188822.04,430.08,279,0.9977,8.19,1,-1.76,675.24
2025-11-05,189474.90,430.08,279,0.9977,8.19,1,-1.42,677.58
2025-11-06,187446.57,430.08,279,0.9977,8.19,1,-2.48,670.31
2025-11-07,187630.71,430.08,279,0.9977,7.13,1,-2.38,670.97
2025-11-10,190551.84,430.08,279,0.9977,8.19,1,-0.86,681.44
2025-11-11,190987.08,430.08,279,0.9977,8.19,1,-0.64,683.00
2025-11-12,191093.10,430.08,279,0.9977,8.19,1,-0.58,683.38
2025-11-13,187929.24,430.08,279,0.9977,6.81,1,-2.23,672.04
2025-11-14,187898.55,430.08,279,0.9977,7.13,1,-2.24,671.93
2025-11-17,186152.01,430.08,279,0.9977,5.74,1,-3.15,665.67
2025-11-18,184592.40,430.08,279,0.9977,5.74,1,-3.96,660.08
2025-11-19,185303.85,430.08,279,0.9977,6.81,1,-3.59,662.63
2025-11-20,182485.95,430.08,279,0.9976,5.53,2,-5.06,652.53
2025-11-21,184299.45,430.08,279,0.9977,6.81,1,-4.12,659.03
2025-11-24,187005.75,430.08,279,0.9977,7.87,1,-2.71,668.73
2025-11-25,188760.66,430.08,279,0.9977,8.19,1,-1.80,675.02
2025-11-26,190060.80,430.08,279,0.9977,8.19,1,-1.12,679.68
2025-11-28,191095.89,430.08,279,0.9977,8.19,1,-0.58,683.39
2025-12-01,190225.41,430.08,279,0.9977,8.19,1,-1.03,680.27
2025-12-02,190576.95,430.08,279,0.9977,8.19,1,-0.85,681.53
2025-12-03,191235.39,430.08,279,0.9978,8.19,1,-0.51,683.89
2025-12-04,191374.89,430.08,279,0.9978,8.19,1,-0.44,684.39
2025-12-05,191737.59,430.08,279,0.9978,8.19,1,-0.25,685.69
2025-12-08,191162.85,430.08,279,0.9978,8.19,1,-0.55,683.63
2025-12-09,190998.24,430.08,279,0.9977,8.19,1,-0.63,683.04
2025-12-10,192262.11,430.08,279,0.9978,8.19,1,0.00,687.57
2025-12-11,192708.51,430.08,279,0.9978,8.4,1,0.00,689.17
2025-12-12,190641.12,430.08,279,0.9977,8.19,1,-1.07,681.76
2025-12-15,190353.75,430.08,279,0.9977,8.19,1,-1.22,680.73
2025-12-16,189834.81,430.08,279,0.9977,8.19,1,-1.49,678.87
2025-12-17,187750.68,430.08,279,0.9977,8.19,1,-2.57,671.40
2025-12-18,189165.21,430.08,279,0.9977,8.19,1,-1.84,676.47
2025-12-19,190314.69,430.08,279,0.9977,8.4,1,-1.24,680.59
2025-12-22,191497.65,430.08,279,0.9978,8.4,1,-0.63,684.83
2025-12-23,192370.92,430.08,279,0.9978,8.4,1,-0.18,687.96
2025-12-24,193046.10,430.08,279,0.9978,8.4,1,0.00,690.38
2025-12-26,193026.57,430.08,279,0.9978,8.4,1,-0.01,690.31
2025-12-29,192340.23,430.08,279,0.9978,8.4,1,-0.37,687.85
2025-12-30,192105.87,430.08,279,0.9978,8.4,1,-0.49,687.01
2025-12-31,190685.76,430.08,279,0.9977,8.4,1,-1.22,681.92
2026-01-02,191034.51,430.08,279,0.9977,8.4,1,-1.04,683.17
2026-01-05,192303.96,430.08,279,0.9978,8.4,1,-0.38,687.72
2026-01-06,193445.07,430.08,279,0.9978,8.4,1,0.00,691.81
2026-01-07,192822.90,430.08,279,0.9978,8.19,1,-0.32,689.58
2026-01-08,192803.37,430.08,279,0.9978,8.19,1,-0.33,689.51
2026-01-09,194075.61,430.08,279,0.9978,8.4,1,0.00,694.07
2026-01-12,194379.72,430.08,279,0.9978,8.19,1,0.00,695.16
2026-01-13,193991.91,430.08,279,0.9978,8.19,1,-0.20,693.77
2026-01-14,193040.52,430.08,279,0.9978,8.19,1,-0.69,690.36
2026-01-15,193565.04,430.08,279,0.9978,8.19,1,-0.42,692.24
2026-01-16,193403.22,430.08,279,0.9978,8.19,1,-0.50,691.66
2026-01-20,189474.90,430.08,279,0.9977,5.74,1,-2.52,677.58
2026-01-21,191656.68,430.08,279,0.9978,8.19,1,-1.40,685.40
2026-01-22,192655.50,430.08,279,0.9978,8.19,1,-0.89,688.98
2026-01-23,192725.25,430.08,279,0.9978,8.19,1,-0.85,689.23
2026-01-26,193701.75,430.08,279,0.9978,8.19,1,-0.35,692.73
2026-01-27,194471.79,430.08,279,0.9978,8.19,1,0.00,695.49
2026-01-28,194452.26,430.08,279,0.9978,8.19,1,-0.01,695.42
2026-01-29,194067.24,430.08,279,0.9978,8.19,1,-0.21,694.04
2026-01-30,193489.71,430.08,279,0.9978,8.19,1,-0.50,691.97
2026-02-02,194449.47,430.08,279,0.9978,8.19,1,-0.01,695.41
2026-02-03,192808.95,430.08,279,0.9978,8.19,1,-0.86,689.53
2026-02-04,191877.09,430.08,279,0.9978,8.19,1,-1.33,686.19
2026-02-05,189486.06,430.08,279,0.9977,5.74,1,-2.56,677.62
2026-02-06,193113.06,430.08,279,0.9978,8.19,1,-0.70,690.62
2026-02-09,194042.13,430.08,279,0.9978,8.19,1,-0.22,693.95
2026-02-10,193531.56,430.08,279,0.9978,8.19,1,-0.48,692.12
2026-02-11,193486.92,430.08,279,0.9978,8.19,1,-0.51,691.96
2026-02-12,190504.41,430.08,279,0.9977,6.81,1,-2.04,681.27
2026-02-13,190638.33,430.08,279,0.9977,6.81,1,-1.97,681.75
2026-02-17,190945.23,430.08,279,0.9977,6.81,1,-1.81,682.85
2026-02-18,191904.99,430.08,279,0.9978,8.19,1,-1.32,686.29
2026-02-19,191400.00,430.08,279,0.9978,6.81,1,-1.58,684.48
2026-02-20,192781.05,430.08,279,0.9978,8.19,1,-0.87,689.43
2026-02-23,190816.89,430.08,279,0.9977,6.81,1,-1.88,682.39
2026-02-24,192200.73,430.08,279,0.9978,8.19,1,-1.17,687.35
2026-02-25,193818.93,430.08,279,0.9978,8.19,1,-0.34,693.15
2026-02-26,192744.78,430.08,279,0.9978,8.19,1,-0.89,689.30
2026-02-27,191821.29,430.08,279,0.9978,8.19,1,-1.36,685.99
2026-03-02,191930.10,430.08,279,0.9978,7.87,1,-1.31,686.38
2026-03-03,190242.15,430.08,279,0.9977,6.81,1,-2.17,680.33
2026-03-04,191581.35,430.08,279,0.9978,7.87,1,-1.49,685.13
2026-03-05,190515.57,430.08,279,0.9977,6.81,1,-2.03,681.31
2026-03-06,188024.10,430.08,279,0.9977,5.53,2,-3.32,672.38
2026-03-09,189667.41,430.08,279,0.9977,6.6,1,-2.47,678.27
2026-03-10,189363.30,430.08,279,0.9977,6.81,1,-2.63,677.18
2026-03-11,189126.15,430.08,279,0.9977,6.81,1,-2.75,676.33
2026-03-12,186260.82,430.08,279,0.9977,5.53,1,-4.22,666.06
2026-03-13,185208.99,430.08,279,0.9977,5.53,1,-4.76,662.29
2026-03-16,187089.45,430.08,279,0.9977,6.81,1,-3.80,669.03
2026-03-17,187580.49,430.08,279,0.9977,6.81,1,-3.54,670.79
2026-03-18,184969.05,430.08,279,0.9977,5.53,1,-4.89,661.43
2026-03-19,184514.28,430.08,279,0.9977,5.74,1,-5.12,659.80
2026-03-20,181381.11,430.08,279,0.9976,5.53,1,-6.73,648.57
2026-03-23,183281.10,430.08,279,0.9977,6.6,2,-5.75,655.38
2026-03-24,182667.30,430.08,279,0.9976,6.6,2,-6.07,653.18
2026-03-25,183682.86,430.08,279,0.9977,6.6,1,-5.55,656.82
2026-03-26,180410.19,430.08,279,0.9976,5.53,2,-7.23,645.09
2026-03-27,176911.11,176911.11,0,0.0000,5.21,2,-9.03,634.09
2026-03-30,176911.11,176911.11,0,0.0000,5.21,2,-9.03,631.97
2026-03-31,176911.11,18.63,272,0.9999,6.6,1,-9.03,650.34
2026-04-01,178243.91,18.63,272,0.9999,7.87,1,-8.34,655.24
2026-04-02,178404.39,18.63,272,0.9999,7.87,1,-8.26,655.83
2026-04-06,179247.59,18.63,272,0.9999,7.87,1,-7.83,658.93
2026-04-07,179326.47,18.63,272,0.9999,7.66,1,-7.79,659.22
2026-04-08,183893.35,18.63,272,0.9999,7.66,0,-5.44,676.01
2026-04-09,184954.15,18.63,272,0.9999,7.98,0,-4.89,679.91
2026-04-10,184831.75,18.63,272,0.9999,7.98,0,-4.96,679.46
2026-04-13,186637.83,18.63,272,0.9999,7.98,0,-4.03,686.10
2026-04-14,188911.75,18.63,272,0.9999,8.19,0,-2.86,694.46
2026-04-15,190402.31,18.63,272,0.9999,8.19,1,-2.09,699.94
2026-04-16,190870.15,18.63,272,0.9999,8.19,1,-1.85,701.66
2026-04-17,193176.71,18.63,272,0.9999,8.19,1,-0.67,710.14
2026-04-20,192790.47,18.63,272,0.9999,8.19,1,-0.86,708.72
2026-04-21,191528.39,18.63,272,0.9999,8.19,0,-1.51,704.08
2026-04-22,193467.75,18.63,272,0.9999,8.19,1,-0.52,711.21
2026-04-23,192717.03,18.63,272,0.9999,8.19,1,-0.90,708.45
2026-04-24,194210.31,18.63,272,0.9999,8.19,0,-0.13,713.94
2026-04-27,194544.87,18.63,272,0.9999,8.19,0,0.00,715.17
2026-04-28,193598.31,18.63,272,0.9999,8.19,0,-0.49,711.69
2026-04-29,193568.39,18.63,272,0.9999,8.19,0,-0.50,711.58
2026-04-30,195494.15,18.63,272,0.9999,8.19,0,0.00,718.66
2026-05-01,196035.43,18.63,272,0.9999,8.19,0,0.00,720.65
2026-05-04,195317.35,18.63,272,0.9999,8.19,0,-0.37,718.01
2026-05-05,196884.07,18.63,272,0.9999,8.19,0,0.00,723.77
2026-05-06,199620.39,18.63,272,0.9999,8.19,0,0.00,733.83
2026-05-07,199008.39,18.63,272,0.9999,8.19,0,-0.31,731.58
2026-05-08,200651.27,18.63,272,0.9999,8.19,0,0.00,737.62
2026-05-11,201108.23,18.63,272,0.9999,8.19,0,0.00,739.30
2026-05-12,200803.59,18.63,272,0.9999,8.19,0,-0.15,738.18
2026-05-13,201926.95,18.63,272,0.9999,8.19,0,0.00,742.31
