date,value,regime,price,position_pct,drawdown,danger
2020-01-02,1000000.00,10.0,324.87,0.9999,0.00,1
2020-01-03,992428.12,10.0,322.41,0.9999,0.00,1
2020-01-06,996214.06,10.0,323.64,0.9999,0.00,1
2020-01-07,993413.08,9.47,322.73,0.9999,0.00,1
2020-01-08,998707.24,10.0,324.45,0.9999,0.00,1
2020-01-09,1005478.84,10.0,326.65,1.0000,0.00,1
2020-01-10,1002585.52,10.0,325.71,0.9999,0.00,1
2020-01-13,1009480.24,10.0,327.95,1.0000,0.00,1
2020-01-14,1007941.24,10.0,327.45,1.0000,0.00,1
2020-01-15,1010218.96,10.0,328.19,1.0000,0.00,1
2020-01-16,1018621.90,10.0,330.92,1.0000,0.00,0
2020-01-17,1021792.24,10.0,331.95,1.0000,0.00,0
2020-01-21,1019791.54,10.0,331.30,1.0000,0.00,1
2020-01-22,1019914.66,10.0,331.34,1.0000,0.00,1
2020-01-23,1021084.30,10.0,331.72,1.0000,0.00,1
2020-01-24,1012004.20,10.0,328.77,1.0000,0.00,1
2020-01-27,995783.14,8.72,323.50,0.9999,0.00,1
2020-01-28,1006217.56,9.79,326.89,1.0000,0.00,1
2020-01-29,1005386.50,9.79,326.62,1.0000,0.00,1
2020-01-30,1008649.18,9.79,327.68,1.0000,0.00,1
2020-01-31,990335.08,7.66,321.73,0.9999,0.00,1
2020-02-03,997691.50,8.72,324.12,0.9999,0.00,1
2020-02-04,1012896.82,9.79,329.06,1.0000,0.00,1
2020-02-05,1024593.22,9.79,332.86,1.0000,0.00,1
2020-02-06,1028040.58,10.0,333.98,1.0000,0.00,1
2020-02-07,1022561.74,9.79,332.20,1.0000,0.00,1
2020-02-10,1030195.18,9.79,334.68,1.0000,0.00,1
2020-02-11,1031980.42,9.79,335.26,1.0000,0.00,1
2020-02-12,1038628.90,10.0,337.42,1.0000,0.00,0
2020-02-13,1037520.82,10.0,337.06,1.0000,0.00,1
2020-02-14,1039182.94,10.0,337.60,1.0000,0.00,1
2020-02-18,1036505.08,10.0,336.73,1.0000,0.00,1
2020-02-19,1041460.66,10.0,338.34,1.0000,0.00,1
2020-02-20,1037182.24,9.79,336.95,1.0000,0.00,1
2020-02-21,1026501.58,9.26,333.48,1.0000,0.00,1
2020-02-24,992458.90,6.6,322.42,0.9999,0.00,2
2020-02-25,962386.84,7.13,312.65,0.9999,0.00,3
2020-02-26,958847.14,6.6,311.50,0.9999,0.00,3
2020-02-27,915785.92,6.28,297.51,0.9999,0.00,4
2020-02-28,911938.42,6.81,296.26,0.9999,0.00,4
2020-03-02,951429.16,7.34,309.09,0.9999,0.00,1
2020-03-03,924188.86,6.28,300.24,0.9999,0.00,2
2020-03-04,963033.22,7.34,312.86,0.9999,0.00,1
2020-03-05,931022.02,6.28,302.46,0.9999,0.00,2
2020-03-06,915632.02,6.28,297.46,0.9999,0.00,3
2020-03-09,844079.94,5.96,274.23,0.0000,0.00,3
2020-03-10,844079.94,7.02,288.42,0.9998,0.00,2
2020-03-11,802940.38,5.96,274.36,0.9998,0.00,3
2020-03-12,725969.86,5.96,248.11,0.0000,0.00,3
2020-03-13,725969.86,5.74,269.32,0.0000,0.00,2
2020-03-16,725969.86,5.74,239.85,0.0000,0.00,3
2020-03-17,725969.86,5.74,252.80,0.0000,0.00,2
2020-03-18,725969.86,5.74,240.00,0.0000,0.00,2
2020-03-19,725969.86,5.74,240.51,0.0000,0.00,2
2020-03-20,725969.86,5.74,228.80,0.0000,0.00,2
2020-03-23,725969.86,5.74,222.95,0.0000,0.00,2
2020-03-24,725969.86,4.47,243.15,0.0000,0.00,2
2020-03-25,725969.86,5.53,246.79,0.0000,0.00,2
2020-03-26,725969.86,5.53,261.20,0.0000,0.00,1
2020-03-27,725969.86,5.32,253.42,0.0000,0.00,1
2020-03-30,725969.86,6.06,261.65,0.9998,0.00,1
2020-03-31,715151.26,5.85,257.75,0.9998,0.00,1
2020-04-01,682972.86,6.91,246.15,0.9998,0.00,2
2020-04-02,698729.18,7.13,251.83,0.9998,0.00,1
2020-04-03,688631.82,7.13,248.19,0.9998,0.00,1
2020-04-06,734874.40,8.4,264.86,0.9998,0.00,1
2020-04-07,735623.38,8.62,265.13,0.9998,0.00,1
2020-04-08,760311.98,8.62,274.03,0.9998,0.00,0
2020-04-09,771879.56,8.62,278.20,0.9998,0.00,0
2020-04-13,764833.60,8.62,275.66,0.9998,0.00,1
2020-04-14,787386.22,8.62,283.79,0.9998,0.00,0
2020-04-15,770659.00,8.62,277.76,0.9998,0.00,1
2020-04-16,774376.16,8.62,279.10,0.9998,0.00,1
2020-04-17,795292.12,8.62,286.64,0.9998,0.00,1
2020-04-20,781283.42,8.62,281.59,0.9998,0.00,2
2020-04-21,757565.72,8.62,273.04,0.9998,0.00,2
2020-04-22,774376.16,8.94,279.10,0.9998,0.00,0
2020-04-23,774320.68,8.94,279.08,0.9998,0.00,0
2020-04-24,785111.54,8.94,282.97,0.9998,0.00,0
2020-04-27,796429.46,8.94,287.05,0.9998,0.00,1
2020-04-28,792767.78,8.94,285.73,0.9998,0.00,1
2020-04-29,813517.30,8.94,293.21,0.9998,0.00,2
2020-04-30,805944.28,8.94,290.48,0.9998,0.00,1
2020-05-01,784612.22,8.94,282.79,0.9998,0.00,2
2020-05-04,786775.94,7.98,283.57,0.9998,0.00,2
2020-05-05,794043.82,8.19,286.19,0.9998,0.00,0
2020-05-06,788662.26,8.19,284.25,0.9998,0.00,1
2020-05-07,798177.08,7.98,287.68,0.9998,0.00,0
2020-05-08,811381.32,8.3,292.44,0.9998,0.00,1
2020-05-11,811547.76,8.72,292.50,0.9998,0.00,1
2020-05-12,795375.34,8.4,286.67,0.9998,0.00,1
2020-05-13,781311.16,7.13,281.60,0.9998,0.00,2
2020-05-14,790659.54,8.19,284.97,0.9998,0.00,1
2020-05-15,794293.48,8.4,286.28,0.9998,0.00,1
2020-05-18,818482.76,8.51,295.00,0.9998,0.00,0
2020-05-19,810077.54,8.19,291.97,0.9998,0.00,0
2020-05-20,823836.58,8.51,296.93,0.9998,0.00,0
2020-05-21,818149.88,8.51,294.88,0.9998,0.00,0
2020-05-22,819703.32,8.51,295.44,0.9998,0.00,0
2020-05-26,829800.68,8.51,299.08,0.9998,0.00,0
2020-05-27,842144.98,8.51,303.53,0.9998,0.00,0
2020-05-28,840591.54,8.72,302.97,0.9998,0.00,1
2020-05-29,844336.44,8.51,304.32,0.9998,0.00,0
2020-06-01,847748.46,9.26,305.55,0.9998,0.00,1
2020-06-02,854766.68,9.26,308.08,0.9998,0.00,0
2020-06-03,866140.08,8.72,312.18,0.9998,0.00,0
2020-06-04,863865.40,9.26,311.36,0.9998,0.00,0
2020-06-05,886001.92,9.47,319.34,0.9998,0.00,1
2020-06-08,896709.56,9.26,323.20,0.9998,0.00,0
2020-06-09,890024.22,9.26,320.79,0.9998,0.00,1
2020-06-10,885058.76,9.26,319.00,0.9998,0.00,1
2020-06-11,834044.90,7.87,300.61,0.9998,0.00,2
2020-06-12,844031.30,8.94,304.21,0.9998,0.00,1
2020-06-15,851909.46,8.94,307.05,0.9998,0.00,1
2020-06-16,868303.80,8.94,312.96,0.9998,0.00,0
2020-06-17,864697.60,8.94,311.66,0.9998,0.00,1
2020-06-18,865030.48,8.94,311.78,0.9998,0.00,1
2020-06-19,856320.12,8.94,308.64,0.9998,0.00,1
2020-06-22,861812.64,8.94,310.62,0.9998,0.00,1
2020-06-23,865779.46,8.94,312.05,0.9998,0.00,1
2020-06-24,843698.42,7.87,304.09,0.9998,0.00,2
2020-06-25,852741.66,7.87,307.35,0.9998,0.00,1
2020-06-26,832491.46,6.81,300.05,0.9998,0.00,1
2020-06-29,844724.80,7.87,304.46,0.9998,0.00,1
2020-06-30,855543.40,7.87,308.36,0.9998,0.00,1
2020-07-01,861535.24,9.26,310.52,0.9998,0.00,1
2020-07-02,866278.78,9.26,312.23,0.9998,0.00,1
2020-07-06,879649.46,9.26,317.05,0.9998,0.00,0
2020-07-07,870578.48,9.26,313.78,0.9998,0.00,1
2020-07-08,877236.08,9.26,316.18,0.9998,0.00,0
2020-07-09,872242.88,9.26,314.38,0.9998,0.00,2
2020-07-10,881147.42,9.26,317.59,0.9998,0.00,0
2020-07-13,873518.92,8.94,314.84,0.9998,0.00,2
2020-07-14,884836.84,9.26,318.92,0.9998,0.00,0
2020-07-15,892964.66,9.26,321.85,0.9998,0.00,0
2020-07-16,890024.22,9.26,320.79,0.9998,0.00,0
2020-07-17,892604.04,9.26,321.72,0.9998,0.00,0
2020-07-20,899816.44,9.47,324.32,0.9998,0.00,0
2020-07-21,901730.50,9.47,325.01,0.9998,0.00,0
2020-07-22,906862.40,9.47,326.86,0.9998,0.00,0
2020-07-23,896043.80,9.26,322.96,0.9998,0.00,1
2020-07-24,890273.88,9.26,320.88,0.9998,0.00,2
2020-07-27,896765.04,9.47,323.22,0.9998,0.00,1
2020-07-28,891078.34,9.26,321.17,0.9998,0.00,2
2020-07-29,902035.64,9.47,325.12,0.9998,0.00,1
2020-07-30,898817.80,9.47,323.96,0.9998,0.00,1
2020-07-31,905919.24,9.47,326.52,0.9998,0.00,1
2020-08-03,912216.22,9.47,328.79,0.9998,0.00,0
2020-08-04,915739.20,9.47,330.06,0.9998,0.00,0
2020-08-05,921425.90,9.47,332.11,0.9998,0.00,0
2020-08-06,927584.18,9.47,334.33,0.9998,0.00,0
2020-08-07,928249.94,9.47,334.57,0.9998,0.00,0
2020-08-10,931023.94,9.47,335.57,0.9998,0.00,0
2020-08-11,923339.96,9.47,332.80,0.9998,0.00,1
2020-08-12,936211.32,9.47,337.44,0.9998,0.00,0
2020-08-13,934519.18,9.47,336.83,0.9998,0.00,0
2020-08-14,934546.92,9.47,336.84,0.9998,0.00,0
2020-08-17,937515.10,9.47,337.91,0.9998,0.00,0
2020-08-18,939540.12,8.94,338.64,0.9998,0.00,0
2020-08-19,935628.78,8.94,337.23,0.9998,0.00,1
2020-08-20,938541.48,8.94,338.28,0.9998,0.00,1
2020-08-21,941870.28,9.47,339.48,0.9998,0.00,1
2020-08-24,951412.84,9.47,342.92,0.9998,0.00,0
2020-08-25,954741.64,9.47,344.12,0.9998,0.00,0
2020-08-26,964311.94,9.47,347.57,0.9998,0.00,0
2020-08-27,966420.18,9.47,348.33,0.9998,0.00,0
2020-08-28,972661.68,9.47,350.58,0.9998,0.00,0
2020-08-31,969138.70,9.26,349.31,0.9998,0.00,1
2020-09-01,978265.16,9.26,352.60,0.9998,0.00,1
2020-09-02,992412.56,9.26,357.70,0.9998,0.00,1
2020-09-03,958264.62,8.94,345.39,0.9998,0.00,2
2020-09-04,950441.94,7.87,342.57,0.9998,0.00,2
2020-09-08,924477.30,6.81,333.21,0.9998,0.00,2
2020-09-09,942730.22,8.19,339.79,0.9998,0.00,2
2020-09-10,926363.62,7.13,333.89,0.9998,0.00,2
2020-09-11,926835.20,7.13,334.06,0.9998,0.00,2
2020-09-14,939040.80,8.19,338.46,0.9998,0.00,2
2020-09-15,943784.34,8.19,340.17,0.9998,0.00,2
2020-09-16,940039.44,8.19,338.82,0.9998,0.00,2
2020-09-17,931772.92,8.19,335.84,0.9998,0.00,2
2020-09-18,917375.86,6.6,330.65,0.9998,0.00,2
2020-09-21,907167.54,6.6,326.97,0.9998,0.00,3
2020-09-22,916404.96,7.66,330.30,0.9998,0.00,2
2020-09-23,895156.12,7.13,322.64,0.9998,0.00,2
2020-09-24,897541.76,6.6,323.50,0.9998,0.00,2
2020-09-25,912049.78,7.66,328.73,0.9998,0.00,1
2020-09-28,927195.82,7.66,334.19,0.9998,0.00,1
2020-09-29,922147.14,7.66,332.37,0.9998,0.00,1
2020-09-30,929137.62,7.66,334.89,0.9998,0.00,1
2020-10-01,935101.72,8.72,337.04,0.9998,0.00,1
2020-10-02,926224.92,8.72,333.84,0.9998,0.00,2
2020-10-05,942647.00,7.45,339.76,0.9998,0.00,2
2020-10-06,929248.58,7.45,334.93,0.9998,0.00,2
2020-10-07,945421.00,7.45,340.76,0.9998,0.00,2
2020-10-08,953798.48,7.45,343.78,0.9998,0.00,0
2020-10-09,962314.66,7.45,346.85,0.9998,0.00,0
2020-10-12,977793.58,7.45,352.43,0.9998,0.00,0
2020-10-13,971413.38,7.45,350.13,0.9998,0.00,0
2020-10-14,965310.58,7.45,347.93,0.9998,0.00,0
2020-10-15,964117.76,7.98,347.50,0.9998,0.00,2
2020-10-16,963535.22,7.98,347.29,0.9998,0.00,2
2020-10-19,948888.50,9.26,342.01,0.9998,0.00,2
2020-10-20,952688.88,9.26,343.38,0.9998,0.00,2
2020-10-21,950885.78,9.26,342.73,0.9998,0.00,2
2020-10-22,956100.90,9.26,344.61,0.9998,0.00,2
2020-10-23,959346.48,9.26,345.78,0.9998,0.00,1
2020-10-26,941620.62,7.87,339.39,0.9998,0.00,2
2020-10-27,938375.04,7.87,338.22,0.9998,0.00,2
2020-10-28,906307.60,6.81,326.66,0.9998,0.00,2
2020-10-29,915517.28,7.87,329.98,0.9998,0.00,1
2020-10-30,905974.72,6.81,326.54,0.9998,0.00,1
2020-11-02,916127.56,7.87,330.20,0.9998,0.00,1
2020-11-03,932299.98,7.87,336.03,0.9998,0.00,1
2020-11-04,953132.72,9.26,343.54,0.9998,0.00,1
2020-11-05,971718.52,9.26,350.24,0.9998,0.00,0
2020-11-06,971496.60,9.47,350.16,0.9998,0.00,0
2020-11-09,983702.20,9.26,354.56,0.9998,0.00,0
2020-11-10,982259.72,9.47,354.04,0.9998,0.00,0
2020-11-11,989555.34,9.47,356.67,0.9998,0.00,0
2020-11-12,979957.30,9.26,353.21,0.9998,0.00,0
2020-11-13,993522.16,9.47,358.10,0.9998,0.00,0
2020-11-16,1005921.94,9.47,362.57,0.9998,0.00,0
2020-11-17,1000512.64,9.47,360.62,0.9998,0.00,0
2020-11-18,988473.48,9.47,356.28,0.9998,0.00,1
2020-11-19,992634.48,9.47,357.78,0.9998,0.00,0
2020-11-20,985838.18,9.47,355.33,0.9998,0.00,1
2020-11-23,991746.80,9.47,357.46,0.9998,0.00,1
2020-11-24,1007725.04,9.47,363.22,0.9998,0.00,0
2020-11-25,1006171.60,9.47,362.66,0.9998,0.00,0
2020-11-27,1008973.34,9.47,363.67,0.9998,0.00,0
2020-11-30,1004507.20,9.47,362.06,0.9998,0.00,1
2020-12-01,1015492.24,8.94,366.02,0.9998,0.00,0
2020-12-02,1017628.22,8.94,366.79,0.9998,0.00,0
2020-12-03,1017350.82,8.94,366.69,0.9998,0.00,0
2020-12-04,1026116.66,8.94,369.85,0.9999,0.00,0
2020-12-07,1024008.42,9.47,369.09,0.9999,0.00,0
2020-12-08,1027004.34,9.47,370.17,0.9999,0.00,0
2020-12-09,1017794.66,9.47,366.85,0.9998,0.00,1
2020-12-10,1017461.78,9.47,366.73,0.9998,0.00,1
2020-12-11,1016268.96,8.94,366.30,0.9998,0.00,1
2020-12-14,1011719.60,8.94,364.66,0.9998,0.00,1
2020-12-15,1025395.42,8.94,369.59,0.9999,0.00,1
2020-12-16,1027004.34,8.94,370.17,0.9999,0.00,1
2020-12-17,1032746.52,8.94,372.24,0.9999,0.00,0
2020-12-18,1024258.08,8.94,369.18,0.9999,0.00,1
2020-12-21,1020596.40,8.72,367.86,0.9999,0.00,2
2020-12-22,1018876.52,8.94,367.24,0.9999,0.00,1
2020-12-23,1019791.94,9.47,367.57,0.9999,0.00,1
2020-12-24,1023758.76,9.47,369.00,0.9999,0.00,1
2020-12-28,1032552.34,9.47,372.17,0.9999,0.00,1
2020-12-29,1030582.80,9.47,371.46,0.9999,0.00,1
2020-12-30,1032053.02,9.47,371.99,0.9999,0.00,1
2020-12-31,1037295.88,9.47,373.88,0.9999,0.00,1
2021-01-04,1023176.22,9.26,368.79,0.9999,0.00,2
2021-01-05,1030222.18,8.72,371.33,0.9999,0.00,1
2021-01-06,1036380.46,8.72,373.55,0.9999,0.00,1
2021-01-07,1051776.16,8.94,379.10,0.9999,0.00,0
2021-01-08,1057768.00,8.94,381.26,0.9999,0.00,0
2021-01-11,1050638.82,8.94,378.69,0.9999,0.00,1
2021-01-12,1050860.74,8.94,378.77,0.9999,0.00,1
2021-01-13,1053690.22,8.94,379.79,0.9999,0.00,1
2021-01-14,1050000.80,8.94,378.46,0.9999,0.00,1
2021-01-15,1042344.56,7.66,375.70,0.9999,0.00,1
2021-01-19,1050527.86,7.66,378.65,0.9999,0.00,1
2021-01-20,1065063.62,7.66,383.89,0.9999,0.00,0
2021-01-21,1066034.52,7.66,384.24,0.9999,0.00,0
2021-01-22,1062261.88,7.66,382.88,0.9999,0.00,1
2021-01-25,1066450.62,7.66,384.39,0.9999,0.00,1
2021-01-26,1064786.22,7.66,383.79,0.9999,0.00,1
2021-01-27,1038766.10,6.06,374.41,0.9999,0.00,2
2021-01-28,1047698.38,7.13,377.63,0.9999,0.00,1
2021-01-29,1026726.94,5.0,370.07,0.9999,0.00,1
2021-02-01,1043814.78,7.13,376.23,0.9999,0.00,1
2021-02-02,1058572.46,7.45,381.55,0.9999,0.00,1
2021-02-03,1059404.66,7.66,381.85,0.9999,0.00,1
2021-02-04,1071443.82,7.66,386.19,0.9999,0.00,0
2021-02-05,1075660.30,7.66,387.71,0.9999,0.00,0
2021-02-08,1083427.50,7.66,390.51,0.9999,0.00,0
2021-02-09,1082706.26,7.66,390.25,0.9999,0.00,0
2021-02-10,1082234.68,7.66,390.08,0.9999,0.00,0
2021-02-11,1083982.30,7.66,390.71,0.9999,0.00,1
2021-02-12,1089336.12,7.98,392.64,0.9999,0.00,0
2021-02-16,1088392.96,7.66,392.30,0.9999,0.00,1
2021-02-17,1088642.62,7.66,392.39,0.9999,0.00,1
2021-02-18,1084010.04,7.66,390.72,0.9999,0.00,1
2021-02-19,1082095.98,7.66,390.03,0.9999,0.00,1
2021-02-22,1073773.98,7.66,387.03,0.9999,0.00,1
2021-02-23,1075077.76,7.66,387.50,0.9999,0.00,1
2021-02-24,1086922.74,7.66,391.77,0.9999,0.00,1
2021-02-25,1060736.18,7.45,382.33,0.9999,0.00,2
2021-02-26,1055271.40,6.38,380.36,0.9999,0.00,2
2021-03-01,1080847.68,7.66,389.58,0.9999,0.00,1
2021-03-02,1072414.72,7.66,386.54,0.9999,0.00,1
2021-03-03,1058211.84,6.38,381.42,0.9999,0.00,1
2021-03-04,1045118.56,5.32,376.70,0.9999,0.00,1
2021-03-05,1064342.38,6.6,383.63,0.9999,0.00,1
2021-03-08,1059044.04,6.38,381.72,0.9999,0.00,1
2021-03-09,1074162.34,7.66,387.17,0.9999,0.00,1
2021-03-10,1080847.68,7.66,389.58,0.9999,0.00,1
2021-03-11,1091804.98,7.66,393.53,0.9999,0.00,1
2021-03-12,1093275.20,7.66,394.06,0.9999,0.00,1
2021-03-15,1099794.10,7.66,396.41,0.9999,0.00,0
2021-03-16,1098407.10,7.98,395.91,0.9999,0.00,1
2021-03-17,1102152.00,7.98,397.26,0.9999,0.00,0
2021-03-18,1086118.28,7.66,391.48,0.9999,0.00,1
2021-03-19,1080570.28,8.19,389.48,0.9999,0.00,1
2021-03-22,1089197.42,8.51,392.59,0.9999,0.00,1
2021-03-23,1080625.76,8.19,389.50,0.9999,0.00,1
2021-03-24,1075133.24,8.19,387.52,0.9999,0.00,1
2021-03-25,1081180.56,8.51,389.70,0.9999,0.00,1
2021-03-26,1098601.28,8.51,395.98,0.9999,0.00,1
2021-03-29,1098046.48,8.19,395.78,0.9999,0.00,1
2021-03-30,1095133.78,7.66,394.73,0.9999,0.00,1
2021-03-31,1099572.18,8.51,396.33,0.9999,0.00,1
2021-04-01,1111444.90,8.51,400.61,0.9999,0.00,0
2021-04-05,1127395.40,8.51,406.36,0.9999,0.00,0
2021-04-06,1126729.64,9.79,406.12,0.9999,0.00,0
2021-04-07,1128033.42,9.79,406.59,0.9999,0.00,0
2021-04-08,1133387.24,9.79,408.52,0.9999,0.00,0
2021-04-09,1141626.02,9.79,411.49,0.9999,0.00,0
2021-04-12,1142042.12,9.79,411.64,0.9999,0.00,0
2021-04-13,1145426.40,8.51,412.86,0.9999,0.00,0
2021-04-14,1141515.06,7.98,411.45,0.9999,0.00,0
2021-04-15,1153776.14,8.51,415.87,0.9999,0.00,0
2021-04-16,1157632.00,7.98,417.26,0.9999,0.00,0
2021-04-19,1151945.30,7.98,415.21,0.9999,0.00,0
2021-04-20,1143512.34,7.98,412.17,0.9999,0.00,1
2021-04-21,1154330.94,7.98,416.07,0.9999,0.00,0
2021-04-22,1143789.74,7.98,412.27,0.9999,0.00,1
2021-04-23,1156189.52,7.98,416.74,0.9999,0.00,1
2021-04-26,1158602.90,7.98,417.61,0.9999,0.00,1
2021-04-27,1158353.24,7.98,417.52,0.9999,0.00,1
2021-04-28,1158020.36,7.98,417.40,0.9999,0.00,1
2021-04-29,1165399.20,7.98,420.06,0.9999,0.00,0
2021-04-30,1157742.96,7.98,417.30,0.9999,0.00,1
2021-05-03,1160239.56,7.98,418.20,0.9999,0.00,1
2021-05-04,1153082.64,7.98,415.62,0.9999,0.00,1
2021-05-05,1153443.26,7.98,415.75,0.9999,0.00,1
2021-05-06,1162652.94,7.98,419.07,0.9999,0.00,1
2021-05-07,1171113.64,7.98,422.12,0.9999,0.00,1
2021-05-10,1159518.32,7.98,417.94,0.9999,0.00,1
2021-05-11,1149171.30,6.6,414.21,0.9999,0.00,1
2021-05-12,1124760.10,5.32,405.41,0.9999,0.00,2
2021-05-13,1138269.48,6.6,410.28,0.9999,0.00,1
2021-05-14,1155745.68,7.98,416.58,0.9999,0.00,1
2021-05-17,1152805.24,7.98,415.52,0.9999,0.00,1
2021-05-18,1142874.32,6.6,411.94,0.9999,0.00,1
2021-05-19,1139878.40,6.6,410.86,0.9999,0.00,1
2021-05-20,1152139.48,7.66,415.28,0.9999,0.00,1
2021-05-21,1151196.32,7.66,414.94,0.9999,0.00,1
2021-05-24,1162930.34,7.98,419.17,0.9999,0.00,1
2021-05-25,1160350.52,7.98,418.24,0.9999,0.00,1
2021-05-26,1162652.94,7.98,419.07,0.9999,0.00,1
2021-05-27,1163263.22,7.98,419.29,0.9999,0.00,1
2021-05-28,1165343.72,7.98,420.04,0.9999,0.00,1
2021-06-01,1164317.34,7.98,419.67,0.9999,0.00,1
2021-06-02,1166148.18,7.98,420.33,0.9999,0.00,1
2021-06-03,1161820.74,8.51,418.77,0.9999,0.00,1
2021-06-04,1172445.16,7.98,422.60,0.9999,0.00,1
2021-06-07,1171307.82,8.51,422.19,0.9999,0.00,1
2021-06-08,1171557.48,8.51,422.28,0.9999,0.00,1
2021-06-09,1169809.86,8.51,421.65,0.9999,0.00,1
2021-06-10,1175246.90,8.51,423.61,0.9999,0.00,1
2021-06-11,1177188.70,7.98,424.31,0.9999,0.00,1
2021-06-14,1179824.00,7.98,425.26,0.9999,0.00,1
2021-06-15,1177660.28,7.98,424.48,0.9999,0.00,1
2021-06-16,1171085.90,7.98,422.11,0.9999,0.00,1
2021-06-17,1170697.54,7.98,421.97,0.9999,0.00,1
2021-06-18,1151140.84,5.53,414.92,0.9999,0.00,1
2021-06-21,1167618.40,7.98,420.86,0.9999,0.00,1
2021-06-22,1173859.90,7.98,423.11,0.9999,0.00,1
2021-06-23,1172445.16,7.98,422.60,0.9999,0.00,1
2021-06-24,1179380.16,7.98,425.10,0.9999,0.00,1
2021-06-25,1183568.90,7.98,426.61,0.9999,0.00,1
2021-06-28,1185954.54,7.98,427.47,0.9999,0.00,1
2021-06-29,1186592.56,7.98,427.70,0.9999,0.00,1
2021-06-30,1187591.20,7.98,428.06,0.9999,0.00,1
2021-07-01,1194165.58,7.98,430.43,0.9999,0.00,1
2021-07-02,1203292.04,7.98,433.72,0.9999,0.00,0
2021-07-06,1201100.58,7.98,432.93,0.9999,0.00,1
2021-07-07,1205344.80,7.98,434.46,0.9999,0.00,1
2021-07-08,1195524.84,7.98,430.92,0.9999,0.00,1
2021-07-09,1208285.24,8.51,435.52,0.9999,0.00,1
2021-07-12,1212612.68,8.51,437.08,0.9999,0.00,1
2021-07-13,1208479.42,8.51,435.59,0.9999,0.00,1
2021-07-14,1210282.52,8.51,436.24,0.9999,0.00,1
2021-07-15,1206149.26,8.51,434.75,0.9999,0.00,1
2021-07-16,1196689.92,8.51,431.34,0.9999,0.00,1
2021-07-19,1179019.54,7.13,424.97,0.9999,0.00,1
2021-07-20,1195913.20,8.51,431.06,0.9999,0.00,1
2021-07-21,1205594.46,8.51,434.55,0.9999,0.00,1
2021-07-22,1208118.80,8.51,435.46,0.9999,0.00,1
2021-07-23,1220546.32,8.51,439.94,0.9999,0.00,1
2021-07-26,1223542.24,8.51,441.02,0.9999,0.00,1
2021-07-27,1217966.50,8.51,439.01,0.9999,0.00,1
2021-07-28,1217467.18,8.51,438.83,0.9999,0.00,1
2021-07-29,1222515.86,7.66,440.65,0.9999,0.00,1
2021-07-30,1216579.50,9.79,438.51,0.9999,0.00,1
2021-08-02,1214027.42,9.79,437.59,0.9999,0.00,1
2021-08-03,1223902.86,8.94,441.15,0.9999,0.00,1
2021-08-04,1217883.28,8.94,438.98,0.9999,0.00,1
2021-08-05,1225595.00,9.79,441.76,0.9999,0.00,1
2021-08-06,1227620.02,9.79,442.49,0.9999,0.00,1
2021-08-09,1226621.38,9.79,442.13,0.9999,0.00,1
2021-08-10,1228147.08,9.79,442.68,0.9999,0.00,1
2021-08-11,1231198.48,9.79,443.78,0.9999,0.00,1
2021-08-12,1234887.90,8.94,445.11,0.9999,0.00,1
2021-08-13,1237134.84,8.94,445.92,0.9999,0.00,1
2021-08-16,1240047.54,9.79,446.97,0.9999,0.00,1
2021-08-17,1231919.72,9.79,444.04,0.9999,0.00,2
2021-08-18,1218438.08,8.4,439.18,0.9999,0.00,2
2021-08-19,1220324.40,8.4,439.86,0.9999,0.00,2
2021-08-20,1230033.40,9.79,443.36,0.9999,0.00,1
2021-08-23,1240852.00,9.79,447.26,0.9999,0.00,1
2021-08-24,1242821.54,9.79,447.97,0.9999,0.00,1
2021-08-25,1245429.10,9.79,448.91,0.9999,0.00,1
2021-08-26,1238078.00,9.26,446.26,0.9999,0.00,1
2021-08-27,1249146.26,9.26,450.25,0.9999,0.00,1
2021-08-30,1254638.78,9.26,452.23,0.9999,0.00,1
2021-08-31,1252780.20,9.26,451.56,0.9999,0.00,1
2021-09-01,1253445.96,9.26,451.80,0.9999,0.00,1
2021-09-02,1257301.82,9.26,453.19,0.9999,0.00,1
2021-09-03,1256996.68,9.26,453.08,0.9999,0.00,1
2021-09-07,1252502.80,7.98,451.46,0.9999,0.00,1
2021-09-08,1250977.10,7.98,450.91,0.9999,0.00,1
2021-09-09,1245623.28,7.98,448.98,0.9999,0.00,1
2021-09-10,1235803.32,7.66,445.44,0.9999,0.00,1
2021-09-13,1238965.68,7.98,446.58,0.9999,0.00,1
2021-09-14,1232280.34,6.91,444.17,0.9999,0.00,1
2021-09-15,1242571.88,7.98,447.88,0.9999,0.00,1
2021-09-16,1240602.34,7.98,447.17,0.9999,0.00,1
2021-09-17,1224596.36,5.53,441.40,0.9999,0.00,1
2021-09-20,1204179.72,5.32,434.04,0.9999,0.00,2
2021-09-21,1203042.38,5.53,433.63,0.9999,0.00,1
2021-09-22,1214776.40,6.6,437.86,0.9999,0.00,1
2021-09-23,1229534.08,7.98,443.18,0.9999,0.00,1
2021-09-24,1231559.10,7.98,443.91,0.9999,0.00,1
2021-09-27,1228036.12,7.98,442.64,0.9999,0.00,1
2021-09-28,1203292.04,5.53,433.72,0.9999,0.00,1
2021-09-29,1205317.06,5.53,434.45,0.9999,0.00,1
2021-09-30,1190587.12,5.53,429.14,0.9999,0.00,1
2021-10-01,1204734.52,6.6,434.24,0.9999,0.00,1
2021-10-04,1189200.12,5.53,428.64,0.9999,0.00,1
2021-10-05,1201572.16,6.6,433.10,0.9999,0.00,1
2021-10-06,1206565.36,6.6,434.90,0.9999,0.00,1
2021-10-07,1216995.60,7.98,438.66,0.9999,0.00,1
2021-10-08,1214776.40,7.77,437.86,0.9999,0.00,1
2021-10-11,1205982.82,6.6,434.69,0.9999,0.00,1
2021-10-12,1203014.64,6.91,433.62,0.9999,0.00,1
2021-10-13,1207342.08,6.91,435.18,0.9999,0.00,1
2021-10-14,1227647.76,7.98,442.50,0.9999,0.00,1
2021-10-15,1236996.14,7.77,445.87,0.9999,0.00,1
2021-10-18,1240657.82,7.77,447.19,0.9999,0.00,1
2021-10-19,1250228.12,7.98,450.64,0.9999,0.00,0
2021-10-20,1255138.10,7.98,452.41,0.9999,0.00,0
2021-10-21,1258411.42,8.51,453.59,0.9999,0.00,0
2021-10-22,1257107.64,8.51,453.12,0.9999,0.00,0
2021-10-25,1263848.46,8.51,455.55,0.9999,0.00,0
2021-10-26,1264985.80,8.51,455.96,0.9999,0.00,0
2021-10-27,1259382.32,8.51,453.94,0.9999,0.00,2
2021-10-28,1271532.44,8.51,458.32,0.9999,0.00,1
2021-10-29,1274112.26,7.98,459.25,0.9999,0.00,0
2021-11-01,1276303.72,7.98,460.04,0.9999,0.00,0
2021-11-02,1281463.36,7.98,461.90,0.9999,0.00,0
2021-11-03,1289286.04,7.98,464.72,0.9999,0.00,0
2021-11-04,1295361.10,7.98,466.91,0.9999,0.00,0
2021-11-05,1299854.98,8.51,468.53,0.9999,0.00,0
2021-11-08,1300964.58,8.51,468.93,0.9999,0.00,0
2021-11-09,1296664.88,7.98,467.38,0.9999,0.00,0
2021-11-10,1286234.64,8.51,463.62,0.9999,0.00,1
2021-11-11,1286650.74,8.51,463.77,0.9999,0.00,1
2021-11-12,1296359.74,8.51,467.27,0.9999,0.00,1
2021-11-15,1296803.58,8.51,467.43,0.9999,0.00,1
2021-11-16,1301935.48,8.51,469.28,0.9999,0.00,1
2021-11-17,1298773.12,8.51,468.14,0.9999,0.00,1
2021-11-18,1303183.78,8.51,469.73,0.9999,0.00,1
2021-11-19,1300853.62,7.98,468.89,0.9999,0.00,1
2021-11-22,1297191.94,8.51,467.57,0.9999,0.00,1
2021-11-23,1298911.82,8.51,468.19,0.9999,0.00,1
2021-11-24,1302379.32,8.51,469.44,0.9999,0.00,1
2021-11-26,1273335.54,5.85,458.97,0.9999,0.00,3
2021-11-29,1288953.16,8.19,464.60,0.9999,0.00,1
2021-11-30,1263876.20,7.13,455.56,0.9999,0.00,2
2021-12-01,1249839.76,6.81,450.50,0.9999,0.00,2
2021-12-02,1268980.36,8.19,457.40,0.9999,0.00,1
2021-12-03,1257939.84,7.87,453.42,0.9999,0.00,2
2021-12-06,1272836.22,8.19,458.79,0.9999,0.00,1
2021-12-07,1299161.48,9.47,468.28,0.9999,0.00,1
2021-12-08,1302601.24,9.79,469.52,0.9999,0.00,1
2021-12-09,1293807.66,8.94,466.35,0.9999,0.00,1
2021-12-10,1305985.52,9.79,470.74,0.9999,0.00,1
2021-12-13,1294417.94,8.94,466.57,0.9999,0.00,1
2021-12-14,1285513.40,9.47,463.36,0.9999,0.00,1
2021-12-15,1305597.16,9.26,470.60,0.9999,0.00,1
2021-12-16,1294085.06,8.94,466.45,0.9999,0.00,1
2021-12-17,1275832.14,7.66,459.87,0.9999,0.00,1
2021-12-20,1262267.28,6.6,454.98,0.9999,0.00,1
2021-12-21,1284681.20,7.66,463.06,0.9999,0.00,1
2021-12-22,1297524.82,7.98,467.69,0.9999,0.00,1
2021-12-23,1305597.16,7.98,470.60,0.9999,0.00,2
2021-12-27,1324072.00,7.98,477.26,0.9999,0.00,1
2021-12-28,1322990.14,7.98,476.87,0.9999,0.00,1
2021-12-29,1324682.28,7.98,477.48,0.9999,0.00,1
2021-12-30,1321020.60,7.98,476.16,0.9999,0.00,2
2021-12-31,1317691.80,7.98,474.96,0.9999,0.00,2
2022-01-03,1325320.30,7.98,477.71,0.9999,0.00,2
2022-01-04,1324876.46,7.98,477.55,0.9999,0.00,2
2022-01-05,1299438.88,7.98,468.38,0.9999,0.00,2
2022-01-06,1298218.32,7.98,467.94,0.9999,0.00,2
2022-01-07,1293086.42,7.98,466.09,0.9999,0.00,2
2022-01-10,1291477.50,7.98,465.51,0.9999,0.00,2
2022-01-11,1303239.26,7.98,469.75,0.9999,0.00,2
2022-01-12,1306762.24,8.51,471.02,0.9999,0.00,2
2022-01-13,1288758.98,7.13,464.53,0.9999,0.00,2
2022-01-14,1289286.04,7.45,464.72,0.9999,0.00,1
2022-01-18,1266456.02,6.06,456.49,0.9999,0.00,1
2022-01-19,1253307.26,6.06,451.75,0.9999,0.00,1
2022-01-20,1239437.26,5.85,446.75,0.9999,0.00,2
2022-01-21,1215109.28,7.13,437.98,0.9999,0.00,2
2022-01-24,1220268.92,7.13,439.84,0.9999,0.00,2
2022-01-25,1205372.54,6.81,434.47,0.9999,0.00,3
2022-01-26,1202348.88,5.96,433.38,0.9999,0.00,3
2022-01-27,1196412.52,6.81,431.24,0.9999,0.00,3
2022-01-28,1226122.06,8.19,441.95,0.9999,0.00,1
2022-01-31,1248203.10,7.55,449.91,0.9999,0.00,1
2022-02-01,1256636.06,8.62,452.95,0.9999,0.00,1
2022-02-02,1268841.66,8.62,457.35,0.9999,0.00,1
2022-02-03,1239021.16,8.4,446.60,0.9999,0.00,1
2022-02-04,1244846.56,8.62,448.70,0.9999,0.00,1
2022-02-07,1240852.00,8.4,447.26,0.9999,0.00,1
2022-02-08,1251060.32,9.47,450.94,0.9999,0.00,1
2022-02-09,1269368.72,9.57,457.54,0.9999,0.00,1
2022-02-10,1246566.44,9.26,449.32,0.9999,0.00,1
2022-02-11,1221988.80,7.98,440.46,0.9999,0.00,2
2022-02-14,1217994.24,7.98,439.02,0.9999,0.00,2
2022-02-15,1237634.16,9.04,446.10,0.9999,0.00,1
2022-02-16,1239021.16,9.26,446.60,0.9999,0.00,1
2022-02-17,1212557.20,7.98,437.06,0.9999,0.00,2
2022-02-18,1204706.78,8.19,434.23,0.9999,0.00,2
2022-02-22,1191779.94,7.13,429.57,0.9999,0.00,2
2022-02-23,1170642.06,6.28,421.95,0.9999,0.00,2
2022-02-24,1188256.96,7.87,428.30,0.9999,0.00,2
2022-02-25,1214471.26,8.72,437.75,0.9999,0.00,1
2022-02-28,1211364.38,7.34,436.63,0.9999,0.00,2
2022-03-01,1192917.28,7.34,429.98,0.9999,0.00,2
2022-03-02,1214859.62,8.4,437.89,0.9999,0.00,1
2022-03-03,1208812.30,7.34,435.71,0.9999,0.00,1
2022-03-04,1198992.34,7.34,432.17,0.9999,0.00,2
2022-03-07,1163651.58,6.28,419.43,0.9999,0.00,2
2022-03-08,1154830.26,6.28,416.25,0.9999,0.00,2
2022-03-09,1185788.10,7.34,427.41,0.9999,0.00,1
2022-03-10,1180434.28,7.34,425.48,0.9999,0.00,1
2022-03-11,1165426.94,7.34,420.07,0.9999,0.00,1
2022-03-14,1156910.76,6.28,417.00,0.9999,0.00,1
2022-03-15,1182348.34,8.19,426.17,0.9999,0.00,1
2022-03-16,1208562.64,8.83,435.62,0.9999,0.00,1
2022-03-17,1223680.94,8.83,441.07,0.9999,0.00,0
2022-03-18,1233251.24,9.04,444.52,0.9999,0.00,0
2022-03-21,1232890.62,9.04,444.39,0.9999,0.00,0
2022-03-22,1247315.42,9.04,449.59,0.9999,0.00,0
2022-03-23,1231253.96,9.04,443.80,0.9999,0.00,1
2022-03-24,1249812.02,9.26,450.49,0.9999,0.00,0
2022-03-25,1255914.82,9.47,452.69,0.9999,0.00,0
2022-03-28,1264847.10,9.79,455.91,0.9999,0.00,0
2022-03-29,1280492.46,9.79,461.55,0.9999,0.00,0
2022-03-30,1272586.56,9.79,458.70,0.9999,0.00,0
2022-03-31,1253002.12,9.47,451.64,0.9999,0.00,1
2022-04-01,1256552.84,9.79,452.92,0.9999,0.00,1
2022-04-04,1267315.96,9.79,456.80,0.9999,0.00,0
2022-04-05,1251309.98,9.47,451.03,0.9999,0.00,1
2022-04-06,1238799.24,9.47,446.52,0.9999,0.00,1
2022-04-07,1245040.74,9.47,448.77,0.9999,0.00,1
2022-04-08,1241711.94,9.47,447.57,0.9999,0.00,1
2022-04-11,1220490.84,8.4,439.92,0.9999,0.00,1
2022-04-12,1215969.22,8.4,438.29,0.9999,0.00,1
2022-04-13,1229894.70,8.4,443.31,0.9999,0.00,1
2022-04-14,1214582.22,7.34,437.79,0.9999,0.00,1
2022-04-18,1215081.54,7.34,437.97,0.9999,0.00,1
2022-04-19,1234693.72,8.4,445.04,0.9999,0.00,1
2022-04-20,1233778.30,8.4,444.71,0.9999,0.00,1
2022-04-21,1215331.20,7.34,438.06,0.9999,0.00,1
2022-04-22,1181987.72,7.13,426.04,0.9999,0.00,2
2022-04-25,1188839.50,6.6,428.51,0.9999,0.00,2
2022-04-26,1154414.16,6.81,416.10,0.9999,0.00,2
2022-04-27,1157659.74,6.81,417.27,0.9999,0.00,1
2022-04-28,1186897.70,8.19,427.81,0.9999,0.00,1
2022-04-29,1143040.76,6.81,412.00,0.9999,0.00,2
2022-05-02,1149920.28,6.81,414.48,0.9999,0.00,2
2022-05-03,1155190.88,6.6,416.38,0.9999,0.00,1
2022-05-04,1190365.20,9.04,429.06,0.9999,0.00,1
2022-05-05,1148061.70,6.81,413.81,0.9999,0.00,1
2022-05-06,1141209.92,6.81,411.34,0.9999,0.00,1
2022-05-09,1104676.34,6.81,398.17,0.9999,0.00,3
2022-05-10,1107228.42,6.81,399.09,0.9999,0.00,1
2022-05-11,1089641.26,6.81,392.75,0.9999,0.00,2
2022-05-12,1088503.92,6.81,392.34,0.9999,0.00,2
2022-05-13,1114524.04,8.19,401.72,0.9999,0.00,1
2022-05-16,1110002.42,7.98,400.09,0.9999,0.00,1
2022-05-17,1132832.44,7.77,408.32,0.9999,0.00,1
2022-05-18,1087172.40,6.81,391.86,0.9999,0.00,1
2022-05-19,1080514.80,7.13,389.46,0.9999,0.00,1
2022-05-20,1080986.38,7.13,389.63,0.9999,0.00,2
2022-05-23,1101208.84,8.19,396.92,0.9999,0.00,1
2022-05-24,1092803.62,8.19,393.89,0.9999,0.00,2
2022-05-25,1102457.14,7.34,397.37,0.9999,0.00,1
2022-05-26,1124482.70,7.34,405.31,0.9999,0.00,1
2022-05-27,1152084.00,8.83,415.26,0.9999,0.00,0
2022-05-31,1145620.58,8.83,412.93,0.9999,0.00,1
2022-06-01,1136355.42,8.83,409.59,0.9999,0.00,1
2022-06-02,1157992.62,9.26,417.39,0.9999,0.00,0
2022-06-03,1138990.72,9.04,410.54,0.9999,0.00,1
2022-06-06,1142458.22,8.83,411.79,0.9999,0.00,1
2022-06-07,1153415.52,9.04,415.74,0.9999,0.00,1
2022-06-08,1140877.04,9.26,411.22,0.9999,0.00,1
2022-06-09,1113747.32,7.77,401.44,0.9999,0.00,2
2022-06-10,1081457.96,6.7,389.80,0.9999,0.00,2
2022-06-13,1040402.76,6.81,375.00,0.9999,0.00,3
2022-06-14,1037268.14,5.96,373.87,0.9999,0.00,3
2022-06-15,1052053.56,7.13,379.20,0.9999,0.00,1
2022-06-16,1017239.86,6.81,366.65,0.9998,0.00,3
2022-06-17,1015048.40,6.81,365.86,0.9998,0.00,2
2022-06-21,1040596.94,7.87,375.07,0.9999,0.00,1
2022-06-22,1038710.62,8.19,374.39,0.9999,0.00,1
2022-06-23,1048891.20,8.19,378.06,0.9999,0.00,1
2022-06-24,1082234.68,9.26,390.08,0.9999,0.00,1
2022-06-27,1078101.42,9.26,388.59,0.9999,0.00,1
2022-06-28,1056075.86,8.19,380.65,0.9999,0.00,1
2022-06-29,1055215.92,8.19,380.34,0.9999,0.00,1
2022-06-30,1046644.26,8.19,377.25,0.9999,0.00,1
2022-07-01,1057712.52,7.98,381.24,0.9999,0.00,1
2022-07-05,1059709.80,7.77,381.96,0.9999,0.00,1
2022-07-06,1063288.26,7.77,383.25,0.9999,0.00,1
2022-07-07,1079211.02,8.83,388.99,0.9999,0.00,1
2022-07-08,1078323.34,9.47,388.67,0.9999,0.00,1
2022-07-11,1066006.78,9.26,384.23,0.9999,0.00,1
2022-07-12,1056575.18,8.83,380.83,0.9999,0.00,1
2022-07-13,1051027.18,8.83,378.83,0.9999,0.00,2
2022-07-14,1048475.10,8.83,377.91,0.9999,0.00,2
2022-07-15,1068503.38,9.47,385.13,0.9999,0.00,1
2022-07-18,1059682.06,9.04,381.95,0.9999,0.00,1
2022-07-19,1088309.74,9.04,392.27,0.9999,0.00,1
2022-07-20,1095244.74,9.04,394.77,0.9999,0.00,0
2022-07-21,1106396.22,9.47,398.79,0.9999,0.00,0
2022-07-22,1096132.42,9.47,395.09,0.9999,0.00,1
2022-07-25,1097463.94,9.47,395.57,0.9999,0.00,1
2022-07-26,1084481.62,9.26,390.89,0.9999,0.00,1
2022-07-27,1112637.72,9.47,401.04,0.9999,0.00,0
2022-07-28,1126590.94,9.47,406.07,0.9999,0.00,0
2022-07-29,1143013.02,9.47,411.99,0.9999,0.00,0
2022-08-01,1139628.74,9.47,410.77,0.9999,0.00,0
2022-08-02,1132111.20,9.47,408.06,0.9999,0.00,0
2022-08-03,1149837.06,9.47,414.45,0.9999,0.00,0
2022-08-04,1149060.34,9.47,414.17,0.9999,0.00,0
2022-08-05,1147118.54,8.94,413.47,0.9999,0.00,0
2022-08-08,1145787.02,8.94,412.99,0.9999,0.00,0
2022-08-09,1141237.66,8.94,411.35,0.9999,0.00,0
2022-08-10,1165205.02,9.26,419.99,0.9999,0.00,0
2022-08-11,1165205.02,8.94,419.99,0.9999,0.00,0
2022-08-12,1184928.16,9.26,427.10,0.9999,0.00,0
2022-08-15,1189810.40,9.26,428.86,0.9999,0.00,0
2022-08-16,1192140.56,9.26,429.70,0.9999,0.00,0
2022-08-17,1183679.86,9.26,426.65,0.9999,0.00,0
2022-08-18,1187119.62,9.26,427.89,0.9999,0.00,0
2022-08-19,1171169.12,8.94,422.14,0.9999,0.00,1
2022-08-22,1146785.66,8.72,413.35,0.9999,0.00,1
2022-08-23,1144011.66,7.66,412.35,0.9999,0.00,1
2022-08-24,1147673.34,7.66,413.67,0.9999,0.00,1
2022-08-25,1163873.50,8.94,419.51,0.9999,0.00,1
2022-08-26,1124482.70,6.91,405.31,0.9999,0.00,2
2022-08-29,1117048.38,6.91,402.63,0.9999,0.00,2
2022-08-30,1104787.30,7.13,398.21,0.9999,0.00,3
2022-08-31,1096382.08,7.13,395.18,0.9999,0.00,3
2022-09-01,1099821.84,7.13,396.42,0.9999,0.00,3
2022-09-02,1088226.52,7.13,392.24,0.9999,0.00,2
2022-09-06,1084121.00,7.13,390.76,0.9999,0.00,3
2022-09-07,1103594.48,8.4,397.78,0.9999,0.00,1
2022-09-08,1110806.88,8.4,400.38,0.9999,0.00,1
2022-09-09,1128061.16,8.4,406.60,0.9999,0.00,1
2022-09-12,1140183.54,9.26,410.97,0.9999,0.00,1
2022-09-13,1090612.16,7.13,393.10,0.9999,0.00,2
2022-09-14,1094773.16,8.19,394.60,0.9999,0.00,2
2022-09-15,1082345.64,7.13,390.12,0.9999,0.00,2
2022-09-16,1069696.20,7.13,385.56,0.9999,0.00,2
2022-09-19,1077990.46,6.6,388.55,0.9999,0.00,1
2022-09-20,1065618.42,6.38,384.09,0.9999,0.00,1
2022-09-21,1047032.62,6.38,377.39,0.9999,0.00,2
2022-09-22,1038239.04,6.17,374.22,0.9999,0.00,2
2022-09-23,1020846.06,5.32,367.95,0.9999,0.00,3
2022-09-26,1010748.70,5.0,364.31,0.9998,0.00,3
2022-09-27,1008168.88,5.0,363.38,0.9998,0.00,3
2022-09-28,1028002.98,6.06,370.53,0.9999,0.00,1
2022-09-29,1006532.22,5.0,362.79,0.9998,0.00,2
2022-09-30,990970.08,5.0,357.18,0.9998,0.00,3
2022-10-03,1017128.90,6.06,366.61,0.9998,0.00,1
2022-10-04,1048641.54,6.38,377.97,0.9999,0.00,1
2022-10-05,1046200.42,6.38,377.09,0.9999,0.00,1
2022-10-06,1035409.56,5.64,373.20,0.9999,0.00,1
2022-10-07,1006532.22,5.0,362.79,0.9998,0.00,1
2022-10-10,998848.24,5.0,360.02,0.9998,0.00,2
2022-10-11,992523.52,5.0,357.74,0.9998,0.00,2
2022-10-12,989250.20,5.0,356.56,0.9998,0.00,2
2022-10-13,1015353.54,5.85,365.97,0.9998,0.00,1
2022-10-14,992218.38,5.11,357.63,0.9998,0.00,2
2022-10-17,1017711.44,6.17,366.82,0.9998,0.00,1
2022-10-18,1029667.38,7.23,371.13,0.9999,0.00,1
2022-10-19,1022371.76,6.7,368.50,0.9999,0.00,1
2022-10-20,1013800.10,6.49,365.41,0.9998,0.00,1
2022-10-21,1038433.22,7.55,374.29,0.9999,0.00,1
2022-10-24,1051138.14,7.02,378.87,0.9999,0.00,0
2022-10-25,1067920.84,7.02,384.92,0.9999,0.00,0
2022-10-26,1059876.24,7.02,382.02,0.9999,0.00,0
2022-10-27,1054217.28,7.45,379.98,0.9999,0.00,1
2022-10-28,1079294.24,7.45,389.02,0.9999,0.00,0
2022-10-31,1071499.30,7.45,386.21,0.9999,0.00,0
2022-11-01,1066811.24,7.45,384.52,0.9999,0.00,0
2022-11-02,1040042.14,7.98,374.87,0.9999,0.00,1
2022-11-03,1029334.50,6.49,371.01,0.9999,0.00,1
2022-11-04,1044147.66,8.19,376.35,0.9999,0.00,1
2022-11-07,1054134.06,7.77,379.95,0.9999,0.00,1
2022-11-08,1059820.76,7.98,382.00,0.9999,0.00,1
2022-11-09,1037989.38,9.04,374.13,0.9999,0.00,2
2022-11-10,1095022.82,9.47,394.69,0.9999,0.00,0
2022-11-11,1105619.50,9.47,398.51,0.9999,0.00,0
2022-11-14,1096215.64,9.47,395.12,0.9999,0.00,0
2022-11-15,1105564.02,9.47,398.49,0.9999,0.00,0
2022-11-16,1097131.06,9.47,395.45,0.9999,0.00,0
2022-11-17,1093774.52,9.26,394.24,0.9999,0.00,0
2022-11-18,1098739.98,9.47,396.03,0.9999,0.00,0
2022-11-21,1094745.42,9.47,394.59,0.9999,0.00,1
2022-11-22,1109475.36,9.47,399.90,0.9999,0.00,0
2022-11-23,1116465.84,9.47,402.42,0.9999,0.00,0
2022-11-25,1116216.18,9.47,402.33,0.9999,0.00,0
2022-11-28,1098407.10,9.47,395.91,0.9999,0.00,1
2022-11-29,1096520.78,9.47,395.23,0.9999,0.00,1
2022-11-30,1131057.08,9.47,407.68,0.9999,0.00,0
2022-12-01,1130224.88,9.79,407.38,0.9999,0.00,0
2022-12-02,1128921.10,9.79,406.91,0.9999,0.00,0
2022-12-05,1108615.42,9.26,399.59,0.9999,0.00,1
2022-12-06,1092637.18,9.26,393.83,0.9999,0.00,1
2022-12-07,1090778.60,9.26,393.16,0.9999,0.00,1
2022-12-08,1099322.52,8.19,396.24,0.9999,0.00,1
2022-12-09,1091111.48,7.13,393.28,0.9999,0.00,1
2022-12-12,1106840.06,7.98,398.95,0.9999,0.00,1
2022-12-13,1115217.54,9.47,401.97,0.9999,0.00,1
2022-12-14,1108088.36,8.19,399.40,0.9999,0.00,1
2022-12-15,1080986.38,7.13,389.63,0.9999,0.00,2
2022-12-16,1063343.74,7.13,383.27,0.9999,0.00,2
2022-12-19,1054328.24,7.13,380.02,0.9999,0.00,2
2022-12-20,1055770.72,7.34,380.54,0.9999,0.00,2
2022-12-21,1071554.78,8.4,386.23,0.9999,0.00,2
2022-12-22,1056270.04,7.34,380.72,0.9999,0.00,2
2022-12-23,1062345.10,8.4,382.91,0.9999,0.00,2
2022-12-27,1058156.36,7.13,381.40,0.9999,0.00,2
2022-12-28,1045007.60,7.34,376.66,0.9999,0.00,1
2022-12-29,1063815.32,8.4,383.44,0.9999,0.00,1
2022-12-30,1061013.58,8.4,382.43,0.9999,0.00,1
2023-01-03,1056547.44,8.4,380.82,0.9999,0.00,1
2023-01-04,1064703.00,8.4,383.76,0.9999,0.00,1
2023-01-05,1052552.88,8.4,379.38,0.9999,0.00,1
2023-01-06,1076686.68,9.04,388.08,0.9999,0.00,1
2023-01-09,1076076.40,9.04,387.86,0.9999,0.00,1
2023-01-10,1083621.68,9.26,390.58,0.9999,0.00,1
2023-01-11,1097325.24,9.47,395.52,0.9999,0.00,0
2023-01-12,1101319.80,9.79,396.96,0.9999,0.00,0
2023-01-13,1105591.76,9.79,398.50,0.9999,0.00,0
2023-01-17,1103566.74,9.79,397.77,0.9999,0.00,1
2023-01-18,1086146.02,9.47,391.49,0.9999,0.00,1
2023-01-19,1078240.12,9.47,388.64,0.9999,0.00,1
2023-01-20,1098323.88,9.79,395.88,0.9999,0.00,1
2023-01-23,1111500.38,9.79,400.63,0.9999,0.00,0
2023-01-24,1110307.56,9.79,400.20,0.9999,0.00,0
2023-01-25,1110723.66,9.79,400.35,0.9999,0.00,1
2023-01-26,1122929.26,9.79,404.75,0.9999,0.00,0
2023-01-27,1125509.08,9.79,405.68,0.9999,0.00,0
2023-01-30,1111389.42,9.79,400.59,0.9999,0.00,1
2023-01-31,1127728.28,9.79,406.48,0.9999,0.00,0
2023-02-01,1139711.96,9.79,410.80,0.9999,0.00,0
2023-02-02,1156300.48,9.79,416.78,0.9999,0.00,0
2023-02-03,1144011.66,9.79,412.35,0.9999,0.00,0
2023-02-06,1137021.18,9.79,409.83,0.9999,0.00,1
2023-02-07,1151889.82,9.79,415.19,0.9999,0.00,0
2023-02-08,1139295.86,9.79,410.65,0.9999,0.00,1
2023-02-09,1129420.42,9.47,407.09,0.9999,0.00,1
2023-02-10,1132055.72,9.47,408.04,0.9999,0.00,1
2023-02-13,1145343.18,9.47,412.83,0.9999,0.00,1
2023-02-14,1144816.12,9.79,412.64,0.9999,0.00,1
2023-02-15,1148533.28,9.79,413.98,0.9999,0.00,1
2023-02-16,1132721.48,9.47,408.28,0.9999,0.00,1
2023-02-17,1129892.00,7.87,407.26,0.9999,0.00,1
2023-02-21,1107228.42,7.34,399.09,0.9999,0.00,1
2023-02-22,1105702.72,7.34,398.54,0.9999,0.00,1
2023-02-23,1111583.60,8.4,400.66,0.9999,0.00,1
2023-02-24,1099710.88,7.34,396.38,0.9999,0.00,1
2023-02-27,1103455.78,7.34,397.73,0.9999,0.00,1
2023-02-28,1099378.00,7.34,396.26,0.9999,0.00,1
2023-03-01,1095161.52,7.34,394.74,0.9999,0.00,1
2023-03-02,1103677.70,8.72,397.81,0.9999,0.00,1
2023-03-03,1121375.82,9.79,404.19,0.9999,0.00,1
2023-03-06,1122152.54,9.79,404.47,0.9999,0.00,1
2023-03-07,1104953.74,8.72,398.27,0.9999,0.00,1
2023-03-08,1106756.84,8.72,398.92,0.9999,0.00,1
2023-03-09,1086340.20,7.34,391.56,0.9999,0.00,1
2023-03-10,1070667.10,7.34,385.91,0.9999,0.00,1
2023-03-13,1069141.40,7.13,385.36,0.9999,0.00,2
2023-03-14,1086811.78,8.4,391.73,0.9999,0.00,1
2023-03-15,1080015.48,8.19,389.28,0.9999,0.00,2
2023-03-16,1098961.90,9.04,396.11,0.9999,0.00,1
2023-03-17,1081985.02,7.98,389.99,0.9999,0.00,2
2023-03-20,1092387.52,9.04,393.74,0.9999,0.00,1
2023-03-21,1106729.10,9.04,398.91,0.9999,0.00,1
2023-03-22,1087865.90,7.98,392.11,0.9999,0.00,1
2023-03-23,1090806.34,8.19,393.17,0.9999,0.00,1
2023-03-24,1097963.26,9.47,395.75,0.9999,0.00,1
2023-03-27,1100016.02,9.04,396.49,0.9999,0.00,1
2023-03-28,1097547.16,8.83,395.60,0.9999,0.00,1
2023-03-29,1113497.66,9.36,401.35,0.9999,0.00,1
2023-03-30,1120016.56,9.79,403.70,0.9999,0.00,1
2023-03-31,1135800.62,9.79,409.39,0.9999,0.00,1
2023-04-03,1140128.06,9.26,410.95,0.9999,0.00,1
2023-04-04,1133803.34,9.79,408.67,0.9999,0.00,1
2023-04-05,1130835.16,9.79,407.60,0.9999,0.00,2
2023-04-06,1135245.82,9.26,409.19,0.9999,0.00,2
2023-04-10,1136410.90,9.26,409.61,0.9999,0.00,2
2023-04-11,1136716.04,9.79,409.72,0.9999,0.00,2
2023-04-12,1132083.46,9.79,408.05,0.9999,0.00,1
2023-04-13,1147118.54,9.26,413.47,0.9999,0.00,0
2023-04-14,1144316.80,9.26,412.46,0.9999,0.00,1
2023-04-17,1148422.32,9.26,413.94,0.9999,0.00,1
2023-04-18,1149171.30,9.26,414.21,0.9999,0.00,1
2023-04-19,1148977.12,9.26,414.14,0.9999,0.00,1
2023-04-20,1142707.88,9.26,411.88,0.9999,0.00,1
2023-04-21,1143595.56,9.26,412.20,0.9999,0.00,1
2023-04-24,1144788.38,7.98,412.63,0.9999,0.00,1
2023-04-25,1126618.68,7.98,406.08,0.9999,0.00,1
2023-04-26,1121847.40,6.91,404.36,0.9999,0.00,1
2023-04-27,1144178.10,7.98,412.41,0.9999,0.00,1
2023-04-28,1153942.58,7.98,415.93,0.9999,0.00,1
2023-05-01,1152777.50,7.98,415.51,0.9999,0.00,1
2023-05-02,1139822.92,7.98,410.84,0.9999,0.00,1
2023-05-03,1132000.24,6.91,408.02,0.9999,0.00,1
2023-05-04,1123983.38,5.53,405.13,0.9999,0.00,1
2023-05-05,1144788.38,9.79,412.63,0.9999,0.00,1
2023-05-08,1145093.52,9.26,412.74,0.9999,0.00,1
2023-05-09,1140072.58,9.79,410.93,0.9999,0.00,1
2023-05-10,1145398.66,9.79,412.85,0.9999,0.00,1
2023-05-11,1143401.38,9.79,412.13,0.9999,0.00,1
2023-05-12,1141903.42,9.79,411.59,0.9999,0.00,1
2023-05-15,1145842.50,9.79,413.01,0.9999,0.00,1
2023-05-16,1138186.26,9.79,410.25,0.9999,0.00,1
2023-05-17,1152000.78,9.79,415.23,0.9999,0.00,1
2023-05-18,1163096.78,9.79,419.23,0.9999,0.00,1
2023-05-19,1161404.64,9.79,418.62,0.9999,0.00,1
2023-05-22,1161876.22,9.79,418.79,0.9999,0.00,1
2023-05-23,1148838.42,9.79,414.09,0.9999,0.00,1
2023-05-24,1140516.42,8.4,411.09,0.9999,0.00,1
2023-05-25,1150391.86,9.79,414.65,0.9999,0.00,1
2023-05-26,1165288.24,9.79,420.02,0.9999,0.00,1
2023-05-30,1165732.08,9.79,420.18,0.9999,0.00,1
2023-05-31,1159268.66,9.79,417.85,0.9999,0.00,1
2023-06-01,1170281.44,9.79,421.82,0.9999,0.00,1
2023-06-02,1187202.84,10.0,427.92,0.9999,0.00,0
2023-06-05,1184928.16,10.0,427.10,0.9999,0.00,0
2023-06-06,1187507.98,10.0,428.03,0.9999,0.00,0
2023-06-07,1183402.46,10.0,426.55,0.9999,0.00,1
2023-06-08,1190559.38,10.0,429.13,0.9999,0.00,0
2023-06-09,1192695.36,10.0,429.90,0.9999,0.00,0
2023-06-12,1203513.96,9.79,433.80,0.9999,0.00,0
2023-06-13,1211447.60,10.0,436.66,0.9999,0.00,0
2023-06-14,1212890.08,10.0,437.18,0.9999,0.00,0
2023-06-15,1227925.16,10.0,442.60,0.9999,0.00,0
2023-06-16,1219214.80,10.0,439.46,0.9999,0.00,0
2023-06-20,1212890.08,10.0,437.18,0.9999,0.00,1
2023-06-21,1206676.32,10.0,434.94,0.9999,0.00,1
2023-06-22,1211031.50,10.0,436.51,0.9999,0.00,1
2023-06-23,1201877.30,10.0,433.21,0.9999,0.00,1
2023-06-26,1196967.32,10.0,431.44,0.9999,0.00,1
2023-06-27,1210088.34,10.0,436.17,0.9999,0.00,1
2023-06-28,1210698.62,10.0,436.39,0.9999,0.00,1
2023-06-29,1215469.90,10.0,438.11,0.9999,0.00,1
2023-06-30,1229811.48,10.0,443.28,0.9999,0.00,0
2023-07-03,1231226.22,10.0,443.79,0.9999,0.00,0
2023-07-05,1229395.38,10.0,443.13,0.9999,0.00,1
2023-07-06,1219769.60,9.79,439.66,0.9999,0.00,1
2023-07-07,1216690.46,10.0,438.55,0.9999,0.00,1
2023-07-10,1219769.60,9.79,439.66,0.9999,0.00,1
2023-07-11,1227536.80,10.0,442.46,0.9999,0.00,1
2023-07-12,1237412.24,10.0,446.02,0.9999,0.00,1
2023-07-13,1247232.20,10.0,449.56,0.9999,0.00,0
2023-07-14,1246455.48,10.0,449.28,0.9999,0.00,0
2023-07-17,1250782.92,9.47,450.84,0.9999,0.00,0
2023-07-18,1260075.82,9.47,454.19,0.9999,0.00,0
2023-07-19,1262877.56,9.47,455.20,0.9999,0.00,0
2023-07-20,1254500.08,10.0,452.18,0.9999,0.00,1
2023-07-21,1254500.08,10.0,452.18,0.9999,0.00,1
2023-07-24,1260103.56,9.47,454.20,0.9999,0.00,1
2023-07-25,1263543.32,9.47,455.44,0.9999,0.00,1
2023-07-26,1263737.50,9.47,455.51,0.9999,0.00,1
2023-07-27,1255360.02,9.47,452.49,0.9999,0.00,1
2023-07-28,1267648.84,9.47,456.92,0.9999,0.00,1
2023-07-31,1270062.22,9.47,457.79,0.9999,0.00,1
2023-08-01,1266428.28,9.47,456.48,0.9999,0.00,1
2023-08-02,1248813.38,9.26,450.13,0.9999,0.00,1
2023-08-03,1245234.92,7.98,448.84,0.9999,0.00,1
2023-08-04,1239603.70,6.91,446.81,0.9999,0.00,1
2023-08-07,1250422.30,7.98,450.71,0.9999,0.00,1
2023-08-08,1244985.26,6.91,448.75,0.9999,0.00,1
2023-08-09,1236663.26,5.85,445.75,0.9999,0.00,1
2023-08-10,1237107.10,5.85,445.91,0.9999,0.00,1
2023-08-11,1236385.86,6.06,445.65,0.9999,0.00,1
2023-08-14,1243209.90,7.13,448.11,0.9999,0.00,1
2023-08-15,1228729.62,5.85,442.89,0.9999,0.00,1
2023-08-16,1219714.12,5.85,439.64,0.9999,0.00,1
2023-08-17,1210421.22,6.38,436.29,0.9999,0.00,1
2023-08-18,1211003.76,6.38,436.50,0.9999,0.00,1
2023-08-21,1218881.92,8.72,439.34,0.9999,0.00,1
2023-08-22,1215580.86,8.72,438.15,0.9999,0.00,1
2023-08-23,1229117.98,8.72,443.03,0.9999,0.00,1
2023-08-24,1212085.62,7.66,436.89,0.9999,0.00,1
2023-08-25,1220629.54,8.72,439.97,0.9999,0.00,1
2023-08-28,1228369.00,8.72,442.76,0.9999,0.00,1
2023-08-29,1246122.60,10.0,449.16,0.9999,0.00,1
2023-08-30,1251254.50,10.0,451.01,0.9999,0.00,1
2023-08-31,1249423.66,10.0,450.35,0.9999,0.00,1
2023-09-01,1251753.82,10.0,451.19,0.9999,0.00,1
2023-09-05,1246344.52,10.0,449.24,0.9999,0.00,1
2023-09-06,1237967.04,8.19,446.22,0.9999,0.00,1
2023-09-07,1234166.66,8.72,444.85,0.9999,0.00,1
2023-09-08,1236025.24,8.19,445.52,0.9999,0.00,1
2023-09-11,1244153.06,8.72,448.45,0.9999,0.00,1
2023-09-12,1237329.02,8.19,445.99,0.9999,0.00,1
2023-09-13,1238771.50,8.72,446.51,0.9999,0.00,1
2023-09-14,1249451.40,9.47,450.36,0.9999,0.00,1
2023-09-15,1230061.14,9.47,443.37,0.9999,0.00,1
2023-09-18,1230782.38,9.47,443.63,0.9999,0.00,1
2023-09-19,1228230.30,8.94,442.71,0.9999,0.00,1
2023-09-20,1216940.12,8.72,438.64,0.9999,0.00,1
2023-09-21,1196828.62,7.66,431.39,0.9999,0.00,1
2023-09-22,1194137.84,7.66,430.42,0.9999,0.00,1
2023-09-25,1199158.78,7.66,432.23,0.9999,0.00,1
2023-09-26,1181543.88,7.66,425.88,0.9999,0.00,1
2023-09-27,1182015.46,7.66,426.05,0.9999,0.00,1
2023-09-28,1188867.24,8.72,428.52,0.9999,0.00,1
2023-09-29,1185982.28,7.66,427.48,0.9999,0.00,1
2023-10-02,1185510.70,7.66,427.31,0.9999,0.00,1
2023-10-03,1169643.42,7.66,421.59,0.9999,0.00,1
2023-10-04,1178159.60,8.72,424.66,0.9999,0.00,1
2023-10-05,1177715.76,8.72,424.50,0.9999,0.00,1
2023-10-06,1191696.72,8.72,429.54,0.9999,0.00,1
2023-10-09,1199325.22,8.72,432.29,0.9999,0.00,1
2023-10-10,1205566.72,9.79,434.54,0.9999,0.00,1
2023-10-11,1210504.44,9.57,436.32,0.9999,0.00,1
2023-10-12,1203125.60,9.57,433.66,0.9999,0.00,1
2023-10-13,1197133.76,9.57,431.50,0.9999,0.00,1
2023-10-16,1209727.72,9.79,436.04,0.9999,0.00,1
2023-10-17,1209672.24,9.79,436.02,0.9999,0.00,1
2023-10-18,1193555.30,9.57,430.21,0.9999,0.00,1
2023-10-19,1183069.58,8.19,426.43,0.9999,0.00,1
2023-10-20,1168533.82,7.34,421.19,0.9999,0.00,1
2023-10-23,1166508.80,6.81,420.46,0.9999,0.00,1
2023-10-24,1175302.38,8.51,423.63,0.9999,0.00,1
2023-10-25,1158436.46,7.34,417.55,0.9999,0.00,1
2023-10-26,1144566.46,7.34,412.55,0.9999,0.00,1
2023-10-27,1139379.08,7.34,410.68,0.9999,0.00,1
2023-10-30,1152999.42,8.72,415.59,0.9999,0.00,1
2023-10-31,1160239.56,8.19,418.20,0.9999,0.00,1
2023-11-01,1172611.60,9.79,422.66,0.9999,0.00,1
2023-11-02,1195081.00,9.04,430.76,0.9999,0.00,1
2023-11-03,1205982.82,9.04,434.69,0.9999,0.00,0
2023-11-06,1208756.82,9.79,435.69,0.9999,0.00,0
2023-11-07,1212196.58,9.79,436.93,0.9999,0.00,0
2023-11-08,1213084.26,9.79,437.25,0.9999,0.00,0
2023-11-09,1203624.92,9.79,433.84,0.9999,0.00,1
2023-11-10,1222404.90,10.0,440.61,0.9999,0.00,0
2023-11-13,1221239.82,10.0,440.19,0.9999,0.00,0
2023-11-14,1244929.78,10.0,448.73,0.9999,0.00,0
2023-11-15,1247565.08,10.0,449.68,0.9999,0.00,0
2023-11-16,1249090.78,10.0,450.23,0.9999,0.00,0
2023-11-17,1250644.22,10.0,450.79,0.9999,0.00,0
2023-11-20,1260270.00,10.0,454.26,0.9999,0.00,0
2023-11-21,1257523.74,10.0,453.27,0.9999,0.00,0
2023-11-22,1262378.24,10.0,455.02,0.9999,0.00,0
2023-11-24,1263154.96,10.0,455.30,0.9999,0.00,0
2023-11-27,1260880.28,10.0,454.48,0.9999,0.00,0
2023-11-28,1262128.58,10.0,454.93,0.9999,0.00,0
2023-11-29,1261240.90,10.0,454.61,0.9999,0.00,1
2023-11-30,1266206.36,10.0,456.40,0.9999,0.00,0
2023-12-01,1273696.16,10.0,459.10,0.9999,0.00,0
2023-12-04,1267010.82,10.0,456.69,0.9999,0.00,1
2023-12-05,1266761.16,10.0,456.60,0.9999,0.00,1
2023-12-06,1261657.00,10.0,454.76,0.9999,0.00,1
2023-12-07,1271282.78,10.0,458.23,0.9999,0.00,1
2023-12-08,1276747.56,10.0,460.20,0.9999,0.00,1
2023-12-11,1281713.02,10.0,461.99,0.9999,0.00,0
2023-12-12,1287566.16,10.0,464.10,0.9999,0.00,0
2023-12-13,1305319.76,10.0,470.50,0.9999,0.00,0
2023-12-14,1309508.50,10.0,472.01,0.9999,0.00,0
2023-12-15,1302074.18,10.0,469.33,0.9999,0.00,1
2023-12-18,1309397.54,10.0,471.97,0.9999,0.00,0
2023-12-19,1317358.92,10.0,474.84,0.9999,0.00,0
2023-12-20,1299106.00,10.0,468.26,0.9999,0.00,1
2023-12-21,1311422.56,10.0,472.70,0.9999,0.00,0
2023-12-22,1314057.86,10.0,473.65,0.9999,0.00,0
2023-12-26,1319605.86,10.0,475.65,0.9999,0.00,0
2023-12-27,1321991.50,10.0,476.51,0.9999,0.00,0
2023-12-28,1322490.82,10.0,476.69,0.9999,0.00,0
2023-12-29,1318662.70,9.47,475.31,0.9999,0.00,1
2024-01-02,1311283.86,9.47,472.65,0.9999,0.00,1
2024-01-03,1300576.22,9.47,468.79,0.9999,0.00,1
2024-01-04,1296387.48,9.47,467.28,0.9999,0.00,1
2024-01-05,1298162.84,9.47,467.92,0.9999,0.00,1
2024-01-08,1316693.16,9.47,474.60,0.9999,0.00,1
2024-01-09,1314695.88,9.47,473.88,0.9999,0.00,1
2024-01-10,1322130.20,9.47,476.56,0.9999,0.00,1
2024-01-11,1321547.66,9.47,476.35,0.9999,0.00,1
2024-01-12,1322463.08,9.47,476.68,0.9999,0.00,1
2024-01-16,1317608.58,9.47,474.93,0.9999,0.00,1
2024-01-17,1310285.22,10.0,472.29,0.9999,0.00,1
2024-01-18,1321936.02,10.0,476.49,0.9999,0.00,1
2024-01-19,1338413.58,10.0,482.43,0.9999,0.00,2
2024-01-22,1341243.06,10.0,483.45,0.9999,0.00,2
2024-01-23,1345154.40,9.47,484.86,0.9999,0.00,1
2024-01-24,1346624.62,9.47,485.39,0.9999,0.00,2
2024-01-25,1353947.98,9.47,488.03,0.9999,0.00,1
2024-01-26,1352228.10,10.0,487.41,0.9999,0.00,2
2024-01-29,1362935.74,10.0,491.27,0.9999,0.00,1
2024-01-30,1361881.62,10.0,490.89,0.9999,0.00,1
2024-01-31,1339661.88,9.47,482.88,0.9999,0.00,1
2024-02-01,1357193.56,9.47,489.20,0.9999,0.00,1
2024-02-02,1371479.66,10.0,494.35,0.9999,0.00,0
2024-02-05,1366486.46,10.0,492.55,0.9999,0.00,1
2024-02-06,1370453.28,10.0,493.98,0.9999,0.00,1
2024-02-07,1381882.16,10.0,498.10,0.9999,0.00,0
2024-02-08,1382492.44,10.0,498.32,0.9999,0.00,0
2024-02-09,1390481.56,10.0,501.20,0.9999,0.00,0
2024-02-12,1389871.28,10.0,500.98,0.9999,0.00,0
2024-02-13,1370730.68,9.79,494.08,0.9999,0.00,1
2024-02-14,1383185.94,10.0,498.57,0.9999,0.00,1
2024-02-15,1392728.50,10.0,502.01,0.9999,0.00,0
2024-02-16,1385793.50,10.0,499.51,0.9999,0.00,1
2024-02-20,1378165.00,9.26,496.76,0.9999,0.00,1
2024-02-21,1379413.30,9.79,497.21,0.9999,0.00,1
2024-02-22,1407957.76,9.47,507.50,0.9999,0.00,0
2024-02-23,1408928.66,9.47,507.85,0.9999,0.00,0
2024-02-26,1403769.02,9.47,505.99,0.9999,0.00,1
2024-02-27,1406376.58,9.47,506.93,0.9999,0.00,1
2024-02-28,1404518.00,9.47,506.26,0.9999,0.00,1
2024-02-29,1409566.68,8.19,508.08,0.9999,0.00,1
2024-03-01,1422798.66,8.19,512.85,0.9999,0.00,0
2024-03-04,1421272.96,8.19,512.30,0.9999,0.00,0
2024-03-05,1407070.08,8.19,507.18,0.9999,0.00,1
2024-03-06,1414199.26,8.19,509.75,0.9999,0.00,1
2024-03-07,1428235.70,8.19,514.81,0.9999,0.00,0
2024-03-08,1419664.04,8.19,511.72,0.9999,0.00,1
2024-03-11,1418443.48,7.98,511.28,0.9999,0.00,1
2024-03-12,1433700.48,8.19,516.78,0.9999,0.00,0
2024-03-13,1431453.54,8.19,515.97,0.9999,0.00,1
2024-03-14,1428624.06,8.19,514.95,0.9999,0.00,1
2024-03-15,1414421.18,8.19,509.83,0.9999,0.00,1
2024-03-18,1422826.40,8.19,512.86,0.9999,0.00,1
2024-03-19,1430732.30,8.19,515.71,0.9999,0.00,1
2024-03-20,1443964.28,8.19,520.48,0.9999,0.00,1
2024-03-21,1448735.56,8.19,522.20,0.9999,0.00,0
2024-03-22,1445989.30,8.19,521.21,0.9999,0.00,1
2024-03-25,1441994.74,8.19,519.77,0.9999,0.00,1
2024-03-26,1439331.70,8.19,518.81,0.9999,0.00,1
2024-03-27,1451426.34,8.19,523.17,0.9999,0.00,1
2024-03-28,1451148.94,8.19,523.07,0.9999,0.00,1
2024-04-01,1448624.60,8.19,522.16,0.9999,0.00,1
2024-04-02,1439414.92,8.19,518.84,0.9999,0.00,1
2024-04-03,1440996.10,8.19,519.41,0.9999,0.00,1
2024-04-04,1423408.94,6.91,513.07,0.9999,0.00,1
2024-04-05,1438277.58,7.98,518.43,0.9999,0.00,1
2024-04-08,1439082.04,7.98,518.72,0.9999,0.00,1
2024-04-09,1440746.44,8.19,519.32,0.9999,0.00,1
2024-04-10,1426321.64,6.91,514.12,0.9999,0.00,1
2024-04-11,1437084.76,8.19,518.00,0.9999,0.00,1
2024-04-12,1417250.66,6.91,510.85,0.9999,0.00,1
2024-04-15,1399497.06,5.85,504.45,0.9999,0.00,1
2024-04-16,1396944.98,5.85,503.53,0.9999,0.00,1
2024-04-17,1388678.46,5.85,500.55,0.9999,0.00,1
2024-04-18,1385821.24,5.85,499.52,0.9999,0.00,1
2024-04-19,1373726.60,5.85,495.16,0.9999,0.00,1
2024-04-22,1386376.04,6.91,499.72,0.9999,0.00,1
2024-04-23,1402825.86,7.45,505.65,0.9999,0.00,1
2024-04-24,1402160.10,7.45,505.41,0.9999,0.00,1
2024-04-25,1396834.02,7.45,503.49,0.9999,0.00,1
2024-04-26,1410066.00,7.98,508.26,0.9999,0.00,1
2024-04-29,1415059.20,8.72,510.06,0.9999,0.00,1
2024-04-30,1392645.28,7.45,501.98,0.9999,0.00,1
2024-05-01,1388123.66,7.45,500.35,0.9999,0.00,1
2024-05-02,1401105.98,7.66,505.03,0.9999,0.00,1
2024-05-03,1418471.22,8.72,511.29,0.9999,0.00,1
2024-05-06,1433117.94,8.72,516.57,0.9999,0.00,1
2024-05-07,1434699.12,8.72,517.14,0.9999,0.00,1
2024-05-08,1434837.82,7.87,517.19,0.9999,0.00,1
2024-05-09,1443104.34,9.15,520.17,0.9999,0.00,1
2024-05-10,1444962.92,9.15,520.84,0.9999,0.00,1
2024-05-13,1445157.10,9.15,520.91,0.9999,0.00,1
2024-05-14,1451786.96,9.15,523.30,0.9999,0.00,1
2024-05-15,1469762.48,9.15,529.78,0.9999,0.00,0
2024-05-16,1466738.82,10.0,528.69,0.9999,0.00,0
2024-05-17,1468847.06,10.0,529.45,0.9999,0.00,0
2024-05-20,1470539.20,10.0,530.06,0.9999,0.00,0
2024-05-21,1474145.40,10.0,531.36,0.9999,0.00,0
2024-05-22,1469901.18,10.0,529.83,0.9999,0.00,1
2024-05-23,1459165.80,10.0,525.96,0.9999,0.00,1
2024-05-24,1468819.32,10.0,529.44,0.9999,0.00,1
2024-05-28,1469845.70,10.0,529.81,0.9999,0.00,1
2024-05-29,1459554.16,10.0,526.10,0.9999,0.00,1
2024-05-30,1449872.90,10.0,522.61,0.9999,0.00,1
2024-05-31,1463077.14,10.0,527.37,0.9999,0.00,1
2024-06-03,1464269.96,10.0,527.80,0.9999,0.00,1
2024-06-04,1465906.62,10.0,528.39,0.9999,0.00,1
2024-06-05,1483327.34,10.0,534.67,0.9999,0.00,1
2024-06-06,1483299.60,10.0,534.66,0.9999,0.00,1
2024-06-07,1481496.50,10.0,534.01,0.9999,0.00,1
2024-06-10,1486073.60,10.0,535.66,0.9999,0.00,1
2024-06-11,1489652.06,10.0,536.95,0.9999,0.00,1
2024-06-12,1501885.40,10.0,541.36,0.9999,0.00,0
2024-06-13,1504909.06,10.0,542.45,0.9999,0.00,0
2024-06-14,1505824.48,10.0,542.78,0.9999,0.00,1
2024-06-17,1517808.16,10.0,547.10,0.9999,0.00,0
2024-06-18,1521664.02,10.0,548.49,0.9999,0.00,0
2024-06-20,1517530.76,10.0,547.00,0.9999,0.00,0
2024-06-21,1510623.50,10.0,544.51,0.9999,0.00,1
2024-06-24,1505713.52,10.0,542.74,0.9999,0.00,1
2024-06-25,1511511.18,10.0,544.83,0.9999,0.00,1
2024-06-26,1513397.50,10.0,545.51,0.9999,0.00,1
2024-06-27,1515783.14,10.0,546.37,0.9999,0.00,1
2024-06-28,1509819.04,10.0,544.22,0.9999,0.00,1
2024-07-01,1512925.92,10.0,545.34,0.9999,0.00,1
2024-07-02,1523106.50,10.0,549.01,0.9999,0.00,1
2024-07-03,1529902.80,10.0,551.46,0.9999,0.00,1
2024-07-05,1538724.12,10.0,554.64,0.9999,0.00,0
2024-07-08,1540499.48,10.0,555.28,0.9999,0.00,1
2024-07-09,1541997.44,10.0,555.82,0.9999,0.00,1
2024-07-10,1557254.44,10.0,561.32,0.9999,0.00,0
2024-07-11,1543828.28,10.0,556.48,0.9999,0.00,1
2024-07-12,1553565.02,10.0,559.99,0.9999,0.00,1
2024-07-15,1557836.98,10.0,561.53,0.9999,0.00,0
2024-07-16,1567074.40,10.0,564.86,0.9999,0.00,0
2024-07-17,1545104.32,10.0,556.94,0.9999,0.00,1
2024-07-18,1533231.60,9.79,552.66,0.9999,0.00,1
2024-07-19,1523051.02,8.72,548.99,0.9999,0.00,1
2024-07-22,1538751.86,10.0,554.65,0.9999,0.00,1
2024-07-23,1536338.48,10.0,553.78,0.9999,0.00,1
2024-07-24,1501524.78,7.66,541.23,0.9999,0.00,1
2024-07-25,1493702.10,7.66,538.41,0.9999,0.00,1
2024-07-26,1510429.32,8.72,544.44,0.9999,0.00,1
2024-07-29,1511317.00,8.72,544.76,0.9999,0.00,1
2024-07-30,1503660.76,8.72,542.00,0.9999,0.00,1
2024-07-31,1528099.70,9.79,550.81,0.9999,0.00,1
2024-08-01,1506462.50,8.72,543.01,0.9999,0.00,1
2024-08-02,1478417.36,7.34,532.90,0.9999,0.00,1
2024-08-05,1435364.88,6.81,517.38,0.9999,0.00,2
2024-08-06,1448596.86,7.13,522.15,0.9999,0.00,1
2024-08-07,1438915.60,7.13,518.66,0.9999,0.00,1
2024-08-08,1472175.86,8.4,530.65,0.9999,0.00,1
2024-08-09,1478667.02,8.4,532.99,0.9999,0.00,1
2024-08-12,1479443.74,8.4,533.27,0.9999,0.00,1
2024-08-13,1503771.72,9.79,542.04,0.9999,0.00,1
2024-08-14,1508515.26,9.79,543.75,0.9999,0.00,1
2024-08-15,1534368.94,9.79,553.07,0.9999,0.00,0
2024-08-16,1537808.70,10.0,554.31,0.9999,0.00,0
2024-08-19,1552510.90,9.47,559.61,0.9999,0.00,0
2024-08-20,1549986.56,9.79,558.70,0.9999,0.00,0
2024-08-21,1555312.64,9.79,560.62,0.9999,0.00,0
2024-08-22,1543107.04,9.79,556.22,0.9999,0.00,1
2024-08-23,1559501.38,9.79,562.13,0.9999,0.00,1
2024-08-26,1555784.22,9.79,560.79,0.9999,0.00,1
2024-08-27,1557920.20,9.79,561.56,0.9999,0.00,2
2024-08-28,1548876.96,9.79,558.30,0.9999,0.00,1
2024-08-29,1549015.66,9.79,558.35,0.9999,0.00,1
2024-08-30,1563801.08,9.79,563.68,0.9999,0.00,1
2024-09-03,1531622.68,9.47,552.08,0.9999,0.00,1
2024-09-04,1528488.06,9.47,550.95,0.9999,0.00,1
2024-09-05,1524770.90,9.79,549.61,0.9999,0.00,1
2024-09-06,1499111.40,8.4,540.36,0.9999,0.00,1
2024-09-09,1515894.10,8.72,546.41,0.9999,0.00,1
2024-09-10,1522496.22,8.72,548.79,0.9999,0.00,1
2024-09-11,1538113.84,9.79,554.42,0.9999,0.00,1
2024-09-12,1551068.42,9.79,559.09,0.9999,0.00,1
2024-09-13,1559168.50,9.79,562.01,0.9999,0.00,1
2024-09-16,1561470.92,9.79,562.84,0.9999,0.00,1
2024-09-17,1562108.94,9.79,563.07,0.9999,0.00,1
2024-09-18,1557476.36,9.79,561.40,0.9999,0.00,1
2024-09-19,1584051.28,9.79,570.98,0.9999,0.00,0
2024-09-20,1576478.26,9.79,568.25,0.9999,0.00,1
2024-09-23,1580417.34,9.79,569.67,0.9999,0.00,1
2024-09-24,1584938.96,9.79,571.30,0.9999,0.00,1
2024-09-25,1581443.72,9.79,570.04,0.9999,0.00,1
2024-09-26,1587712.96,9.79,572.30,0.9999,0.00,1
2024-09-27,1585410.54,9.79,571.47,0.9999,0.00,1
2024-09-30,1591763.00,9.79,573.76,0.9999,0.00,1
2024-10-01,1577504.64,9.79,568.62,0.9999,0.00,1
2024-10-02,1578170.40,9.79,568.86,0.9999,0.00,1
2024-10-03,1575285.44,9.47,567.82,0.9999,0.00,1
2024-10-04,1589599.28,9.79,572.98,0.9999,0.00,1
2024-10-07,1575229.96,9.47,567.80,0.9999,0.00,1
2024-10-08,1590126.34,8.94,573.17,0.9999,0.00,1
2024-10-09,1601139.12,9.47,577.14,0.9999,0.00,1
2024-10-10,1598337.38,9.47,576.13,0.9999,0.00,1
2024-10-11,1607907.68,9.47,579.58,0.9999,0.00,1
2024-10-14,1621056.44,9.79,584.32,0.9999,0.00,0
2024-10-15,1608462.48,9.47,579.78,0.9999,0.00,1
2024-10-16,1615452.96,9.79,582.30,0.9999,0.00,1
2024-10-17,1615591.66,9.79,582.35,0.9999,0.00,1
2024-10-18,1621805.42,9.79,584.59,0.9999,0.00,1
2024-10-21,1619142.38,9.79,583.63,0.9999,0.00,1
2024-10-22,1618282.44,9.79,583.32,0.9999,0.00,1
2024-10-23,1603497.02,9.79,577.99,0.9999,0.00,1
2024-10-24,1606964.52,9.79,579.24,0.9999,0.00,1
2024-10-25,1606409.72,9.47,579.04,0.9999,0.00,1
2024-10-28,1611375.18,9.79,580.83,0.9999,0.00,1
2024-10-29,1613982.74,9.79,581.77,0.9999,0.00,1
2024-10-30,1609100.50,9.47,580.01,0.9999,0.00,1
2024-10-31,1577560.12,7.34,568.64,0.9999,0.00,1
2024-11-01,1584217.72,8.4,571.04,0.9999,0.00,1
2024-11-04,1580805.70,8.4,569.81,0.9999,0.00,1
2024-11-05,1599918.56,9.47,576.70,0.9999,0.00,1
2024-11-06,1639697.72,9.79,591.04,0.9999,0.00,0
2024-11-07,1652374.90,9.79,595.61,0.9999,0.00,0
2024-11-08,1659531.82,10.0,598.19,0.9999,0.00,0
2024-11-11,1661113.00,10.0,598.76,0.9999,0.00,0
2024-11-12,1655953.36,9.47,596.90,0.9999,0.00,0
2024-11-13,1656757.82,9.47,597.19,0.9999,0.00,0
2024-11-14,1646105.66,9.47,593.35,0.9999,0.00,1
2024-11-15,1625023.26,9.26,585.75,0.9999,0.00,1
2024-11-18,1631680.86,9.26,588.15,0.9999,0.00,1
2024-11-19,1637644.96,9.26,590.30,0.9999,0.00,1
2024-11-20,1638199.76,9.26,590.50,0.9999,0.00,1
2024-11-21,1646993.34,9.26,593.67,0.9999,0.00,1
2024-11-22,1652097.50,9.26,595.51,0.9999,0.00,1
2024-11-25,1657700.98,9.47,597.53,0.9999,0.00,1
2024-11-26,1666355.86,9.47,600.65,0.9999,0.00,1
2024-11-27,1661307.18,10.0,598.83,0.9999,0.00,1
2024-11-29,1671626.46,10.0,602.55,0.9999,0.00,1
2024-12-02,1674622.38,10.0,603.63,0.9999,0.00,1
2024-12-03,1675399.10,10.0,603.91,0.9999,0.00,1
2024-12-04,1685801.60,10.0,607.66,0.9999,0.00,0
2024-12-05,1683027.60,10.0,606.66,0.9999,0.00,1
2024-12-06,1686217.70,10.0,607.81,0.9999,0.00,1
2024-12-09,1677535.08,10.0,604.68,0.9999,0.00,1
2024-12-10,1672319.96,10.0,602.80,0.9999,0.00,1
2024-12-11,1685246.80,10.0,607.46,0.9999,0.00,1
2024-12-12,1676564.18,10.0,604.33,0.9999,0.00,1
2024-12-13,1676231.30,10.0,604.21,0.9999,0.00,1
2024-12-16,1683388.22,10.0,606.79,0.9999,0.00,1
2024-12-17,1676453.22,9.79,604.29,0.9999,0.00,1
2024-12-18,1626493.48,7.13,586.28,0.9999,0.00,2
2024-12-19,1625994.16,7.34,586.10,0.9999,0.00,1
2024-12-20,1640002.86,8.72,591.15,0.9999,0.00,1
2024-12-23,1649822.82,8.72,594.69,0.9999,0.00,1
2024-12-24,1668158.96,10.0,601.30,0.9999,0.00,1
2024-12-26,1668269.92,9.47,601.34,0.9999,0.00,1
2024-12-27,1650710.50,8.19,595.01,0.9999,0.00,1
2024-12-30,1631875.04,8.19,588.22,0.9999,0.00,1
2024-12-31,1625938.68,7.13,586.08,0.9999,0.00,1
2025-01-02,1621944.12,7.13,584.64,0.9999,0.00,1
2025-01-03,1642222.06,8.19,591.95,0.9999,0.00,1
2025-01-06,1651681.40,9.26,595.36,0.9999,0.00,1
2025-01-07,1633012.38,8.72,588.63,0.9999,0.00,1
2025-01-08,1635398.02,8.72,589.49,0.9999,0.00,1
2025-01-10,1610432.02,7.66,580.49,0.9999,0.00,1
2025-01-13,1612928.62,7.66,581.39,0.9999,0.00,1
2025-01-14,1615147.82,7.66,582.19,0.9999,0.00,1
2025-01-15,1644524.48,9.79,592.78,0.9999,0.00,1
2025-01-16,1641362.12,9.26,591.64,0.9999,0.00,1
2025-01-17,1657839.68,9.26,597.58,0.9999,0.00,1
2025-01-21,1673013.46,9.26,603.05,0.9999,0.00,1
2025-01-22,1682417.32,9.26,606.44,0.9999,0.00,0
2025-01-23,1691599.26,9.79,609.75,0.9999,0.00,0
2025-01-24,1686661.54,10.0,607.97,0.9999,0.00,1
2025-01-27,1662805.14,9.79,599.37,0.9999,0.00,1
2025-01-28,1677091.24,9.79,604.52,0.9999,0.00,1
2025-01-29,1669573.70,9.79,601.81,0.9999,0.00,1
2025-01-30,1678533.72,9.79,605.04,0.9999,0.00,1
2025-01-31,1669601.44,9.26,601.82,0.9999,0.00,1
2025-02-03,1658366.74,9.26,597.77,0.9999,0.00,1
2025-02-04,1669490.48,9.26,601.78,0.9999,0.00,1
2025-02-05,1676259.04,9.26,604.22,0.9999,0.00,1
2025-02-06,1682084.44,9.26,606.32,0.9999,0.00,1
2025-02-07,1666688.74,9.26,600.77,0.9999,0.00,1
2025-02-10,1678006.66,9.26,604.85,0.9999,0.00,1
2025-02-11,1679282.70,7.98,605.31,0.9999,0.00,1
2025-02-12,1673873.40,7.98,603.36,0.9999,0.00,1
2025-02-13,1691543.78,7.98,609.73,0.9999,0.00,1
2025-02-14,1691460.56,8.19,609.70,0.9999,0.00,1
2025-02-18,1696426.02,7.98,611.49,0.9999,0.00,1
2025-02-19,1700420.58,7.98,612.93,0.9999,0.00,1
2025-02-20,1693346.88,7.98,610.38,0.9999,0.00,1
2025-02-21,1664386.32,6.91,599.94,0.9999,0.00,1
2025-02-24,1656813.30,5.85,597.21,0.9999,0.00,1
2025-02-25,1648574.52,5.85,594.24,0.9999,0.00,1
2025-02-26,1649406.72,5.85,594.54,0.9999,0.00,1
2025-02-27,1623081.46,5.53,585.05,0.9999,0.00,1
2025-02-28,1648408.08,6.91,594.18,0.9999,0.00,1
2025-03-03,1619530.74,6.06,583.77,0.9999,0.00,1
2025-03-04,1600362.40,6.06,576.86,0.9999,0.00,1
2025-03-05,1617561.20,6.6,583.06,0.9999,0.00,1
2025-03-06,1588850.30,5.53,572.71,0.9999,0.00,1
2025-03-07,1597754.84,5.53,575.92,0.9999,0.00,1
2025-03-10,1555201.68,5.32,560.58,0.9999,0.00,2
2025-03-11,1542274.84,5.32,555.92,0.9999,0.00,2
2025-03-12,1550458.14,5.53,558.87,0.9999,0.00,1
2025-03-13,1529791.84,5.53,551.42,0.9999,0.00,1
2025-03-14,1561387.70,6.6,562.81,0.9999,0.00,1
2025-03-17,1573426.86,6.6,567.15,0.9999,0.00,1
2025-03-18,1556422.24,6.6,561.02,0.9999,0.00,1
2025-03-19,1573371.38,6.91,567.13,0.9999,0.00,1
2025-03-20,1568822.02,6.91,565.49,0.9999,0.00,1
2025-03-21,1564633.28,6.91,563.98,0.9999,0.00,1
2025-03-24,1592650.68,7.77,574.08,0.9999,0.00,1
2025-03-25,1596478.80,7.77,575.46,0.9999,0.00,1
2025-03-26,1577421.42,6.7,568.59,0.9999,0.00,1
2025-03-27,1573232.68,6.7,567.08,0.9999,0.00,1
2025-03-28,1541553.60,6.38,555.66,0.9999,0.00,1
2025-03-31,1551900.62,6.6,559.39,0.9999,0.00,1
2025-04-01,1556283.54,6.38,560.97,0.9999,0.00,1
2025-04-02,1566131.24,7.23,564.52,0.9999,0.00,1
2025-04-03,1488958.56,5.0,536.70,0.9999,0.00,2
2025-04-04,1401799.48,5.0,505.28,0.9999,0.00,3
2025-04-07,1399302.88,5.53,504.38,0.9999,0.00,3
2025-04-08,1377388.28,5.53,496.48,0.9999,0.00,4
2025-04-09,1522024.64,7.66,548.62,0.9999,0.00,1
2025-04-10,1455337.68,6.6,524.58,0.9999,0.00,2
2025-04-11,1481302.32,8.09,533.94,0.9999,0.00,2
2025-04-14,1495671.64,8.09,539.12,0.9999,0.00,2
2025-04-15,1491482.90,8.09,537.61,0.9999,0.00,2
2025-04-16,1458333.60,7.02,525.66,0.9999,0.00,2
2025-04-17,1460414.10,8.19,526.41,0.9999,0.00,2
2025-04-21,1425655.88,7.02,513.88,0.9999,0.00,2
2025-04-22,1462744.26,7.87,527.25,0.9999,0.00,2
2025-04-23,1485407.84,8.4,535.42,0.9999,0.00,2
2025-04-24,1516670.82,8.19,546.69,0.9999,0.00,2
2025-04-25,1527628.12,9.04,550.64,0.9999,0.00,1
2025-04-28,1528210.66,9.26,550.85,0.9999,0.00,2
2025-04-29,1537836.44,9.47,554.32,0.9999,0.00,1
2025-04-30,1538446.72,9.04,554.54,0.9999,0.00,1
2025-05-01,1549348.54,9.26,558.47,0.9999,0.00,1
2025-05-02,1572345.00,9.26,566.76,0.9999,0.00,1
2025-05-05,1563329.50,8.19,563.51,0.9999,0.00,1
2025-05-06,1550263.96,8.19,558.80,0.9999,0.00,2
2025-05-07,1556782.86,8.62,561.15,0.9999,0.00,2
2025-05-08,1567629.20,8.62,565.06,0.9999,0.00,0
2025-05-09,1565631.92,8.62,564.34,0.9999,0.00,0
2025-05-12,1617367.02,8.94,582.99,0.9999,0.00,0
2025-05-13,1628046.92,8.19,586.84,0.9999,0.00,0
2025-05-14,1630127.42,8.19,587.59,0.9999,0.00,0
2025-05-15,1638088.80,8.19,590.46,0.9999,0.00,0
2025-05-16,1648463.56,8.19,594.20,0.9999,0.00,0
2025-05-19,1650266.66,8.19,594.85,0.9999,0.00,0
2025-05-20,1644718.66,8.19,592.85,0.9999,0.00,0
2025-05-21,1617006.40,7.87,582.86,0.9999,0.00,1
2025-05-22,1617644.42,7.87,583.09,0.9999,0.00,1
2025-05-23,1606603.90,7.87,579.11,0.9999,0.00,1
2025-05-27,1640002.86,8.19,591.15,0.9999,0.00,0
2025-05-28,1630515.78,8.19,587.73,0.9999,0.00,1
2025-05-29,1636951.46,8.19,590.05,0.9999,0.00,0
2025-05-30,1635120.62,8.19,589.39,0.9999,0.00,1
2025-06-02,1644330.30,8.19,592.71,0.9999,0.00,0
2025-06-03,1653706.42,8.19,596.09,0.9999,0.00,0
2025-06-04,1653262.58,8.19,595.93,0.9999,0.00,0
2025-06-05,1645273.46,8.19,593.05,0.9999,0.00,1
2025-06-06,1662167.12,8.19,599.14,0.9999,0.00,0
2025-06-09,1663665.08,8.19,599.68,0.9999,0.00,0
2025-06-10,1673096.68,8.19,603.08,0.9999,0.00,0
2025-06-11,1668325.40,8.19,601.36,0.9999,0.00,1
2025-06-12,1674955.26,8.19,603.75,0.9999,0.00,0
2025-06-13,1656230.76,7.87,597.00,0.9999,0.00,1
2025-06-16,1671987.08,8.19,602.68,0.9999,0.00,1
2025-06-17,1657700.98,7.87,597.53,0.9999,0.00,1
2025-06-18,1657451.32,7.87,597.44,0.9999,0.00,1
2025-06-20,1648685.48,7.87,594.28,0.9999,0.00,1
2025-06-23,1664968.86,8.19,600.15,0.9999,0.00,1
2025-06-24,1683360.48,8.19,606.78,0.9999,0.00,1
2025-06-25,1684303.64,8.19,607.12,0.9999,0.00,1
2025-06-26,1697480.14,8.19,611.87,0.9999,0.00,0
2025-06-27,1705913.10,8.19,614.91,0.9999,0.00,0
2025-06-30,1714068.66,8.19,617.85,0.9999,0.00,0
2025-07-01,1713513.86,8.19,617.65,0.9999,0.00,0
2025-07-02,1721281.06,8.19,620.45,0.9999,0.00,0
2025-07-03,1734845.92,8.19,625.34,0.9999,0.00,0
2025-07-07,1721919.08,8.19,620.68,0.9999,0.00,0
2025-07-08,1720975.92,8.19,620.34,0.9999,0.00,1
2025-07-09,1731295.20,8.19,624.06,0.9999,0.00,0
2025-07-10,1736177.44,8.19,625.82,0.9999,0.00,0
2025-07-11,1730074.64,8.19,623.62,0.9999,0.00,1
2025-07-14,1733375.70,8.19,624.81,0.9999,0.00,1
2025-07-15,1725969.12,8.19,622.14,0.9999,0.00,1
2025-07-16,1731739.04,8.19,624.22,0.9999,0.00,1
2025-07-17,1742335.72,8.19,628.04,0.9999,0.00,1
2025-07-18,1741059.68,8.19,627.58,0.9999,0.00,1
2025-07-21,1744360.74,8.19,628.77,0.9999,0.00,1
2025-07-22,1744610.40,8.19,628.86,0.9999,0.00,1
2025-07-23,1759451.30,8.19,634.21,0.9999,0.00,0
2025-07-24,1760033.84,8.19,634.42,0.9999,0.00,1
2025-07-25,1767468.16,8.4,637.10,0.9999,0.00,0
2025-07-28,1767024.32,8.19,636.94,0.9999,0.00,1
2025-07-29,1762364.00,8.19,635.26,0.9999,0.00,1
2025-07-30,1760144.80,8.19,634.46,0.9999,0.00,1
2025-07-31,1753542.68,8.19,632.08,0.9999,0.00,1
2025-08-01,1724804.04,6.81,621.72,0.9999,0.00,2
2025-08-04,1751018.34,8.19,631.17,0.9999,0.00,1
2025-08-05,1742141.54,7.13,627.97,0.9999,0.00,1
2025-08-06,1755484.48,8.19,632.78,0.9999,0.00,1
2025-08-07,1754014.26,8.19,632.25,0.9999,0.00,1
2025-08-08,1767690.08,8.19,637.18,0.9999,0.00,1
2025-08-11,1764194.84,8.19,635.92,0.9999,0.00,1
2025-08-12,1782974.82,8.4,642.69,0.9999,0.00,1
2025-08-13,1789077.62,8.4,644.89,0.9999,0.00,1
2025-08-14,1789244.06,8.4,644.95,0.9999,0.00,1
2025-08-15,1785055.32,8.19,643.44,0.9999,0.00,1
2025-08-18,1784666.96,8.4,643.30,0.9999,0.00,1
2025-08-19,1774985.70,8.19,639.81,0.9999,0.00,1
2025-08-20,1770269.90,8.19,638.11,0.9999,0.00,1
2025-08-21,1763168.46,8.19,635.55,0.9999,0.00,1
2025-08-22,1790242.70,8.4,645.31,0.9999,0.00,1
2025-08-25,1782364.54,8.4,642.47,0.9999,0.00,1
2025-08-26,1789826.60,8.4,645.16,0.9999,0.00,1
2025-08-27,1793904.38,8.4,646.63,0.9999,0.00,1
2025-08-28,1800256.84,8.4,648.92,0.9999,0.00,1
2025-08-29,1789521.46,8.19,645.05,0.9999,0.00,1
2025-09-02,1776261.74,8.19,640.27,0.9999,0.00,1
2025-09-03,1785887.52,8.19,643.74,0.9999,0.00,1
2025-09-04,1800811.64,8.19,649.12,0.9999,0.00,1
2025-09-05,1795596.52,8.19,647.24,0.9999,0.00,1
2025-09-08,1800007.18,8.19,648.83,0.9999,0.00,1
2025-09-09,1804168.18,8.19,650.33,0.9999,0.00,1
2025-09-10,1809383.30,8.19,652.21,0.9999,0.00,1
2025-09-11,1824418.38,8.4,657.63,0.9999,0.00,1
2025-09-12,1823808.10,8.4,657.41,0.9999,0.00,1
2025-09-15,1833517.10,8.19,660.91,0.9999,0.00,1
2025-09-16,1830992.76,8.19,660.00,0.9999,0.00,1
2025-09-17,1828718.08,8.19,659.18,0.9999,0.00,1
2025-09-18,1837262.00,8.19,662.26,0.9999,0.00,1
2025-09-19,1841256.56,8.19,663.70,0.9999,0.00,1
2025-09-22,1849966.92,8.19,666.84,0.9999,0.00,1
2025-09-23,1839897.30,8.19,663.21,0.9999,0.00,1
2025-09-24,1834044.16,8.19,661.10,0.9999,0.00,1
2025-09-25,1825583.46,8.19,658.05,0.9999,0.00,1
2025-09-26,1836041.44,8.19,661.82,0.9999,0.00,1
2025-09-29,1841201.08,8.19,663.68,0.9999,0.00,1
2025-09-30,1848136.08,8.19,666.18,0.9999,0.00,1
2025-10-01,1854433.06,8.19,668.45,0.9999,0.00,1
2025-10-02,1856569.04,8.19,669.22,0.9999,0.00,1
2025-10-03,1856541.30,8.19,669.21,0.9999,0.00,1
2025-10-06,1863198.90,8.19,671.61,0.9999,0.00,1
2025-10-07,1856291.64,8.19,669.12,0.9999,0.00,1
2025-10-08,1867359.90,8.19,673.11,0.9999,0.00,1
2025-10-09,1861950.60,8.19,671.16,0.9999,0.00,1
2025-10-10,1811630.24,5.74,653.02,0.9999,0.00,1
2025-10-13,1839425.72,8.19,663.04,0.9999,0.00,1
2025-10-14,1837178.78,7.87,662.23,0.9999,0.00,1
2025-10-15,1845334.34,7.87,665.17,0.9999,0.00,1
2025-10-16,1832768.12,6.6,660.64,0.9999,0.00,2
2025-10-17,1843170.62,7.87,664.39,0.9999,0.00,1
2025-10-20,1862338.96,8.19,671.30,0.9999,0.00,1
2025-10-21,1862311.22,8.19,671.29,0.9999,0.00,1
2025-10-22,1852629.96,8.19,667.80,0.9999,0.00,1
2025-10-23,1863615.00,8.19,671.76,0.9999,0.00,1
2025-10-24,1878844.26,8.19,677.25,0.9999,0.00,1
2025-10-27,1901008.52,8.19,685.24,0.9999,0.00,0
2025-10-28,1906057.20,8.19,687.06,0.9999,0.00,0
2025-10-29,1906972.62,8.19,687.39,0.9999,0.00,0
2025-10-30,1886001.18,8.19,679.83,0.9999,0.00,1
2025-10-31,1892187.20,8.19,682.06,0.9999,0.00,1
2025-11-03,1895737.92,8.19,683.34,0.9999,0.00,1
2025-11-04,1873268.52,8.19,675.24,0.9999,0.00,1
2025-11-05,1879759.68,8.19,677.58,0.9999,0.00,1
2025-11-06,1859592.70,8.19,670.31,0.9999,0.00,1
2025-11-07,1861423.54,7.13,670.97,0.9999,0.00,1
2025-11-10,1890467.32,8.19,681.44,0.9999,0.00,1
2025-11-11,1894794.76,8.19,683.00,0.9999,0.00,1
2025-11-12,1895848.88,8.19,683.38,0.9999,0.00,1
2025-11-13,1864391.72,6.81,672.04,0.9999,0.00,1
2025-11-14,1864086.58,7.13,671.93,0.9999,0.00,1
2025-11-17,1846721.34,5.74,665.67,0.9999,0.00,1
2025-11-18,1831214.68,5.74,660.08,0.9999,0.00,1
2025-11-19,1838288.38,6.81,662.63,0.9999,0.00,1
2025-11-20,1810270.98,5.53,652.53,0.9999,0.00,2
2025-11-21,1828301.98,6.81,659.03,0.9999,0.00,1
2025-11-24,1855209.78,7.87,668.73,0.9999,0.00,1
2025-11-25,1872658.24,8.19,675.02,0.9999,0.00,1
2025-11-26,1885585.08,8.19,679.68,0.9999,0.00,1
2025-11-28,1895876.62,8.19,683.39,0.9999,0.00,1
2025-12-01,1887221.74,8.19,680.27,0.9999,0.00,1
2025-12-02,1890716.98,8.19,681.53,0.9999,0.00,1
2025-12-03,1897263.62,8.19,683.89,0.9999,0.00,1
2025-12-04,1898650.62,8.19,684.39,0.9999,0.00,1
2025-12-05,1902256.82,8.19,685.69,0.9999,0.00,1
2025-12-08,1896542.38,8.19,683.63,0.9999,0.00,1
2025-12-09,1894905.72,8.19,683.04,0.9999,0.00,1
2025-12-10,1907471.94,8.19,687.57,0.9999,0.00,1
2025-12-11,1911910.34,8.4,689.17,0.9999,0.00,1
2025-12-12,1891355.00,8.19,681.76,0.9999,0.00,1
2025-12-15,1888497.78,8.19,680.73,0.9999,0.00,1
2025-12-16,1883338.14,8.19,678.87,0.9999,0.00,1
2025-12-17,1862616.36,8.19,671.40,0.9999,0.00,1
2025-12-18,1876680.54,8.19,676.47,0.9999,0.00,1
2025-12-19,1888109.42,8.4,680.59,0.9999,0.00,1
2025-12-22,1899871.18,8.4,684.83,0.9999,0.00,1
2025-12-23,1908553.80,8.4,687.96,0.9999,0.00,1
2025-12-24,1915266.88,8.4,690.38,0.9999,0.00,1
2025-12-26,1915072.70,8.4,690.31,0.9999,0.00,1
2025-12-29,1908248.66,8.4,687.85,0.9999,0.00,1
2025-12-30,1905918.50,8.4,687.01,0.9999,0.00,1
2025-12-31,1891798.84,8.4,681.92,0.9999,0.00,1
2026-01-02,1895266.34,8.4,683.17,0.9999,0.00,1
2026-01-05,1907888.04,8.4,687.72,0.9999,0.00,1
2026-01-06,1919233.70,8.4,691.81,0.9999,0.00,1
2026-01-07,1913047.68,8.19,689.58,0.9999,0.00,1
2026-01-08,1912853.50,8.19,689.51,0.9999,0.00,1
2026-01-09,1925502.94,8.4,694.07,0.9999,0.00,1
2026-01-12,1928526.60,8.19,695.16,0.9999,0.00,1
2026-01-13,1924670.74,8.19,693.77,0.9999,0.00,1
2026-01-14,1915211.40,8.19,690.36,0.9999,0.00,1
2026-01-15,1920426.52,8.19,692.24,0.9999,0.00,1
2026-01-16,1918817.60,8.19,691.66,0.9999,0.00,1
2026-01-20,1879759.68,5.74,677.58,0.9999,0.00,1
2026-01-21,1901452.36,8.19,685.40,0.9999,0.00,1
2026-01-22,1911383.28,8.19,688.98,0.9999,0.00,1
2026-01-23,1912076.78,8.19,689.23,0.9999,0.00,1
2026-01-26,1921785.78,8.19,692.73,0.9999,0.00,1
2026-01-27,1929442.02,8.19,695.49,0.9999,0.00,1
2026-01-28,1929247.84,8.19,695.42,0.9999,0.00,1
2026-01-29,1925419.72,8.19,694.04,0.9999,0.00,1
2026-01-30,1919677.54,8.19,691.97,0.9999,0.00,1
2026-02-02,1929220.10,8.19,695.41,0.9999,0.00,1
2026-02-03,1912908.98,8.19,689.53,0.9999,0.00,1
2026-02-04,1903643.82,8.19,686.19,0.9999,0.00,1
2026-02-05,1879870.64,5.74,677.62,0.9999,0.00,1
2026-02-06,1915932.64,8.19,690.62,0.9999,0.00,1
2026-02-09,1925170.06,8.19,693.95,0.9999,0.00,1
2026-02-10,1920093.64,8.19,692.12,0.9999,0.00,1
2026-02-11,1919649.80,8.19,691.96,0.9999,0.00,1
2026-02-12,1889995.74,6.81,681.27,0.9999,0.00,1
2026-02-13,1891327.26,6.81,681.75,0.9999,0.00,1
2026-02-17,1894378.66,6.81,682.85,0.9999,0.00,1
2026-02-18,1903921.22,8.19,686.29,0.9999,0.00,1
2026-02-19,1898900.28,6.81,684.48,0.9999,0.00,1
2026-02-20,1912631.58,8.19,689.43,0.9999,0.00,1
2026-02-23,1893102.62,6.81,682.39,0.9999,0.00,1
2026-02-24,1906861.66,8.19,687.35,0.9999,0.00,1
2026-02-25,1922950.86,8.19,693.15,0.9999,0.00,1
2026-02-26,1912270.96,8.19,689.30,0.9999,0.00,1
2026-02-27,1903089.02,8.19,685.99,0.9999,0.00,1
2026-03-02,1904170.88,7.87,686.38,0.9999,0.00,1
2026-03-03,1887388.18,6.81,680.33,0.9999,0.00,1
2026-03-04,1900703.38,7.87,685.13,0.9999,0.00,1
2026-03-05,1890106.70,6.81,681.31,0.9999,0.00,1
2026-03-06,1865334.88,5.53,672.38,0.9999,0.00,2
2026-03-09,1881673.74,6.6,678.27,0.9999,0.00,1
2026-03-10,1878650.08,6.81,677.18,0.9999,0.00,1
2026-03-11,1876292.18,6.81,676.33,0.9999,0.00,1
2026-03-12,1847803.20,5.53,666.06,0.9999,0.00,1
2026-03-13,1837345.22,5.53,662.29,0.9999,0.00,1
2026-03-16,1856041.98,6.81,669.03,0.9999,0.00,1
2026-03-17,1860924.22,6.81,670.79,0.9999,0.00,1
2026-03-18,1834959.58,5.53,661.43,0.9999,0.00,1
2026-03-19,1830437.96,5.74,659.80,0.9999,0.00,1
2026-03-20,1799285.94,5.53,648.57,0.9999,0.00,1
2026-03-23,1818176.88,6.6,655.38,0.9999,0.00,2
2026-03-24,1812074.08,6.6,653.18,0.9999,0.00,2
2026-03-25,1822171.44,6.6,656.82,0.9999,0.00,1
2026-03-26,1789632.42,5.53,645.09,0.9999,0.00,2
2026-03-27,1759118.42,5.21,634.09,0.9999,0.00,2
2026-03-30,1753237.54,5.21,631.97,0.9999,0.00,2
2026-03-31,1804195.92,6.6,650.34,0.9999,0.00,1
2026-04-01,1817788.52,7.87,655.24,0.9999,0.00,1
2026-04-02,1819425.18,7.87,655.83,0.9999,0.00,1
2026-04-06,1828024.58,7.87,658.93,0.9999,0.00,1
2026-04-07,1828829.04,7.66,659.22,0.9999,0.00,1
2026-04-08,1875404.50,7.66,676.01,0.9999,0.00,0
2026-04-09,1886223.10,7.98,679.91,0.9999,0.00,0
2026-04-10,1884974.80,7.98,679.46,0.9999,0.00,0
2026-04-13,1903394.16,7.98,686.10,0.9999,0.00,0
2026-04-14,1926584.80,8.19,694.46,0.9999,0.00,0
2026-04-15,1941786.32,8.19,699.94,0.9999,0.00,1
2026-04-16,1946557.60,8.19,701.66,0.9999,0.00,1
2026-04-17,1970081.12,8.19,710.14,0.9999,0.00,1
2026-04-20,1966142.04,8.19,708.72,0.9999,0.00,1
2026-04-21,1953270.68,8.19,704.08,0.9999,0.00,0
2026-04-22,1973049.30,8.19,711.21,0.9999,0.00,1
2026-04-23,1965393.06,8.19,708.45,0.9999,0.00,1
2026-04-24,1980622.32,8.19,713.94,0.9999,0.00,0
2026-04-27,1984034.34,8.19,715.17,0.9999,0.00,0
2026-04-28,1974380.82,8.19,711.69,0.9999,0.00,0
2026-04-29,1974075.68,8.19,711.58,0.9999,0.00,0
2026-04-30,1993715.60,8.19,718.66,0.9999,0.00,0
2026-05-01,1999235.86,8.19,720.65,0.9999,0.00,0
2026-05-04,1991912.50,8.19,718.01,0.9999,0.00,0
2026-05-05,2007890.74,8.19,723.77,0.9999,0.00,0
2026-05-06,2035797.18,8.19,733.83,0.9999,0.00,0
2026-05-07,2029555.68,8.19,731.58,0.9999,0.00,0
2026-05-08,2046310.64,8.19,737.62,0.9999,0.00,0
2026-05-11,2050970.96,8.19,739.30,0.9999,0.00,0
2026-05-12,2047864.08,8.19,738.18,0.9999,0.00,0
2026-05-13,2059320.70,8.19,742.31,0.9999,0.00,0
