date,value,regime,price,position_pct,danger,rsi
2020-01-02,1000000.00,10.0,324.87,1.0000,1.0,50.0
2020-01-03,992428.12,10.0,322.41,1.0000,1.0,50.0
2020-01-06,996214.06,10.0,323.64,1.0000,1.0,50.0
2020-01-07,993413.08,9.47,322.73,1.0000,1.0,50.0
2020-01-08,998707.24,10.0,324.45,1.0000,1.0,50.0
2020-01-09,1005478.84,10.0,326.65,1.0000,1.0,50.0
2020-01-10,1002585.52,10.0,325.71,1.0000,1.0,50.0
2020-01-13,1009480.24,10.0,327.95,1.0000,1.0,50.0
2020-01-14,1007941.24,10.0,327.45,1.0000,1.0,50.0
2020-01-15,1010218.96,10.0,328.19,1.0000,1.0,50.0
2020-01-16,1018621.90,10.0,330.92,1.0000,0.0,50.0
2020-01-17,1021792.24,10.0,331.95,1.0000,0.0,50.0
2020-01-21,1019791.54,10.0,331.30,1.0000,1.0,50.0
2020-01-22,1019914.66,10.0,331.34,1.0000,1.0,50.0
2020-01-23,1021084.30,10.0,331.72,1.0000,1.0,50.0
2020-01-24,1012004.20,10.0,328.77,1.0000,1.0,50.0
2020-01-27,995783.14,8.72,323.50,1.0000,1.0,50.0
2020-01-28,1006217.56,9.79,326.89,1.0000,1.0,50.0
2020-01-29,1005386.50,9.79,326.62,1.0000,1.0,50.0
2020-01-30,1008649.18,9.79,327.68,1.0000,1.0,50.0
2020-01-31,990335.08,7.66,321.73,1.0000,1.0,42.7
2020-02-03,997691.50,8.72,324.12,1.0000,1.0,43.0
2020-02-04,1012896.82,9.79,329.06,1.0000,1.0,52.5
2020-02-05,1024593.22,9.79,332.86,1.0000,1.0,56.7
2020-02-06,1028040.58,10.0,333.98,1.0000,1.0,54.6
2020-02-07,1022561.74,9.79,332.20,1.0000,1.0,50.4
2020-02-10,1030195.18,9.79,334.68,1.0000,1.0,54.7
2020-02-11,1031980.42,9.79,335.26,1.0000,1.0,55.4
2020-02-12,1038628.90,10.0,337.42,1.0000,0.0,57.5
2020-02-13,1037520.82,10.0,337.06,1.0000,1.0,61.7
2020-02-14,1039182.94,10.0,337.60,1.0000,1.0,72.9
2020-02-18,1036505.08,10.0,336.73,1.0000,1.0,67.4
2020-02-19,1041460.66,10.0,338.34,1.0000,1.0,69.8
2020-02-20,1037182.24,9.79,336.95,1.0000,1.0,65.5
2020-02-21,1026501.58,9.26,333.48,1.0000,1.0,71.4
2020-02-24,992458.90,6.6,322.42,1.0000,2.0,47.6
2020-02-25,962386.84,7.13,312.65,1.0000,3.0,30.0
2020-02-26,958847.14,6.6,311.50,1.0000,3.0,22.1
2020-02-27,915785.92,6.28,297.51,1.0000,4.0,14.4
2020-02-28,911938.42,6.81,296.26,1.0000,4.0,14.5
2020-03-02,951429.16,7.34,309.09,1.0000,1.0,29.0
2020-03-03,924188.86,6.28,300.24,1.0000,2.0,24.7
2020-03-04,963033.22,7.34,312.86,1.0000,1.0,34.6
2020-03-05,931022.02,6.28,302.46,1.0000,2.0,30.7
2020-03-06,915632.02,6.28,297.46,1.0000,3.0,28.7
2020-03-09,688260.16,5.96,274.23,0.0000,3.0,23.2
2020-03-10,688260.16,7.02,288.42,0.0000,2.0,30.7
2020-03-11,688260.16,5.96,274.36,0.0000,3.0,27.9
2020-03-12,688260.16,5.96,248.11,0.0000,3.0,24.1
2020-03-13,688260.16,5.74,269.32,0.0000,2.0,34.8
2020-03-16,688260.16,5.74,239.85,0.0000,3.0,31.3
2020-03-17,688260.16,5.74,252.80,0.0000,2.0,35.8
2020-03-18,688260.16,5.74,240.00,0.0000,2.0,36.0
2020-03-19,688260.16,5.74,240.51,0.0000,2.0,36.4
2020-03-20,688260.16,5.74,228.80,0.0000,2.0,30.2
2020-03-23,688260.16,5.74,222.95,0.0000,2.0,30.7
2020-03-24,688260.16,4.47,243.15,0.0000,2.0,33.2
2020-03-25,688260.16,5.53,246.79,0.0000,2.0,36.2
2020-03-26,688260.16,5.53,261.20,0.0000,1.0,41.4
2020-03-27,688260.16,5.32,253.42,0.0000,1.0,44.7
2020-03-30,688260.16,6.06,261.65,1.0000,1.0,42.9
2020-03-31,678003.16,5.85,257.75,1.0000,1.0,45.4
2020-04-01,647495.16,6.91,246.15,1.0000,2.0,49.4
2020-04-02,662433.56,7.13,251.83,1.0000,1.0,44.1
2020-04-03,652860.36,7.13,248.19,1.0000,1.0,53.4
2020-04-06,696702.46,8.4,264.86,1.0000,1.0,54.8
2020-04-07,697412.56,8.62,265.13,1.0000,1.0,61.0
2020-04-08,720819.56,8.62,274.03,1.0000,0.0,63.7
2020-04-09,731786.66,8.62,278.20,1.0000,0.0,71.5
2020-04-13,725106.46,8.62,275.66,1.0000,1.0,73.6
2020-04-14,746488.36,8.62,283.79,1.0000,0.0,70.4
2020-04-15,730629.46,8.62,277.76,1.0000,1.0,65.2
2020-04-16,734153.66,8.62,279.10,1.0000,1.0,60.1
2020-04-17,753983.86,8.62,286.64,1.0000,1.0,68.7
2020-04-20,740702.36,8.62,281.59,1.0000,2.0,61.7
2020-04-21,718215.86,8.62,273.04,1.0000,2.0,58.5
2020-04-22,734153.66,8.94,279.10,1.0000,0.0,69.5
2020-04-23,734101.06,8.94,279.08,1.0000,0.0,67.3
2020-04-24,744331.76,8.94,282.97,1.0000,0.0,72.0
2020-04-27,755062.16,8.94,287.05,1.0000,1.0,66.7
2020-04-28,751590.56,8.94,285.73,1.0000,1.0,65.2
2020-04-29,771262.96,8.94,293.21,1.0000,2.0,64.5
2020-04-30,764083.06,8.94,290.48,1.0000,1.0,59.5
2020-05-01,743858.36,8.94,282.79,1.0000,2.0,55.1
2020-05-04,745909.76,7.98,283.57,1.0000,2.0,49.8
2020-05-05,752800.36,8.19,286.19,1.0000,0.0,57.1
2020-05-06,747698.16,8.19,284.25,1.0000,1.0,54.3
2020-05-07,756719.06,7.98,287.68,1.0000,0.0,50.9
2020-05-08,769237.86,8.3,292.44,1.0000,1.0,59.8
2020-05-11,769395.66,8.72,292.50,1.0000,1.0,70.8
2020-05-12,754062.76,8.4,286.67,1.0000,1.0,58.1
2020-05-13,740728.66,7.13,281.60,1.0000,2.0,52.4
2020-05-14,749591.76,8.19,284.97,1.0000,1.0,52.0
2020-05-15,753037.06,8.4,286.28,1.0000,1.0,49.2
2020-05-18,775970.66,8.51,295.00,1.0000,0.0,58.3
2020-05-19,768001.76,8.19,291.97,1.0000,0.0,48.8
2020-05-20,781046.56,8.51,296.93,1.0000,0.0,56.0
2020-05-21,775655.06,8.51,294.88,1.0000,0.0,62.6
2020-05-22,777127.86,8.51,295.44,1.0000,0.0,62.4
2020-05-26,786701.06,8.51,299.08,1.0000,0.0,63.2
2020-05-27,798404.56,8.51,303.53,1.0000,0.0,68.8
2020-05-28,796931.76,8.72,302.97,1.0000,1.0,65.8
2020-05-29,800482.26,8.51,304.32,1.0000,0.0,63.2
2020-06-01,803717.16,9.26,305.55,1.0000,1.0,64.1
2020-06-02,810371.06,9.26,308.08,1.0000,0.0,75.0
2020-06-03,821154.06,8.72,312.18,1.0000,0.0,86.5
2020-06-04,818997.46,9.26,311.36,1.0000,0.0,83.6
2020-06-05,839984.86,9.47,319.34,1.0000,1.0,86.0
2020-06-08,850136.66,9.26,323.20,1.0000,0.0,84.3
2020-06-09,843798.36,9.26,320.79,1.0000,1.0,85.6
2020-06-10,839090.66,9.26,319.00,1.0000,1.0,79.6
2020-06-11,790724.96,7.87,300.61,1.0000,2.0,55.3
2020-06-12,800192.96,8.94,304.21,1.0000,1.0,57.7
2020-06-15,807662.16,8.94,307.05,1.0000,1.0,57.1
2020-06-16,823205.46,8.94,312.96,1.0000,0.0,58.2
2020-06-17,819786.46,8.94,311.66,1.0000,1.0,57.5
2020-06-18,820102.06,8.94,311.78,1.0000,1.0,56.6
2020-06-19,811843.86,8.94,308.64,1.0000,1.0,52.6
2020-06-22,817051.26,8.94,310.62,1.0000,1.0,52.2
2020-06-23,820812.16,8.94,312.05,1.0000,1.0,49.9
2020-06-24,799877.36,7.87,304.09,1.0000,2.0,44.2
2020-06-25,808451.16,7.87,307.35,1.0000,1.0,39.7
2020-06-26,789252.16,6.81,300.05,1.0000,1.0,31.2
2020-06-29,800850.46,7.87,304.46,1.0000,1.0,37.1
2020-06-30,811107.46,7.87,308.36,1.0000,1.0,41.9
2020-07-01,816788.26,9.26,310.52,1.0000,1.0,60.0
2020-07-02,821285.56,9.26,312.23,1.0000,1.0,58.5
2020-07-06,833962.16,9.26,317.05,1.0000,0.0,60.1
2020-07-07,825362.06,9.26,313.78,1.0000,1.0,50.9
2020-07-08,831674.06,9.26,316.18,1.0000,0.0,54.7
2020-07-09,826940.06,9.26,314.38,1.0000,2.0,52.6
2020-07-10,835382.36,9.26,317.59,1.0000,0.0,59.0
2020-07-13,828149.86,8.94,314.84,1.0000,2.0,54.2
2020-07-14,838880.26,9.26,318.92,1.0000,0.0,56.5
2020-07-15,846586.16,9.26,321.85,1.0000,0.0,68.5
2020-07-16,843798.36,9.26,320.79,1.0000,0.0,64.7
2020-07-17,846244.26,9.26,321.72,1.0000,0.0,77.5
2020-07-20,853082.26,9.47,324.32,1.0000,0.0,76.4
2020-07-21,854896.96,9.47,325.01,1.0000,0.0,74.2
2020-07-22,859762.46,9.47,326.86,1.0000,0.0,74.0
2020-07-23,849505.46,9.26,322.96,1.0000,1.0,64.8
2020-07-24,844035.06,9.26,320.88,1.0000,2.0,55.7
2020-07-27,850189.26,9.47,323.22,1.0000,1.0,64.5
2020-07-28,844797.76,9.26,321.17,1.0000,2.0,57.7
2020-07-29,855186.26,9.47,325.12,1.0000,1.0,65.6
2020-07-30,852135.46,9.47,323.96,1.0000,1.0,59.8
2020-07-31,858868.26,9.47,326.52,1.0000,1.0,68.1
2020-08-03,864838.36,9.47,328.79,1.0000,0.0,66.2
2020-08-04,868178.46,9.47,330.06,1.0000,0.0,64.3
2020-08-05,873569.96,9.47,332.11,1.0000,0.0,69.1
2020-08-06,879408.56,9.47,334.33,1.0000,0.0,70.3
2020-08-07,880039.76,9.47,334.57,1.0000,0.0,67.9
2020-08-10,882669.76,9.47,335.57,1.0000,0.0,68.2
2020-08-11,875384.66,9.47,332.80,1.0000,1.0,59.9
2020-08-12,887587.86,9.47,337.44,1.0000,0.0,73.7
2020-08-13,885983.56,9.47,336.83,1.0000,0.0,77.4
2020-08-14,886009.86,9.47,336.84,1.0000,0.0,75.4
2020-08-17,888823.96,9.47,337.91,1.0000,0.0,82.4
2020-08-18,890743.86,8.94,338.64,1.0000,0.0,79.9
2020-08-19,887035.56,8.94,337.23,1.0000,1.0,79.0
2020-08-20,889797.06,8.94,338.28,1.0000,1.0,77.6
2020-08-21,892953.06,9.47,339.48,1.0000,1.0,76.4
2020-08-24,902000.26,9.47,342.92,1.0000,0.0,78.7
2020-08-25,905156.26,9.47,344.12,1.0000,0.0,77.8
2020-08-26,914229.76,9.47,347.57,1.0000,0.0,79.0
2020-08-27,916228.56,9.47,348.33,1.0000,0.0,79.5
2020-08-28,922146.06,9.47,350.58,1.0000,0.0,80.5
2020-08-31,918805.96,9.26,349.31,1.0000,1.0,85.8
2020-09-01,927458.66,9.26,352.60,1.0000,1.0,84.9
2020-09-02,940871.66,9.26,357.70,1.0000,1.0,89.8
2020-09-03,908496.36,8.94,345.39,1.0000,2.0,61.1
2020-09-04,901079.76,7.87,342.57,1.0000,2.0,55.8
2020-09-08,876462.96,6.81,333.21,1.0000,2.0,44.4
2020-09-09,893768.36,8.19,339.79,1.0000,2.0,52.4
2020-09-10,878251.36,7.13,333.89,1.0000,2.0,46.3
2020-09-11,878698.46,7.13,334.06,1.0000,2.0,45.3
2020-09-14,890270.46,8.19,338.46,1.0000,2.0,46.2
2020-09-15,894767.76,8.19,340.17,1.0000,2.0,46.7
2020-09-16,891217.26,8.19,338.82,1.0000,2.0,42.4
2020-09-17,883379.86,8.19,335.84,1.0000,2.0,39.5
2020-09-18,869730.16,6.6,330.65,1.0000,2.0,34.0
2020-09-21,860051.76,6.6,326.97,1.0000,3.0,32.8
2020-09-22,868809.66,7.66,330.30,1.0000,2.0,32.8
2020-09-23,848663.86,7.13,322.64,1.0000,2.0,24.0
2020-09-24,850925.66,6.6,323.50,1.0000,2.0,30.5
2020-09-25,864680.56,7.66,328.73,1.0000,1.0,38.2
2020-09-28,879040.36,7.66,334.19,1.0000,1.0,50.9
2020-09-29,874253.76,7.66,332.37,1.0000,1.0,42.5
2020-09-30,880881.36,7.66,334.89,1.0000,1.0,51.1
2020-10-01,886535.86,8.72,337.04,1.0000,1.0,53.1
2020-10-02,878119.86,8.72,333.84,1.0000,2.0,45.1
2020-10-05,893689.46,7.45,339.76,1.0000,2.0,49.6
2020-10-06,880986.56,7.45,334.93,1.0000,2.0,46.5
2020-10-07,896319.46,7.45,340.76,1.0000,2.0,54.3
2020-10-08,904262.06,7.45,343.78,1.0000,0.0,61.8
2020-10-09,912336.16,7.45,346.85,1.0000,0.0,68.1
2020-10-12,927011.56,7.45,352.43,1.0000,0.0,69.4
2020-10-13,920962.56,7.45,350.13,1.0000,0.0,76.5
2020-10-14,915176.56,7.45,347.93,1.0000,0.0,73.0
2020-10-15,914045.66,7.98,347.50,1.0000,2.0,69.4
2020-10-16,913493.36,7.98,347.29,1.0000,2.0,65.2
2020-10-19,899606.96,9.26,342.01,1.0000,2.0,60.4
2020-10-20,903210.06,9.26,343.38,1.0000,2.0,59.4
2020-10-21,901500.56,9.26,342.73,1.0000,2.0,56.5
2020-10-22,906444.96,9.26,344.61,1.0000,2.0,62.6
2020-10-23,909522.06,9.26,345.78,1.0000,1.0,58.0
2020-10-26,892716.36,7.87,339.39,1.0000,2.0,55.7
2020-10-27,889639.26,7.87,338.22,1.0000,2.0,46.3
2020-10-28,859236.46,6.81,326.66,1.0000,2.0,30.2
2020-10-29,867968.06,7.87,329.98,1.0000,1.0,30.6
2020-10-30,858920.86,6.81,326.54,1.0000,1.0,18.7
2020-11-02,868546.66,7.87,330.20,1.0000,1.0,26.7
2020-11-03,883879.56,7.87,336.03,1.0000,1.0,37.2
2020-11-04,903630.86,9.26,343.54,1.0000,1.0,46.3
2020-11-05,921251.86,9.26,350.24,1.0000,0.0,52.5
2020-11-06,921041.46,9.47,350.16,1.0000,0.0,57.4
2020-11-09,932613.46,9.26,354.56,1.0000,0.0,59.7
2020-11-10,931245.86,9.47,354.04,1.0000,0.0,59.8
2020-11-11,938162.76,9.47,356.67,1.0000,0.0,60.3
2020-11-12,929062.96,9.26,353.21,1.0000,0.0,56.1
2020-11-13,941923.66,9.47,358.10,1.0000,0.0,65.8
2020-11-16,953679.76,9.47,362.57,1.0000,0.0,69.5
2020-11-17,948551.26,9.47,360.62,1.0000,0.0,82.1
2020-11-18,937137.06,9.47,356.28,1.0000,1.0,74.4
2020-11-19,941082.06,9.47,357.78,1.0000,0.0,80.1
2020-11-20,934638.56,9.47,355.33,1.0000,1.0,74.8
2020-11-23,940240.46,9.47,357.46,1.0000,1.0,72.8
2020-11-24,955389.26,9.47,363.22,1.0000,0.0,71.7
2020-11-25,953916.46,9.47,362.66,1.0000,0.0,65.9
2020-11-27,956572.76,9.47,363.67,1.0000,0.0,66.9
2020-11-30,952338.46,9.47,362.06,1.0000,1.0,60.1
2020-12-01,962753.26,8.94,366.02,1.0000,0.0,64.7
2020-12-02,964778.36,8.94,366.79,1.0000,0.0,63.0
2020-12-03,964515.36,8.94,366.69,1.0000,0.0,69.0
2020-12-04,972826.16,8.94,369.85,1.0000,0.0,67.4
2020-12-07,970827.36,9.47,369.09,1.0000,0.0,60.8
2020-12-08,973667.76,9.47,370.17,1.0000,0.0,66.4
2020-12-09,964936.16,9.47,366.85,1.0000,1.0,68.8
2020-12-10,964620.56,9.47,366.73,1.0000,1.0,66.7
2020-12-11,963489.66,8.94,366.30,1.0000,1.0,72.1
2020-12-14,959176.46,8.94,364.66,1.0000,1.0,64.8
2020-12-15,972142.36,8.94,369.59,1.0000,1.0,63.6
2020-12-16,973667.76,8.94,370.17,1.0000,1.0,66.0
2020-12-17,979111.86,8.94,372.24,1.0000,0.0,67.5
2020-12-18,971064.06,8.94,369.18,1.0000,1.0,63.7
2020-12-21,967592.46,8.72,367.86,1.0000,2.0,53.9
2020-12-22,965961.86,8.94,367.24,1.0000,1.0,51.0
2020-12-23,966829.76,9.47,367.57,1.0000,1.0,51.9
2020-12-24,970590.66,9.47,369.00,1.0000,1.0,48.0
2020-12-28,978927.76,9.47,372.17,1.0000,1.0,56.4
2020-12-29,977060.46,9.47,371.46,1.0000,1.0,52.7
2020-12-30,978454.36,9.47,371.99,1.0000,1.0,62.3
2020-12-31,983425.06,9.47,373.88,1.0000,1.0,65.7
2021-01-04,970038.36,9.26,368.79,1.0000,2.0,54.5
2021-01-05,976718.56,8.72,371.33,1.0000,1.0,61.8
2021-01-06,982557.16,8.72,373.55,1.0000,1.0,57.7
2021-01-07,997153.66,8.94,379.10,1.0000,0.0,64.6
2021-01-08,1002834.46,8.94,381.26,1.0000,0.0,64.7
2021-01-11,996075.36,8.94,378.69,1.0000,1.0,65.8
2021-01-12,996285.76,8.94,378.77,1.0000,1.0,68.9
2021-01-13,998968.36,8.94,379.79,1.0000,1.0,71.4
2021-01-14,995470.46,8.94,378.46,1.0000,1.0,68.0
2021-01-15,988211.66,7.66,375.70,1.0000,1.0,60.6
2021-01-19,995970.16,7.66,378.65,1.0000,1.0,60.3
2021-01-20,1009751.36,7.66,383.89,1.0000,0.0,67.3
2021-01-21,1010671.86,7.66,384.24,1.0000,0.0,67.1
2021-01-22,1007095.06,7.66,382.88,1.0000,1.0,62.8
2021-01-25,1011066.36,7.66,384.39,1.0000,1.0,74.7
2021-01-26,1009488.36,7.66,383.79,1.0000,1.0,71.0
2021-01-27,984818.96,6.06,374.41,1.0000,2.0,51.2
2021-01-28,993287.56,7.13,377.63,1.0000,1.0,47.9
2021-01-29,973404.76,5.0,370.07,1.0000,1.0,36.0
2021-02-01,989605.56,7.13,376.23,1.0000,1.0,47.2
2021-02-02,1003597.16,7.45,381.55,1.0000,1.0,52.9
2021-02-03,1004386.16,7.66,381.85,1.0000,1.0,52.1
2021-02-04,1015800.36,7.66,386.19,1.0000,0.0,57.6
2021-02-05,1019797.96,7.66,387.71,1.0000,0.0,62.1
2021-02-08,1027161.96,7.66,390.51,1.0000,0.0,61.9
2021-02-09,1026478.16,7.66,390.25,1.0000,0.0,57.1
2021-02-10,1026031.06,7.66,390.08,1.0000,0.0,56.6
2021-02-11,1027687.96,7.66,390.71,1.0000,1.0,58.9
2021-02-12,1032763.86,7.98,392.64,1.0000,0.0,59.3
2021-02-16,1031869.66,7.66,392.30,1.0000,1.0,59.7
2021-02-17,1032106.36,7.66,392.39,1.0000,1.0,76.0
2021-02-18,1027714.26,7.66,390.72,1.0000,1.0,69.8
2021-02-19,1025899.56,7.66,390.03,1.0000,1.0,88.1
2021-02-22,1018009.56,7.66,387.03,1.0000,1.0,73.4
2021-02-23,1019245.66,7.66,387.50,1.0000,1.0,66.3
2021-02-24,1030475.76,7.66,391.77,1.0000,1.0,72.4
2021-02-25,1005648.56,7.45,382.33,1.0000,2.0,42.9
2021-02-26,1000467.46,6.38,380.36,1.0000,2.0,36.7
2021-03-01,1024716.06,7.66,389.58,1.0000,1.0,48.6
2021-03-02,1016720.86,7.66,386.54,1.0000,1.0,45.0
2021-03-03,1003255.26,6.38,381.42,1.0000,1.0,39.7
2021-03-04,990841.66,5.32,376.70,1.0000,1.0,34.8
2021-03-05,1009067.56,6.6,383.63,1.0000,1.0,41.2
2021-03-08,1004044.26,6.38,381.72,1.0000,1.0,39.9
2021-03-09,1018377.76,7.66,387.17,1.0000,1.0,45.5
2021-03-10,1024716.06,7.66,389.58,1.0000,1.0,49.0
2021-03-11,1035104.56,7.66,393.53,1.0000,1.0,52.8
2021-03-12,1036498.46,7.66,394.06,1.0000,1.0,55.9
2021-03-15,1042678.96,7.66,396.41,1.0000,0.0,57.3
2021-03-16,1041363.96,7.98,395.91,1.0000,1.0,53.6
2021-03-17,1044914.46,7.98,397.26,1.0000,0.0,65.1
2021-03-18,1029713.06,7.66,391.48,1.0000,1.0,60.4
2021-03-19,1024453.06,8.19,389.48,1.0000,1.0,49.9
2021-03-22,1032632.36,8.51,392.59,1.0000,1.0,56.6
2021-03-23,1024505.66,8.19,389.50,1.0000,1.0,59.2
2021-03-24,1019298.26,8.19,387.52,1.0000,1.0,63.1
2021-03-25,1025031.66,8.51,389.70,1.0000,1.0,58.3
2021-03-26,1041548.06,8.51,395.98,1.0000,1.0,67.4
2021-03-29,1041022.06,8.19,395.78,1.0000,1.0,62.1
2021-03-30,1038260.56,7.66,394.73,1.0000,1.0,57.5
2021-03-31,1042468.56,8.51,396.33,1.0000,1.0,54.4
2021-04-01,1053724.96,8.51,400.61,1.0000,0.0,59.2
2021-04-05,1068847.46,8.51,406.36,1.0000,0.0,62.7
2021-04-06,1068216.26,9.79,406.12,1.0000,0.0,63.1
2021-04-07,1069452.36,9.79,406.59,1.0000,0.0,62.3
2021-04-08,1074528.26,9.79,408.52,1.0000,0.0,74.9
2021-04-09,1082339.36,9.79,411.49,1.0000,0.0,81.3
2021-04-12,1082733.86,9.79,411.64,1.0000,0.0,79.6
2021-04-13,1085942.46,8.51,412.86,1.0000,0.0,88.5
2021-04-14,1082234.16,7.98,411.45,1.0000,0.0,90.2
2021-04-15,1093858.76,8.51,415.87,1.0000,0.0,90.9
2021-04-16,1097514.46,7.98,417.26,1.0000,0.0,89.3
2021-04-19,1092122.96,7.98,415.21,1.0000,0.0,83.6
2021-04-20,1084127.76,7.98,412.17,1.0000,1.0,78.2
2021-04-21,1094384.76,7.98,416.07,1.0000,0.0,79.7
2021-04-22,1084390.76,7.98,412.27,1.0000,1.0,67.8
2021-04-23,1096146.86,7.98,416.74,1.0000,1.0,66.5
2021-04-26,1098434.96,7.98,417.61,1.0000,1.0,67.9
2021-04-27,1098198.26,7.98,417.52,1.0000,1.0,67.2
2021-04-28,1097882.66,7.98,417.40,1.0000,1.0,64.8
2021-04-29,1104878.46,7.98,420.06,1.0000,0.0,64.5
2021-04-30,1097619.66,7.98,417.30,1.0000,1.0,58.8
2021-05-03,1099986.66,7.98,418.20,1.0000,1.0,58.4
2021-05-04,1093201.26,7.98,415.62,1.0000,1.0,56.3
2021-05-05,1093543.16,7.98,415.75,1.0000,1.0,49.8
2021-05-06,1102274.76,7.98,419.07,1.0000,1.0,52.9
2021-05-07,1110296.26,7.98,422.12,1.0000,1.0,60.9
2021-05-10,1099302.86,7.98,417.94,1.0000,1.0,58.8
2021-05-11,1089492.96,6.6,414.21,1.0000,1.0,47.2
2021-05-12,1066348.96,5.32,405.41,1.0000,2.0,40.9
2021-05-13,1079157.06,6.6,410.28,1.0000,1.0,41.5
2021-05-14,1095726.06,7.98,416.58,1.0000,1.0,48.8
2021-05-17,1092938.26,7.98,415.52,1.0000,1.0,47.8
2021-05-18,1083522.86,6.6,411.94,1.0000,1.0,44.3
2021-05-19,1080682.46,6.6,410.86,1.0000,1.0,40.1
2021-05-20,1092307.06,7.66,415.28,1.0000,1.0,47.9
2021-05-21,1091412.86,7.66,414.94,1.0000,1.0,46.6
2021-05-24,1102537.76,7.98,419.17,1.0000,1.0,53.6
2021-05-25,1100091.86,7.98,418.24,1.0000,1.0,52.5
2021-05-26,1102274.76,7.98,419.07,1.0000,1.0,50.0
2021-05-27,1102853.36,7.98,419.29,1.0000,1.0,46.8
2021-05-28,1104825.86,7.98,420.04,1.0000,1.0,52.6
2021-06-01,1103852.76,7.98,419.67,1.0000,1.0,57.2
2021-06-02,1105588.56,7.98,420.33,1.0000,1.0,75.2
2021-06-03,1101485.76,8.51,418.77,1.0000,1.0,66.1
2021-06-04,1111558.66,7.98,422.60,1.0000,1.0,62.6
2021-06-07,1110480.36,8.51,422.19,1.0000,1.0,64.4
2021-06-08,1110717.06,8.51,422.28,1.0000,1.0,76.2
2021-06-09,1109060.16,8.51,421.65,1.0000,1.0,78.0
2021-06-10,1114214.96,8.51,423.61,1.0000,1.0,74.8
2021-06-11,1116055.96,7.98,424.31,1.0000,1.0,77.3
2021-06-14,1118554.46,7.98,425.26,1.0000,1.0,71.9
2021-06-15,1116503.06,7.98,424.48,1.0000,1.0,72.7
2021-06-16,1110269.96,7.98,422.11,1.0000,1.0,59.9
2021-06-17,1109901.76,7.98,421.97,1.0000,1.0,58.8
2021-06-18,1091360.26,5.53,414.92,1.0000,1.0,38.1
2021-06-21,1106982.46,7.98,420.86,1.0000,1.0,52.2
2021-06-22,1112899.96,7.98,423.11,1.0000,1.0,54.8
2021-06-23,1111558.66,7.98,422.60,1.0000,1.0,56.9
2021-06-24,1118133.66,7.98,425.10,1.0000,1.0,54.8
2021-06-25,1122104.96,7.98,426.61,1.0000,1.0,58.1
2021-06-28,1124366.76,7.98,427.47,1.0000,1.0,59.2
2021-06-29,1124971.66,7.98,427.70,1.0000,1.0,60.9
2021-06-30,1125918.46,7.98,428.06,1.0000,1.0,58.5
2021-07-01,1132151.56,7.98,430.43,1.0000,1.0,61.0
2021-07-02,1140804.26,7.98,433.72,1.0000,0.0,64.0
2021-07-06,1138726.56,7.98,432.93,1.0000,1.0,64.0
2021-07-07,1142750.46,7.98,434.46,1.0000,1.0,71.1
2021-07-08,1133440.26,7.98,430.92,1.0000,1.0,63.7
2021-07-09,1145538.26,8.51,435.52,1.0000,1.0,84.0
2021-07-12,1149641.06,8.51,437.08,1.0000,1.0,81.3
2021-07-13,1145722.36,8.51,435.59,1.0000,1.0,74.8
2021-07-14,1147431.86,8.51,436.24,1.0000,1.0,77.0
2021-07-15,1143513.16,8.51,434.75,1.0000,1.0,69.9
2021-07-16,1134544.86,8.51,431.34,1.0000,1.0,59.0
2021-07-19,1117791.76,7.13,424.97,1.0000,1.0,46.1
2021-07-20,1133808.46,8.51,431.06,1.0000,1.0,54.5
2021-07-21,1142987.16,8.51,434.55,1.0000,1.0,58.0
2021-07-22,1145380.46,8.51,435.46,1.0000,1.0,56.4
2021-07-23,1157162.86,8.51,439.94,1.0000,1.0,57.7
2021-07-26,1160003.26,8.51,441.02,1.0000,1.0,59.9
2021-07-27,1154716.96,8.51,439.01,1.0000,1.0,55.5
2021-07-28,1154243.56,8.51,438.83,1.0000,1.0,60.5
2021-07-29,1159030.16,7.66,440.65,1.0000,1.0,57.3
2021-07-30,1153401.96,9.79,438.51,1.0000,1.0,52.0
2021-08-02,1150982.36,9.79,437.59,1.0000,1.0,52.9
2021-08-03,1160345.16,8.94,441.15,1.0000,1.0,56.5
2021-08-04,1154638.06,8.94,438.98,1.0000,1.0,55.5
2021-08-05,1161949.46,9.79,441.76,1.0000,1.0,63.7
2021-08-06,1163869.36,9.79,442.49,1.0000,1.0,77.1
2021-08-09,1162922.56,9.79,442.13,1.0000,1.0,70.8
2021-08-10,1164369.06,9.79,442.68,1.0000,1.0,67.2
2021-08-11,1167262.06,9.79,443.78,1.0000,1.0,67.4
2021-08-12,1170759.96,8.94,445.11,1.0000,1.0,62.5
2021-08-13,1172890.26,8.94,445.92,1.0000,1.0,62.0
2021-08-16,1175651.76,9.79,446.97,1.0000,1.0,70.4
2021-08-17,1167945.86,9.79,444.04,1.0000,2.0,61.7
2021-08-18,1155164.06,8.4,439.18,1.0000,2.0,47.1
2021-08-19,1156952.46,8.4,439.86,1.0000,2.0,52.8
2021-08-20,1166157.46,9.79,443.36,1.0000,1.0,60.9
2021-08-23,1176414.46,9.79,447.26,1.0000,1.0,61.4
2021-08-24,1178281.76,9.79,447.97,1.0000,1.0,67.8
2021-08-25,1180753.96,9.79,448.91,1.0000,1.0,65.2
2021-08-26,1173784.46,9.26,446.26,1.0000,1.0,57.4
2021-08-27,1184278.16,9.26,450.25,1.0000,1.0,64.0
2021-08-30,1189485.56,9.26,452.23,1.0000,1.0,65.7
2021-08-31,1187723.46,9.26,451.56,1.0000,1.0,63.0
2021-09-01,1188354.66,9.26,451.80,1.0000,1.0,61.6
2021-09-02,1192010.36,9.26,453.19,1.0000,1.0,62.3
2021-09-03,1191721.06,9.26,453.08,1.0000,1.0,60.7
2021-09-07,1187460.46,7.98,451.46,1.0000,1.0,63.6
2021-09-08,1186013.96,7.98,450.91,1.0000,1.0,75.6
2021-09-09,1180938.06,7.98,448.98,1.0000,1.0,68.9
2021-09-10,1171627.86,7.66,445.44,1.0000,1.0,54.3
2021-09-13,1174626.06,7.98,446.58,1.0000,1.0,48.4
2021-09-14,1168287.76,6.91,444.17,1.0000,1.0,41.8
2021-09-15,1178045.06,7.98,447.88,1.0000,1.0,48.0
2021-09-16,1176177.76,7.98,447.17,1.0000,1.0,51.9
2021-09-17,1161002.66,5.53,441.40,1.0000,1.0,32.8
2021-09-20,1141645.86,5.32,434.04,1.0000,2.0,20.8
2021-09-21,1140567.56,5.53,433.63,1.0000,1.0,21.0
2021-09-22,1151692.46,6.6,437.86,1.0000,1.0,30.0
2021-09-23,1165684.06,7.98,443.18,1.0000,1.0,37.1
2021-09-24,1167603.96,7.98,443.91,1.0000,1.0,38.4
2021-09-27,1164263.86,7.98,442.64,1.0000,1.0,38.7
2021-09-28,1140804.26,5.53,433.72,1.0000,1.0,31.9
2021-09-29,1142724.16,5.53,434.45,1.0000,1.0,34.3
2021-09-30,1128758.86,5.53,429.14,1.0000,1.0,33.0
2021-10-01,1142171.86,6.6,434.24,1.0000,1.0,38.1
2021-10-04,1127443.86,5.53,428.64,1.0000,1.0,35.9
2021-10-05,1139173.66,6.6,433.10,1.0000,1.0,36.8
2021-10-06,1143907.66,6.6,434.90,1.0000,1.0,39.2
2021-10-07,1153796.46,7.98,438.66,1.0000,1.0,47.5
2021-10-08,1151692.46,7.77,437.86,1.0000,1.0,53.9
2021-10-11,1143355.36,6.6,434.69,1.0000,1.0,51.0
2021-10-12,1140541.26,6.91,433.62,1.0000,1.0,45.6
2021-10-13,1144644.06,6.91,435.18,1.0000,1.0,41.0
2021-10-14,1163895.66,7.98,442.50,1.0000,1.0,48.6
2021-10-15,1172758.76,7.77,445.87,1.0000,1.0,53.0
2021-10-18,1176230.36,7.77,447.19,1.0000,1.0,64.8
2021-10-19,1185303.86,7.98,450.64,1.0000,0.0,66.8
2021-10-20,1189958.96,7.98,452.41,1.0000,0.0,76.1
2021-10-21,1193062.36,8.51,453.59,1.0000,0.0,73.8
2021-10-22,1191826.26,8.51,453.12,1.0000,0.0,84.5
2021-10-25,1198217.16,8.51,455.55,1.0000,0.0,83.5
2021-10-26,1199295.46,8.51,455.96,1.0000,0.0,82.8
2021-10-27,1193982.86,8.51,453.94,1.0000,2.0,75.2
2021-10-28,1205502.26,8.51,458.32,1.0000,1.0,80.2
2021-10-29,1207948.16,7.98,459.25,1.0000,0.0,88.8
2021-11-01,1210025.86,7.98,460.04,1.0000,0.0,92.1
2021-11-02,1214917.66,7.98,461.90,1.0000,0.0,92.1
2021-11-03,1222334.26,7.98,464.72,1.0000,0.0,90.8
2021-11-04,1228093.96,7.98,466.91,1.0000,0.0,90.4
2021-11-05,1232354.56,8.51,468.53,1.0000,0.0,90.5
2021-11-08,1233406.56,8.51,468.93,1.0000,0.0,89.3
2021-11-09,1229330.06,7.98,467.38,1.0000,0.0,82.5
2021-11-10,1219441.26,8.51,463.62,1.0000,1.0,69.6
2021-11-11,1219835.76,8.51,463.77,1.0000,1.0,71.0
2021-11-12,1229040.76,8.51,467.27,1.0000,1.0,72.2
2021-11-15,1229461.56,8.51,467.43,1.0000,1.0,71.9
2021-11-16,1234327.06,8.51,469.28,1.0000,1.0,79.5
2021-11-17,1231328.86,8.51,468.14,1.0000,1.0,71.6
2021-11-18,1235510.56,8.51,469.73,1.0000,1.0,72.4
2021-11-19,1233301.36,7.98,468.89,1.0000,1.0,68.9
2021-11-22,1229829.76,8.51,467.57,1.0000,1.0,62.4
2021-11-23,1231460.36,8.51,468.19,1.0000,1.0,58.4
2021-11-24,1234747.86,8.51,469.44,1.0000,1.0,56.4
2021-11-26,1207211.76,5.85,458.97,1.0000,3.0,33.3
2021-11-29,1222018.66,8.19,464.60,1.0000,1.0,43.6
2021-11-30,1198243.46,7.13,455.56,1.0000,2.0,35.7
2021-12-01,1184935.66,6.81,450.50,1.0000,2.0,34.6
2021-12-02,1203082.66,8.19,457.40,1.0000,1.0,43.5
2021-12-03,1192615.26,7.87,453.42,1.0000,2.0,36.1
2021-12-06,1206738.36,8.19,458.79,1.0000,1.0,42.2
2021-12-07,1231697.06,9.47,468.28,1.0000,1.0,49.2
2021-12-08,1234958.26,9.79,469.52,1.0000,1.0,51.1
2021-12-09,1226621.16,8.94,466.35,1.0000,1.0,47.4
2021-12-10,1238166.86,9.79,470.74,1.0000,1.0,51.4
2021-12-13,1227199.76,8.94,466.57,1.0000,1.0,49.3
2021-12-14,1218757.46,9.47,463.36,1.0000,1.0,46.7
2021-12-15,1237798.66,9.26,470.60,1.0000,1.0,50.7
2021-12-16,1226884.16,8.94,466.45,1.0000,1.0,55.1
2021-12-17,1209578.76,7.66,459.87,1.0000,1.0,46.8
2021-12-20,1196718.06,6.6,454.98,1.0000,1.0,49.6
2021-12-21,1217968.46,7.66,463.06,1.0000,1.0,58.6
2021-12-22,1230145.36,7.98,467.69,1.0000,1.0,57.3
2021-12-23,1237798.66,7.98,470.60,1.0000,2.0,62.4
2021-12-27,1255314.46,7.98,477.26,1.0000,1.0,63.0
2021-12-28,1254288.76,7.98,476.87,1.0000,1.0,57.0
2021-12-29,1255893.06,7.98,477.48,1.0000,1.0,56.5
2021-12-30,1252421.46,7.98,476.16,1.0000,2.0,58.3
2021-12-31,1249265.46,7.98,474.96,1.0000,2.0,53.8
2022-01-03,1256497.96,7.98,477.71,1.0000,2.0,60.2
2022-01-04,1256077.16,7.98,477.55,1.0000,2.0,63.8
2022-01-05,1231960.06,7.98,468.38,1.0000,2.0,47.9
2022-01-06,1230802.86,7.98,467.94,1.0000,2.0,51.5
2022-01-07,1225937.36,7.98,466.09,1.0000,2.0,56.9
2022-01-10,1224411.96,7.98,465.51,1.0000,2.0,62.9
2022-01-11,1235563.16,7.98,469.75,1.0000,2.0,59.1
2022-01-12,1238903.26,8.51,471.02,1.0000,2.0,55.0
2022-01-13,1221834.56,7.13,464.53,1.0000,2.0,41.8
2022-01-14,1222334.26,7.45,464.72,1.0000,1.0,29.5
2022-01-18,1200689.36,6.06,456.49,1.0000,1.0,23.5
2022-01-19,1188223.16,6.06,451.75,1.0000,1.0,19.8
2022-01-20,1175073.16,5.85,446.75,1.0000,2.0,18.2
2022-01-21,1152008.06,7.13,437.98,1.0000,2.0,15.7
2022-01-24,1156899.86,7.13,439.84,1.0000,2.0,14.3
2022-01-25,1142776.76,6.81,434.47,1.0000,3.0,13.0
2022-01-26,1139910.06,5.96,433.38,1.0000,3.0,15.1
2022-01-27,1134281.86,6.81,431.24,1.0000,3.0,14.6
2022-01-28,1162449.16,8.19,441.95,1.0000,1.0,30.1
2022-01-31,1183383.96,7.55,449.91,1.0000,1.0,38.5
2022-02-01,1191379.16,8.62,452.95,1.0000,1.0,37.4
2022-02-02,1202951.16,8.62,457.35,1.0000,1.0,40.2
2022-02-03,1174678.66,8.4,446.60,1.0000,1.0,37.9
2022-02-04,1180201.66,8.62,448.70,1.0000,1.0,39.5
2022-02-07,1176414.46,8.4,447.26,1.0000,1.0,43.3
2022-02-08,1186092.86,9.47,450.94,1.0000,1.0,49.4
2022-02-09,1203450.86,9.57,457.54,1.0000,1.0,57.7
2022-02-10,1181832.26,9.26,449.32,1.0000,1.0,58.2
2022-02-11,1158530.46,7.98,440.46,1.0000,2.0,50.4
2022-02-14,1154743.26,7.98,439.02,1.0000,2.0,53.1
2022-02-15,1173363.66,9.04,446.10,1.0000,1.0,58.1
2022-02-16,1174678.66,9.26,446.60,1.0000,1.0,60.0
2022-02-17,1149588.46,7.98,437.06,1.0000,2.0,46.8
2022-02-18,1142145.56,8.19,434.23,1.0000,2.0,38.9
2022-02-22,1129889.76,7.13,429.57,1.0000,2.0,33.8
2022-02-23,1109849.16,6.28,421.95,1.0000,2.0,26.5
2022-02-24,1126549.66,7.87,428.30,1.0000,2.0,37.1
2022-02-25,1151403.16,8.72,437.75,1.0000,1.0,43.0
2022-02-28,1148457.56,7.34,436.63,1.0000,2.0,43.2
2022-03-01,1130968.06,7.34,429.98,1.0000,2.0,37.0
2022-03-02,1151771.36,8.4,437.89,1.0000,1.0,38.1
2022-03-03,1146037.96,7.34,435.71,1.0000,1.0,41.1
2022-03-04,1136727.76,7.34,432.17,1.0000,2.0,44.2
2022-03-07,1103221.56,6.28,419.43,1.0000,2.0,38.1
2022-03-08,1094858.16,6.28,416.25,1.0000,2.0,30.9
2022-03-09,1124208.96,7.34,427.41,1.0000,1.0,39.2
2022-03-10,1119133.06,7.34,425.48,1.0000,1.0,42.9
2022-03-11,1104904.76,7.34,420.07,1.0000,1.0,41.6
2022-03-14,1096830.66,6.28,417.00,1.0000,1.0,42.4
2022-03-15,1120947.76,8.19,426.17,1.0000,1.0,52.5
2022-03-16,1145801.26,8.83,435.62,1.0000,1.0,54.2
2022-03-17,1160134.76,8.83,441.07,1.0000,0.0,52.0
2022-03-18,1169208.26,9.04,444.52,1.0000,0.0,54.6
2022-03-21,1168866.36,9.04,444.39,1.0000,0.0,59.1
2022-03-22,1182542.36,9.04,449.59,1.0000,0.0,57.7
2022-03-23,1167314.66,9.04,443.80,1.0000,1.0,55.1
2022-03-24,1184909.36,9.26,450.49,1.0000,0.0,61.1
2022-03-25,1190695.36,9.47,452.69,1.0000,0.0,73.0
2022-03-28,1199163.96,9.79,455.91,1.0000,0.0,77.4
2022-03-29,1213997.16,9.79,461.55,1.0000,0.0,75.6
2022-03-30,1206501.66,9.79,458.70,1.0000,0.0,74.5
2022-03-31,1187933.86,9.47,451.64,1.0000,1.0,72.8
2022-04-01,1191300.26,9.79,452.92,1.0000,1.0,76.6
2022-04-04,1201504.66,9.79,456.80,1.0000,0.0,74.6
2022-04-05,1186329.56,9.47,451.03,1.0000,1.0,63.1
2022-04-06,1174468.26,9.47,446.52,1.0000,1.0,54.7
2022-04-07,1180385.76,9.47,448.77,1.0000,1.0,53.8
2022-04-08,1177229.76,9.47,447.57,1.0000,1.0,52.8
2022-04-11,1157110.26,8.4,439.92,1.0000,1.0,41.9
2022-04-12,1152823.36,8.4,438.29,1.0000,1.0,45.1
2022-04-13,1166025.96,8.4,443.31,1.0000,1.0,43.4
2022-04-14,1151508.36,7.34,437.79,1.0000,1.0,37.0
2022-04-18,1151981.76,7.34,437.97,1.0000,1.0,33.5
2022-04-19,1170575.86,8.4,445.04,1.0000,1.0,35.2
2022-04-20,1169707.96,8.4,444.71,1.0000,1.0,36.9
2022-04-21,1152218.46,7.34,438.06,1.0000,1.0,37.2
2022-04-22,1120605.86,7.13,426.04,1.0000,2.0,28.9
2022-04-25,1127101.96,6.6,428.51,1.0000,2.0,27.3
2022-04-26,1094463.66,6.81,416.10,1.0000,2.0,24.7
2022-04-27,1097540.76,6.81,417.27,1.0000,1.0,27.7
2022-04-28,1125260.96,8.19,427.81,1.0000,1.0,35.8
2022-04-29,1083680.66,6.81,412.00,1.0000,2.0,29.9
2022-05-02,1090203.06,6.81,414.48,1.0000,2.0,34.7
2022-05-03,1095200.06,6.6,416.38,1.0000,1.0,36.9
2022-05-04,1128548.46,9.04,429.06,1.0000,1.0,42.2
2022-05-05,1088440.96,6.81,413.81,1.0000,1.0,38.1
2022-05-06,1081944.86,6.81,411.34,1.0000,1.0,37.1
2022-05-09,1047307.76,6.81,398.17,1.0000,3.0,28.6
2022-05-10,1049727.36,6.81,399.09,1.0000,1.0,29.3
2022-05-11,1033053.16,6.81,392.75,1.0000,2.0,29.3
2022-05-12,1031974.86,6.81,392.34,1.0000,2.0,32.8
2022-05-13,1056644.26,8.19,401.72,1.0000,1.0,37.2
2022-05-16,1052357.36,7.98,400.09,1.0000,1.0,41.5
2022-05-17,1074002.26,7.77,408.32,1.0000,1.0,45.6
2022-05-18,1030712.46,6.81,391.86,1.0000,1.0,33.2
2022-05-19,1024400.46,7.13,389.46,1.0000,1.0,38.0
2022-05-20,1024847.56,7.13,389.63,1.0000,2.0,36.4
2022-05-23,1044020.26,8.19,396.92,1.0000,1.0,39.9
2022-05-24,1036051.36,8.19,393.89,1.0000,2.0,29.8
2022-05-25,1045203.76,7.34,397.37,1.0000,1.0,39.1
2022-05-26,1066085.96,7.34,405.31,1.0000,1.0,46.3
2022-05-27,1092254.46,8.83,415.26,1.0000,0.0,61.0
2022-05-31,1086126.56,8.83,412.93,1.0000,1.0,58.8
2022-06-01,1077342.36,8.83,409.59,1.0000,1.0,61.1
2022-06-02,1097856.36,9.26,417.39,1.0000,0.0,65.0
2022-06-03,1079840.86,9.04,410.54,1.0000,1.0,55.5
2022-06-06,1083128.36,8.83,411.79,1.0000,1.0,57.3
2022-06-07,1093516.86,9.04,415.74,1.0000,1.0,54.9
2022-06-08,1081629.26,9.26,411.22,1.0000,1.0,65.1
2022-06-09,1055907.86,7.77,401.44,1.0000,2.0,58.4
2022-06-10,1025294.66,6.7,389.80,1.0000,2.0,50.1
2022-06-13,1284481.16,6.81,375.00,0.0000,3.0,37.9
2022-06-14,1284481.16,5.96,373.87,0.0000,3.0,38.7
2022-06-15,1284481.16,7.13,379.20,0.0000,1.0,40.0
2022-06-16,1284481.16,6.81,366.65,1.0000,3.0,29.7
2022-06-17,1281713.79,6.81,365.86,1.0000,2.0,21.3
2022-06-21,1313976.42,7.87,375.07,1.0000,1.0,29.6
2022-06-22,1311594.38,8.19,374.39,1.0000,1.0,30.5
2022-06-23,1324450.39,8.19,378.06,1.0000,1.0,27.2
2022-06-24,1366556.45,9.26,390.08,1.0000,1.0,38.8
2022-06-27,1361336.98,9.26,388.59,1.0000,1.0,37.3
2022-06-28,1333523.16,8.19,380.65,1.0000,1.0,31.6
2022-06-29,1332437.23,8.19,380.34,1.0000,1.0,33.1
2022-06-30,1321612.96,8.19,377.25,1.0000,1.0,35.7
2022-07-01,1335589.93,7.98,381.24,1.0000,1.0,44.4
2022-07-05,1338112.09,7.77,381.96,1.0000,1.0,55.5
2022-07-06,1342630.96,7.77,383.25,1.0000,1.0,57.4
2022-07-07,1362738.18,8.83,388.99,1.0000,1.0,57.7
2022-07-08,1361617.22,9.47,388.67,1.0000,1.0,71.5
2022-07-11,1346063.90,9.26,384.23,1.0000,1.0,66.7
2022-07-12,1334153.70,8.83,380.83,1.0000,1.0,55.9
2022-07-13,1327147.70,8.83,378.83,1.0000,2.0,54.4
2022-07-14,1323924.94,8.83,377.91,1.0000,2.0,49.8
2022-07-15,1349216.60,9.47,385.13,1.0000,1.0,44.2
2022-07-18,1338077.06,9.04,381.95,1.0000,1.0,42.5
2022-07-19,1374228.02,9.04,392.27,1.0000,1.0,62.4
2022-07-20,1382985.52,9.04,394.77,1.0000,0.0,64.7
2022-07-21,1397067.58,9.47,398.79,1.0000,0.0,71.5
2022-07-22,1384106.48,9.47,395.09,1.0000,1.0,63.9
2022-07-25,1385787.92,9.47,395.57,1.0000,1.0,63.7
2022-07-26,1369393.88,9.26,390.89,1.0000,1.0,57.2
2022-07-27,1404949.33,9.47,401.04,1.0000,0.0,60.5
2022-07-28,1422569.42,9.47,406.07,1.0000,0.0,64.0
2022-07-29,1443307.18,9.47,411.99,1.0000,0.0,71.9
2022-08-01,1439033.52,9.47,410.77,1.0000,0.0,74.4
2022-08-02,1429540.39,9.47,408.06,1.0000,0.0,73.6
2022-08-03,1451924.56,9.47,414.45,1.0000,0.0,77.1
2022-08-04,1450943.72,9.47,414.17,1.0000,0.0,74.0
2022-08-05,1448491.62,8.94,413.47,1.0000,0.0,77.1
2022-08-08,1446810.18,8.94,412.99,1.0000,0.0,71.5
2022-08-09,1441065.26,8.94,411.35,1.0000,0.0,67.5
2022-08-10,1471331.18,9.26,419.99,1.0000,0.0,70.4
2022-08-11,1471331.18,8.94,419.99,1.0000,0.0,75.8
2022-08-12,1496237.51,9.26,427.10,1.0000,0.0,78.7
2022-08-15,1502402.79,9.26,428.86,1.0000,0.0,86.5
2022-08-16,1505345.31,9.26,429.70,1.0000,0.0,83.5
2022-08-17,1494661.16,9.26,426.65,1.0000,0.0,75.3
2022-08-18,1499004.88,9.26,427.89,1.0000,0.0,72.0
2022-08-19,1478862.63,8.94,422.14,1.0000,1.0,64.0
2022-08-22,1448071.26,8.72,413.35,1.0000,1.0,55.7
2022-08-23,1444568.26,7.66,412.35,1.0000,1.0,47.5
2022-08-24,1449192.22,7.66,413.67,1.0000,1.0,49.4
2022-08-25,1469649.74,8.94,419.51,1.0000,1.0,56.4
2022-08-26,1419907.14,6.91,405.31,1.0000,2.0,43.7
2022-08-29,1410519.10,6.91,402.63,1.0000,2.0,43.0
2022-08-30,1395035.84,7.13,398.21,1.0000,3.0,31.2
2022-08-31,1384421.75,7.13,395.18,1.0000,3.0,29.7
2022-09-01,1388765.47,7.13,396.42,1.0000,3.0,22.2
2022-09-02,1374122.93,7.13,392.24,1.0000,2.0,18.2
2022-09-06,1368938.49,7.13,390.76,1.0000,3.0,16.6
2022-09-07,1393529.55,8.4,397.78,1.0000,1.0,26.8
2022-09-08,1402637.35,8.4,400.38,1.0000,1.0,28.4
2022-09-09,1424426.01,8.4,406.60,1.0000,1.0,37.9
2022-09-12,1439734.12,9.26,410.97,1.0000,1.0,48.0
2022-09-13,1377135.51,7.13,393.10,1.0000,2.0,37.4
2022-09-14,1382390.01,8.19,394.60,1.0000,2.0,37.6
2022-09-15,1366696.57,7.13,390.12,1.0000,2.0,30.5
2022-09-16,1350722.89,7.13,385.56,1.0000,2.0,35.0
2022-09-19,1361196.86,6.6,388.55,1.0000,1.0,39.3
2022-09-20,1345573.48,6.38,384.09,1.0000,1.0,39.3
2022-09-21,1322103.38,6.38,377.39,1.0000,2.0,37.2
2022-09-22,1310998.87,6.17,374.22,1.0000,2.0,34.5
2022-09-23,1289035.06,5.32,367.95,1.0000,3.0,33.5
2022-09-26,1276284.14,5.0,364.31,1.0000,3.0,32.6
2022-09-27,1273026.35,5.0,363.38,1.0000,3.0,25.3
2022-09-28,1298072.80,6.06,370.53,1.0000,1.0,29.9
2022-09-29,1270959.58,5.0,362.79,1.0000,2.0,21.1
2022-09-30,1251307.75,5.0,357.18,1.0000,3.0,15.1
2022-10-03,1284341.04,6.06,366.61,1.0000,1.0,30.7
2022-10-04,1324135.12,6.38,377.97,1.0000,1.0,39.4
2022-10-05,1321052.48,6.38,377.09,1.0000,1.0,41.3
2022-10-06,1307425.81,5.64,373.20,1.0000,1.0,41.7
2022-10-07,1270959.58,5.0,362.79,1.0000,1.0,34.2
2022-10-10,1261256.27,5.0,360.02,1.0000,2.0,34.9
2022-10-11,1253269.43,5.0,357.74,1.0000,2.0,37.0
2022-10-12,1249135.89,5.0,356.56,1.0000,2.0,38.0
2022-10-13,1282099.12,5.85,365.97,1.0000,1.0,48.7
2022-10-14,1252884.10,5.11,357.63,1.0000,2.0,45.9
2022-10-17,1285076.67,6.17,366.82,1.0000,1.0,51.9
2022-10-18,1300174.60,7.23,371.13,1.0000,1.0,50.3
2022-10-19,1290961.71,6.7,368.50,1.0000,1.0,53.5
2022-10-20,1280137.44,6.49,365.41,1.0000,1.0,55.2
2022-10-21,1311244.08,7.55,374.29,1.0000,1.0,54.9
2022-10-24,1327287.82,7.02,378.87,1.0000,0.0,50.6
2022-10-25,1348480.97,7.02,384.92,1.0000,0.0,55.1
2022-10-26,1338322.27,7.02,382.02,1.0000,0.0,55.8
2022-10-27,1331176.15,7.45,379.98,1.0000,1.0,62.7
2022-10-28,1362843.27,7.45,389.02,1.0000,0.0,69.6
2022-10-31,1352999.84,7.45,386.21,1.0000,0.0,69.1
2022-11-01,1347079.77,7.45,384.52,1.0000,0.0,68.6
2022-11-02,1313275.82,7.98,374.87,1.0000,1.0,55.9
2022-11-03,1299754.24,6.49,371.01,1.0000,1.0,59.5
2022-11-04,1318460.26,8.19,376.35,1.0000,1.0,57.1
2022-11-07,1331071.06,7.77,379.95,1.0000,1.0,56.7
2022-11-08,1338252.21,7.98,382.00,1.0000,1.0,60.3
2022-11-09,1310683.60,9.04,374.13,1.0000,2.0,56.2
2022-11-10,1382705.28,9.47,394.69,1.0000,0.0,62.4
2022-11-11,1396086.74,9.47,398.51,1.0000,0.0,62.1
2022-11-14,1384211.57,9.47,395.12,1.0000,0.0,56.5
2022-11-15,1396016.68,9.47,398.49,1.0000,0.0,60.4
2022-11-16,1385367.56,9.47,395.45,1.0000,0.0,59.7
2022-11-17,1381128.93,9.26,394.24,1.0000,0.0,53.6
2022-11-18,1387399.30,9.47,396.03,1.0000,0.0,56.9
2022-11-21,1382354.98,9.47,394.59,1.0000,1.0,57.1
2022-11-22,1400955.91,9.47,399.90,1.0000,0.0,68.8
2022-11-23,1409783.47,9.47,402.42,1.0000,0.0,74.0
2022-11-25,1409468.20,9.47,402.33,1.0000,0.0,71.6
2022-11-28,1386978.94,9.47,395.91,1.0000,1.0,62.7
2022-11-29,1384596.90,9.47,395.23,1.0000,1.0,60.8
2022-11-30,1428209.25,9.47,407.68,1.0000,0.0,75.4
2022-12-01,1427158.35,9.79,407.38,1.0000,0.0,63.8
2022-12-02,1425511.94,9.79,406.91,1.0000,0.0,59.9
2022-12-05,1399869.98,9.26,399.59,1.0000,1.0,54.8
2022-12-06,1379692.70,9.26,393.83,1.0000,1.0,45.2
2022-12-07,1377345.69,9.26,393.16,1.0000,1.0,47.5
2022-12-08,1388134.93,8.19,396.24,1.0000,1.0,52.1
2022-12-09,1377766.05,7.13,393.28,1.0000,1.0,47.2
2022-12-12,1397628.06,7.98,398.95,1.0000,1.0,54.1
2022-12-13,1408207.12,9.47,401.97,1.0000,1.0,52.0
2022-12-14,1399204.41,8.19,399.40,1.0000,1.0,47.1
2022-12-15,1364980.10,7.13,389.63,1.0000,2.0,39.6
2022-12-16,1342701.02,7.13,383.27,1.0000,2.0,39.7
2022-12-19,1331316.27,7.13,380.02,1.0000,2.0,38.1
2022-12-20,1333137.83,7.34,380.54,1.0000,2.0,23.8
2022-12-21,1353069.90,8.4,386.23,1.0000,2.0,31.5
2022-12-22,1333768.37,7.34,380.72,1.0000,2.0,28.9
2022-12-23,1341439.94,8.4,382.91,1.0000,2.0,35.4
2022-12-27,1336150.41,7.13,381.40,1.0000,2.0,38.2
2022-12-28,1319546.19,7.34,376.66,1.0000,1.0,35.5
2022-12-29,1343296.53,8.4,383.44,1.0000,1.0,39.4
2022-12-30,1339758.50,8.4,382.43,1.0000,1.0,40.7
2023-01-03,1334118.67,8.4,380.82,1.0000,1.0,33.4
2023-01-04,1344417.49,8.4,383.76,1.0000,1.0,33.3
2023-01-05,1329074.35,8.4,379.38,1.0000,1.0,32.2
2023-01-06,1359550.45,9.04,388.08,1.0000,1.0,48.6
2023-01-09,1358779.79,9.04,387.86,1.0000,1.0,54.7
2023-01-10,1368307.95,9.26,390.58,1.0000,1.0,60.9
2023-01-11,1385612.77,9.47,395.52,1.0000,0.0,64.1
2023-01-12,1390657.09,9.79,396.96,1.0000,0.0,61.0
2023-01-13,1396051.71,9.79,398.50,1.0000,0.0,69.9
2023-01-17,1393494.52,9.79,397.77,1.0000,1.0,67.2
2023-01-18,1371495.68,9.47,391.49,1.0000,1.0,60.5
2023-01-19,1361512.13,9.47,388.64,1.0000,1.0,63.0
2023-01-20,1386873.85,9.79,395.88,1.0000,1.0,63.3
2023-01-23,1403513.10,9.79,400.63,1.0000,0.0,68.1
2023-01-24,1402006.81,9.79,400.20,1.0000,0.0,69.7
2023-01-25,1402532.26,9.79,400.35,1.0000,1.0,67.9
2023-01-26,1417945.46,9.79,404.75,1.0000,0.0,77.3
2023-01-27,1421203.25,9.79,405.68,1.0000,0.0,72.8
2023-01-30,1403372.98,9.79,400.59,1.0000,1.0,64.6
2023-01-31,1424005.65,9.79,406.48,1.0000,0.0,67.0
2023-02-01,1439138.61,9.79,410.80,1.0000,0.0,66.6
2023-02-02,1460086.55,9.79,416.78,1.0000,0.0,69.6
2023-02-03,1444568.26,9.79,412.35,1.0000,0.0,63.0
2023-02-06,1435740.70,9.79,409.83,1.0000,1.0,60.9
2023-02-07,1454516.78,9.79,415.19,1.0000,0.0,71.8
2023-02-08,1438613.16,9.79,410.65,1.0000,1.0,69.6
2023-02-09,1426142.48,9.47,407.09,1.0000,1.0,60.7
2023-02-10,1429470.33,9.47,408.04,1.0000,1.0,57.6
2023-02-13,1446249.70,9.47,412.83,1.0000,1.0,61.9
2023-02-14,1445584.13,9.79,412.64,1.0000,1.0,61.6
2023-02-15,1450278.15,9.79,413.98,1.0000,1.0,59.3
2023-02-16,1430311.05,9.47,408.28,1.0000,1.0,52.4
2023-02-17,1426737.99,7.87,407.26,1.0000,1.0,56.6
2023-02-21,1398118.48,7.34,399.09,1.0000,1.0,43.0
2023-02-22,1396191.83,7.34,398.54,1.0000,1.0,37.5
2023-02-23,1403618.19,8.4,400.66,1.0000,1.0,32.2
2023-02-24,1388625.35,7.34,396.38,1.0000,1.0,32.3
2023-02-27,1393354.40,7.34,397.73,1.0000,1.0,36.2
2023-02-28,1388204.99,7.34,396.26,1.0000,1.0,26.4
2023-03-01,1382880.43,7.34,394.74,1.0000,1.0,28.5
2023-03-02,1393634.64,8.72,397.81,1.0000,1.0,37.3
2023-03-03,1415983.78,9.79,404.19,1.0000,1.0,45.4
2023-03-06,1416964.62,9.79,404.47,1.0000,1.0,38.8
2023-03-07,1395246.02,8.72,398.27,1.0000,1.0,33.5
2023-03-08,1397522.97,8.72,398.92,1.0000,1.0,32.4
2023-03-09,1371740.89,7.34,391.56,1.0000,1.0,31.2
2023-03-10,1351948.94,7.34,385.91,1.0000,1.0,28.2
2023-03-13,1350022.29,7.13,385.36,1.0000,2.0,33.4
2023-03-14,1372336.40,8.4,391.73,1.0000,1.0,42.8
2023-03-15,1363754.05,8.19,389.28,1.0000,2.0,38.0
2023-03-16,1387679.54,9.04,396.11,1.0000,1.0,49.7
2023-03-17,1366241.18,7.98,389.99,1.0000,2.0,43.0
2023-03-20,1379377.43,9.04,393.74,1.0000,1.0,47.8
2023-03-21,1397487.94,9.04,398.91,1.0000,1.0,53.4
2023-03-22,1373667.54,7.98,392.11,1.0000,1.0,45.6
2023-03-23,1377380.72,8.19,393.17,1.0000,1.0,40.7
2023-03-24,1386418.46,9.47,395.75,1.0000,1.0,42.9
2023-03-27,1389010.68,9.04,396.49,1.0000,1.0,48.4
2023-03-28,1385893.01,8.83,395.60,1.0000,1.0,47.1
2023-03-29,1406035.26,9.36,401.35,1.0000,1.0,58.9
2023-03-30,1414267.31,9.79,403.70,1.0000,1.0,67.3
2023-03-31,1434199.38,9.79,409.39,1.0000,1.0,71.2
2023-04-03,1439664.06,9.26,410.95,1.0000,1.0,68.6
2023-04-04,1431677.22,9.79,408.67,1.0000,1.0,68.8
2023-04-05,1427929.01,9.79,407.60,1.0000,2.0,62.5
2023-04-06,1433498.78,9.26,409.19,1.0000,2.0,73.3
2023-04-10,1434970.04,9.26,409.61,1.0000,2.0,70.9
2023-04-11,1435355.37,9.79,409.72,1.0000,2.0,66.4
2023-04-12,1429505.36,9.79,408.05,1.0000,1.0,78.7
2023-04-13,1448491.62,9.26,413.47,1.0000,0.0,81.6
2023-04-14,1444953.59,9.26,412.46,1.0000,1.0,77.3
2023-04-17,1450138.03,9.26,413.94,1.0000,1.0,77.9
2023-04-18,1451083.84,9.26,414.21,1.0000,1.0,80.3
2023-04-19,1450838.63,9.26,414.14,1.0000,1.0,75.6
2023-04-20,1442921.85,9.26,411.88,1.0000,1.0,66.4
2023-04-21,1444042.81,9.26,412.20,1.0000,1.0,57.2
2023-04-24,1445549.10,7.98,412.63,1.0000,1.0,54.6
2023-04-25,1422604.45,7.98,406.08,1.0000,1.0,44.3
2023-04-26,1416579.29,6.91,404.36,1.0000,1.0,43.1
2023-04-27,1444778.44,7.98,412.41,1.0000,1.0,55.4
2023-04-28,1457109.00,7.98,415.93,1.0000,1.0,59.6
2023-05-01,1455637.74,7.98,415.51,1.0000,1.0,58.7
2023-05-02,1439278.73,7.98,410.84,1.0000,1.0,53.9
2023-05-03,1429400.27,6.91,408.02,1.0000,1.0,41.9
2023-05-04,1419276.60,5.53,405.13,1.0000,1.0,39.7
2023-05-05,1445549.10,9.79,412.63,1.0000,1.0,48.4
2023-05-08,1445934.43,9.26,412.74,1.0000,1.0,48.2
2023-05-09,1439594.00,9.79,410.93,1.0000,1.0,46.3
2023-05-10,1446319.76,9.79,412.85,1.0000,1.0,51.1
2023-05-11,1443797.60,9.79,412.13,1.0000,1.0,49.9
2023-05-12,1441905.98,9.79,411.59,1.0000,1.0,48.8
2023-05-15,1446880.24,9.79,413.01,1.0000,1.0,59.1
2023-05-16,1437211.96,9.79,410.25,1.0000,1.0,57.5
2023-05-17,1454656.90,9.79,415.23,1.0000,1.0,53.9
2023-05-18,1468668.90,9.79,419.23,1.0000,1.0,54.5
2023-05-19,1466532.07,9.79,418.62,1.0000,1.0,54.2
2023-05-22,1467127.58,9.79,418.79,1.0000,1.0,62.3
2023-05-23,1450663.48,9.79,414.09,1.0000,1.0,58.9
2023-05-24,1440154.48,8.4,411.09,1.0000,1.0,58.7
2023-05-25,1452625.16,9.79,414.65,1.0000,1.0,53.3
2023-05-26,1471436.27,9.79,420.02,1.0000,1.0,60.2
2023-05-30,1471996.75,9.79,420.18,1.0000,1.0,63.6
2023-05-31,1463834.76,9.79,417.85,1.0000,1.0,57.3
2023-06-01,1477741.67,9.79,421.82,1.0000,1.0,62.9
2023-06-02,1499109.97,10.0,427.92,1.0000,0.0,68.9
2023-06-05,1496237.51,10.0,427.10,1.0000,0.0,66.6
2023-06-06,1499495.30,10.0,428.03,1.0000,0.0,71.8
2023-06-07,1494310.86,10.0,426.55,1.0000,1.0,65.2
2023-06-08,1503348.60,10.0,429.13,1.0000,0.0,63.8
2023-06-09,1506045.91,10.0,429.90,1.0000,0.0,65.7
2023-06-12,1519707.61,9.79,433.80,1.0000,0.0,68.9
2023-06-13,1529726.19,10.0,436.66,1.0000,0.0,79.8
2023-06-14,1531547.75,10.0,437.18,1.0000,0.0,86.9
2023-06-15,1550534.01,10.0,442.60,1.0000,0.0,87.6
2023-06-16,1539534.59,10.0,439.46,1.0000,0.0,77.8
2023-06-20,1531547.75,10.0,437.18,1.0000,1.0,72.9
2023-06-21,1523701.03,10.0,434.94,1.0000,1.0,73.1
2023-06-22,1529200.74,10.0,436.51,1.0000,1.0,71.2
2023-06-23,1517640.84,10.0,433.21,1.0000,1.0,58.3
2023-06-26,1511440.53,10.0,431.44,1.0000,1.0,56.6
2023-06-27,1528009.72,10.0,436.17,1.0000,1.0,61.1
2023-06-28,1528780.38,10.0,436.39,1.0000,1.0,63.9
2023-06-29,1534805.54,10.0,438.11,1.0000,1.0,63.0
2023-06-30,1552916.05,10.0,443.28,1.0000,0.0,67.2
2023-07-03,1554702.58,10.0,443.79,1.0000,0.0,64.1
2023-07-05,1552390.60,10.0,443.13,1.0000,1.0,59.7
2023-07-06,1540235.19,9.79,439.66,1.0000,1.0,53.4
2023-07-07,1536346.86,10.0,438.55,1.0000,1.0,43.7
2023-07-10,1540235.19,9.79,439.66,1.0000,1.0,50.3
2023-07-11,1550043.59,10.0,442.46,1.0000,1.0,58.7
2023-07-12,1562514.27,10.0,446.02,1.0000,1.0,67.5
2023-07-13,1574914.89,10.0,449.56,1.0000,0.0,69.4
2023-07-14,1573934.05,10.0,449.28,1.0000,0.0,76.2
2023-07-17,1579398.73,9.47,450.84,1.0000,0.0,81.9
2023-07-18,1591133.78,9.47,454.19,1.0000,0.0,81.0
2023-07-19,1594671.81,9.47,455.20,1.0000,0.0,81.5
2023-07-20,1584092.75,10.0,452.18,1.0000,1.0,72.6
2023-07-21,1584092.75,10.0,452.18,1.0000,1.0,67.1
2023-07-24,1591168.81,9.47,454.20,1.0000,1.0,68.9
2023-07-25,1595512.53,9.47,455.44,1.0000,1.0,71.9
2023-07-26,1595757.74,9.47,455.51,1.0000,1.0,82.1
2023-07-27,1585178.68,9.47,452.49,1.0000,1.0,76.2
2023-07-28,1600696.97,9.47,456.92,1.0000,1.0,78.9
2023-07-31,1603744.58,9.47,457.79,1.0000,1.0,77.4
2023-08-01,1599155.65,9.47,456.48,1.0000,1.0,70.3
2023-08-02,1576911.60,9.26,450.13,1.0000,1.0,51.0
2023-08-03,1572392.73,7.98,448.84,1.0000,1.0,49.3
2023-08-04,1565281.64,6.91,446.81,1.0000,1.0,43.3
2023-08-07,1578943.34,7.98,450.71,1.0000,1.0,44.3
2023-08-08,1572077.46,6.91,448.75,1.0000,1.0,39.8
2023-08-09,1561568.46,5.85,445.75,1.0000,1.0,39.8
2023-08-10,1562128.94,5.85,445.91,1.0000,1.0,40.1
2023-08-11,1561218.16,6.06,445.65,1.0000,1.0,35.7
2023-08-14,1569835.54,7.13,448.11,1.0000,1.0,38.2
2023-08-15,1551549.88,5.85,442.89,1.0000,1.0,32.6
2023-08-16,1540165.13,5.85,439.64,1.0000,1.0,32.4
2023-08-17,1528430.08,6.38,436.29,1.0000,1.0,20.9
2023-08-18,1529165.71,6.38,436.50,1.0000,1.0,19.4
2023-08-21,1539114.23,8.72,439.34,1.0000,1.0,26.4
2023-08-22,1534945.66,8.72,438.15,1.0000,1.0,30.8
2023-08-23,1552040.30,8.72,443.03,1.0000,1.0,41.6
2023-08-24,1530531.88,7.66,436.89,1.0000,1.0,37.2
2023-08-25,1541321.12,8.72,439.97,1.0000,1.0,35.9
2023-08-28,1551094.49,8.72,442.76,1.0000,1.0,42.3
2023-08-29,1573513.69,10.0,449.16,1.0000,1.0,54.0
2023-08-30,1579994.24,10.0,451.01,1.0000,1.0,55.8
2023-08-31,1577682.26,10.0,450.35,1.0000,1.0,55.3
2023-09-01,1580624.78,10.0,451.19,1.0000,1.0,53.6
2023-09-05,1573793.93,10.0,449.24,1.0000,1.0,58.1
2023-09-06,1563214.87,8.19,446.22,1.0000,1.0,58.4
2023-09-07,1558415.76,8.72,444.85,1.0000,1.0,61.5
2023-09-08,1560762.77,8.19,445.52,1.0000,1.0,62.0
2023-09-11,1571026.56,8.72,448.45,1.0000,1.0,62.1
2023-09-12,1562409.18,8.19,445.99,1.0000,1.0,60.0
2023-09-13,1564230.74,8.72,446.51,1.0000,1.0,55.0
2023-09-14,1577717.29,9.47,450.36,1.0000,1.0,70.8
2023-09-15,1553231.32,9.47,443.37,1.0000,1.0,54.7
2023-09-18,1554142.10,9.47,443.63,1.0000,1.0,51.3
2023-09-19,1550919.34,8.94,442.71,1.0000,1.0,38.6
2023-09-20,1536662.13,8.72,438.64,1.0000,1.0,29.7
2023-09-21,1511265.38,7.66,431.39,1.0000,1.0,24.4
2023-09-22,1507867.47,7.66,430.42,1.0000,1.0,22.1
2023-09-25,1514207.90,7.66,432.23,1.0000,1.0,27.1
2023-09-26,1491963.85,7.66,425.88,1.0000,1.0,24.8
2023-09-27,1492559.36,7.66,426.05,1.0000,1.0,26.0
2023-09-28,1501211.77,8.72,428.52,1.0000,1.0,29.3
2023-09-29,1497568.65,7.66,427.48,1.0000,1.0,23.2
2023-10-02,1496973.14,7.66,427.31,1.0000,1.0,24.6
2023-10-03,1476935.98,7.66,421.59,1.0000,1.0,20.4
2023-10-04,1487690.19,8.72,424.66,1.0000,1.0,18.9
2023-10-05,1487129.71,8.72,424.50,1.0000,1.0,22.6
2023-10-06,1504784.83,8.72,429.54,1.0000,1.0,32.0
2023-10-09,1514418.08,8.72,432.29,1.0000,1.0,37.3
2023-10-10,1522299.83,9.79,434.54,1.0000,1.0,44.8
2023-10-11,1528535.17,9.57,436.32,1.0000,1.0,57.3
2023-10-12,1519217.19,9.57,433.66,1.0000,1.0,54.6
2023-10-13,1511650.71,9.57,431.50,1.0000,1.0,49.0
2023-10-16,1527554.33,9.79,436.04,1.0000,1.0,64.9
2023-10-17,1527484.27,9.79,436.02,1.0000,1.0,64.7
2023-10-18,1507131.84,9.57,430.21,1.0000,1.0,52.3
2023-10-19,1493890.50,8.19,426.43,1.0000,1.0,48.7
2023-10-20,1475534.78,7.34,421.19,1.0000,1.0,43.2
2023-10-23,1472977.59,6.81,420.46,1.0000,1.0,48.6
2023-10-24,1484082.10,8.51,423.63,1.0000,1.0,48.7
2023-10-25,1462783.86,7.34,417.55,1.0000,1.0,42.4
2023-10-26,1445268.86,7.34,412.55,1.0000,1.0,31.5
2023-10-27,1438718.25,7.34,410.68,1.0000,1.0,26.0
2023-10-30,1455917.98,8.72,415.59,1.0000,1.0,30.2
2023-10-31,1465060.81,8.19,418.20,1.0000,1.0,31.4
2023-11-01,1480684.19,9.79,422.66,1.0000,1.0,39.1
2023-11-02,1509058.49,9.04,430.76,1.0000,1.0,49.3
2023-11-03,1522825.28,9.04,434.69,1.0000,0.0,48.8
2023-11-06,1526328.28,9.79,435.69,1.0000,0.0,49.7
2023-11-07,1530672.00,9.79,436.93,1.0000,0.0,56.4
2023-11-08,1531792.96,9.79,437.25,1.0000,0.0,61.1
2023-11-09,1519847.73,9.79,433.84,1.0000,1.0,63.5
2023-11-10,1543563.04,10.0,440.61,1.0000,0.0,69.1
2023-11-13,1542091.78,10.0,440.19,1.0000,0.0,66.5
2023-11-14,1572007.40,10.0,448.73,1.0000,0.0,79.7
2023-11-15,1575335.25,10.0,449.68,1.0000,0.0,88.3
2023-11-16,1577261.90,10.0,450.23,1.0000,0.0,91.9
2023-11-17,1579223.58,10.0,450.79,1.0000,0.0,91.1
2023-11-20,1591378.99,10.0,454.26,1.0000,0.0,91.2
2023-11-21,1587911.02,10.0,453.27,1.0000,0.0,88.0
2023-11-22,1594041.27,10.0,455.02,1.0000,0.0,85.8
2023-11-24,1595022.11,10.0,455.30,1.0000,0.0,84.1
2023-11-27,1592149.65,10.0,454.48,1.0000,0.0,81.2
2023-11-28,1593726.00,10.0,454.93,1.0000,0.0,80.7
2023-11-29,1592605.04,10.0,454.61,1.0000,1.0,79.6
2023-11-30,1598875.41,10.0,456.40,1.0000,0.0,90.8
2023-12-01,1608333.51,10.0,459.10,1.0000,0.0,89.2
2023-12-04,1599891.28,10.0,456.69,1.0000,1.0,82.3
2023-12-05,1599576.01,10.0,456.60,1.0000,1.0,73.0
2023-12-06,1593130.49,10.0,454.76,1.0000,1.0,64.1
2023-12-07,1605285.90,10.0,458.23,1.0000,1.0,69.1
2023-12-08,1612186.81,10.0,460.20,1.0000,1.0,71.1
2023-12-11,1618457.18,10.0,461.99,1.0000,0.0,68.7
2023-12-12,1625848.51,10.0,464.10,1.0000,0.0,74.9
2023-12-13,1648267.71,10.0,470.50,1.0000,0.0,79.3
2023-12-14,1653557.24,10.0,472.01,1.0000,0.0,80.2
2023-12-15,1644169.20,10.0,469.33,1.0000,1.0,75.1
2023-12-18,1653417.12,10.0,471.97,1.0000,0.0,76.9
2023-12-19,1663470.73,10.0,474.84,1.0000,0.0,79.5
2023-12-20,1640420.99,10.0,468.26,1.0000,1.0,65.2
2023-12-21,1655974.31,10.0,472.70,1.0000,0.0,66.7
2023-12-22,1659302.16,10.0,473.65,1.0000,0.0,71.6
2023-12-26,1666308.16,10.0,475.65,1.0000,0.0,73.1
2023-12-27,1669320.74,10.0,476.51,1.0000,0.0,77.0
2023-12-28,1669951.28,10.0,476.69,1.0000,0.0,75.0
2023-12-29,1665117.14,9.47,475.31,1.0000,1.0,70.8
2024-01-02,1655799.16,9.47,472.65,1.0000,1.0,64.3
2024-01-03,1642277.58,9.47,468.79,1.0000,1.0,56.0
2024-01-04,1636988.05,9.47,467.28,1.0000,1.0,45.3
2024-01-05,1639229.97,9.47,467.92,1.0000,1.0,43.8
2024-01-08,1662630.01,9.47,474.60,1.0000,1.0,57.1
2024-01-09,1660107.85,9.47,473.88,1.0000,1.0,52.7
2024-01-10,1669495.89,9.47,476.56,1.0000,1.0,52.4
2024-01-11,1668760.26,9.47,476.35,1.0000,1.0,64.1
2024-01-12,1669916.25,9.47,476.68,1.0000,1.0,58.1
2024-01-16,1663786.00,9.47,474.93,1.0000,1.0,52.5
2024-01-17,1654538.08,10.0,472.29,1.0000,1.0,43.6
2024-01-18,1669250.68,10.0,476.49,1.0000,1.0,50.0
2024-01-19,1690058.50,10.0,482.43,1.0000,2.0,58.2
2024-01-22,1693631.56,10.0,483.45,1.0000,2.0,61.7
2024-01-23,1698570.79,9.47,484.86,1.0000,1.0,68.2
2024-01-24,1700427.38,9.47,485.39,1.0000,2.0,77.4
2024-01-25,1709675.30,9.47,488.03,1.0000,1.0,83.1
2024-01-26,1707503.44,10.0,487.41,1.0000,2.0,81.1
2024-01-29,1721025.02,10.0,491.27,1.0000,1.0,79.2
2024-01-30,1719693.88,10.0,490.89,1.0000,1.0,80.1
2024-01-31,1691634.85,9.47,482.88,1.0000,1.0,59.4
2024-02-01,1713773.81,9.47,489.20,1.0000,1.0,66.2
2024-02-02,1731814.26,10.0,494.35,1.0000,0.0,69.9
2024-02-05,1725508.86,10.0,492.55,1.0000,1.0,69.8
2024-02-06,1730518.15,10.0,493.98,1.0000,1.0,75.0
2024-02-07,1744950.51,10.0,498.10,1.0000,0.0,75.0
2024-02-08,1745721.17,10.0,498.32,1.0000,0.0,71.2
2024-02-09,1755809.81,10.0,501.20,1.0000,0.0,72.5
2024-02-12,1755039.15,10.0,500.98,1.0000,0.0,71.1
2024-02-13,1730868.45,9.79,494.08,1.0000,1.0,59.8
2024-02-14,1746596.92,10.0,498.57,1.0000,1.0,61.4
2024-02-15,1758647.24,10.0,502.01,1.0000,0.0,64.8
2024-02-16,1749889.74,10.0,499.51,1.0000,1.0,58.6
2024-02-20,1740256.49,9.26,496.76,1.0000,1.0,55.8
2024-02-21,1741832.84,9.79,497.21,1.0000,1.0,66.8
2024-02-22,1777878.71,9.47,507.50,1.0000,0.0,69.6
2024-02-23,1779104.76,9.47,507.85,1.0000,0.0,66.1
2024-02-26,1772589.18,9.47,505.99,1.0000,1.0,66.0
2024-02-27,1775882.00,9.47,506.93,1.0000,1.0,65.6
2024-02-28,1773534.99,9.47,506.26,1.0000,1.0,60.7
2024-02-29,1779910.45,8.19,508.08,1.0000,1.0,62.3
2024-03-01,1796619.76,8.19,512.85,1.0000,0.0,64.1
2024-03-04,1794693.11,8.19,512.30,1.0000,0.0,63.5
2024-03-05,1776757.75,8.19,507.18,1.0000,1.0,66.4
2024-03-06,1785760.46,8.19,509.75,1.0000,1.0,64.7
2024-03-07,1803485.64,8.19,514.81,1.0000,0.0,66.1
2024-03-08,1792661.37,8.19,511.72,1.0000,1.0,65.2
2024-03-11,1791120.05,7.98,511.28,1.0000,1.0,69.1
2024-03-12,1810386.55,8.19,516.78,1.0000,0.0,72.7
2024-03-13,1807549.12,8.19,515.97,1.0000,1.0,62.6
2024-03-14,1803976.06,8.19,514.95,1.0000,1.0,60.4
2024-03-15,1786040.70,8.19,509.83,1.0000,1.0,55.1
2024-03-18,1796654.79,8.19,512.86,1.0000,1.0,57.5
2024-03-19,1806638.34,8.19,515.71,1.0000,1.0,61.3
2024-03-20,1823347.65,8.19,520.48,1.0000,1.0,63.9
2024-03-21,1829372.81,8.19,522.20,1.0000,0.0,61.2
2024-03-22,1825904.84,8.19,521.21,1.0000,1.0,60.6
2024-03-25,1820860.52,8.19,519.77,1.0000,1.0,66.4
2024-03-26,1817497.64,8.19,518.81,1.0000,1.0,62.3
2024-03-27,1832770.72,8.19,523.17,1.0000,1.0,61.6
2024-03-28,1832420.42,8.19,523.07,1.0000,1.0,67.1
2024-04-01,1829232.69,8.19,522.16,1.0000,1.0,66.2
2024-04-02,1817602.73,8.19,518.84,1.0000,1.0,53.3
2024-04-03,1819599.44,8.19,519.41,1.0000,1.0,55.5
2024-04-04,1797390.42,6.91,513.07,1.0000,1.0,47.4
2024-04-05,1816166.50,7.98,518.43,1.0000,1.0,61.7
2024-04-08,1817182.37,7.98,518.72,1.0000,1.0,58.6
2024-04-09,1819284.17,8.19,519.32,1.0000,1.0,55.7
2024-04-10,1801068.57,6.91,514.12,1.0000,1.0,40.1
2024-04-11,1814660.21,8.19,518.00,1.0000,1.0,43.9
2024-04-12,1789613.76,6.91,510.85,1.0000,1.0,37.2
2024-04-15,1767194.56,5.85,504.45,1.0000,1.0,33.1
2024-04-16,1763971.80,5.85,503.53,1.0000,1.0,33.2
2024-04-17,1753532.86,5.85,500.55,1.0000,1.0,24.3
2024-04-18,1749924.77,5.85,499.52,1.0000,1.0,23.8
2024-04-19,1734651.69,5.85,495.16,1.0000,1.0,22.1
2024-04-22,1750625.37,6.91,499.72,1.0000,1.0,30.7
2024-04-23,1771398.16,7.45,505.65,1.0000,1.0,37.5
2024-04-24,1770557.44,7.45,505.41,1.0000,1.0,42.2
2024-04-25,1763831.68,7.45,503.49,1.0000,1.0,33.6
2024-04-26,1780540.99,7.98,508.26,1.0000,1.0,39.5
2024-04-29,1786846.39,8.72,510.06,1.0000,1.0,40.9
2024-04-30,1758542.15,7.45,501.98,1.0000,1.0,38.8
2024-05-01,1752832.26,7.45,500.35,1.0000,1.0,33.0
2024-05-02,1769226.30,7.66,505.03,1.0000,1.0,44.1
2024-05-03,1791155.08,8.72,511.29,1.0000,1.0,57.0
2024-05-06,1809650.92,8.72,516.57,1.0000,1.0,62.2
2024-05-07,1811647.63,8.72,517.14,1.0000,1.0,66.2
2024-05-08,1811822.78,7.87,517.19,1.0000,1.0,67.6
2024-05-09,1822261.72,9.15,520.17,1.0000,1.0,75.7
2024-05-10,1824608.73,9.15,520.84,1.0000,1.0,73.5
2024-05-13,1824853.94,9.15,520.91,1.0000,1.0,69.6
2024-05-14,1833226.11,9.15,523.30,1.0000,1.0,71.7
2024-05-15,1855925.55,9.15,529.78,1.0000,0.0,78.8
2024-05-16,1852107.28,10.0,528.69,1.0000,0.0,74.3
2024-05-17,1854769.56,10.0,529.45,1.0000,0.0,73.7
2024-05-20,1856906.39,10.0,530.06,1.0000,0.0,91.9
2024-05-21,1861460.29,10.0,531.36,1.0000,0.0,96.7
2024-05-22,1856100.70,10.0,529.83,1.0000,1.0,91.3
2024-05-23,1842544.09,10.0,525.96,1.0000,1.0,76.5
2024-05-24,1854734.53,10.0,529.44,1.0000,1.0,74.9
2024-05-28,1856030.64,10.0,529.81,1.0000,1.0,74.7
2024-05-29,1843034.51,10.0,526.10,1.0000,1.0,65.2
2024-05-30,1830809.04,10.0,522.61,1.0000,1.0,54.1
2024-05-31,1847483.32,10.0,527.37,1.0000,1.0,59.6
2024-06-03,1848989.61,10.0,527.80,1.0000,1.0,60.1
2024-06-04,1851056.38,10.0,528.39,1.0000,1.0,57.8
2024-06-05,1873055.22,10.0,534.67,1.0000,1.0,57.6
2024-06-06,1873020.19,10.0,534.66,1.0000,1.0,59.6
2024-06-07,1870743.24,10.0,534.01,1.0000,1.0,57.3
2024-06-10,1876523.19,10.0,535.66,1.0000,1.0,58.7
2024-06-11,1881042.06,10.0,536.95,1.0000,1.0,58.7
2024-06-12,1896490.29,10.0,541.36,1.0000,0.0,66.5
2024-06-13,1900308.56,10.0,542.45,1.0000,0.0,75.6
2024-06-14,1901464.55,10.0,542.78,1.0000,1.0,73.0
2024-06-17,1916597.51,10.0,547.10,1.0000,0.0,76.2
2024-06-18,1921466.68,10.0,548.49,1.0000,0.0,86.5
2024-06-20,1916247.21,10.0,547.00,1.0000,0.0,92.5
2024-06-21,1907524.74,10.0,544.51,1.0000,1.0,82.4
2024-06-24,1901324.43,10.0,542.74,1.0000,1.0,76.9
2024-06-25,1908645.70,10.0,544.83,1.0000,1.0,78.1
2024-06-26,1911027.74,10.0,545.51,1.0000,1.0,72.9
2024-06-27,1914040.32,10.0,546.37,1.0000,1.0,73.9
2024-06-28,1906508.87,10.0,544.22,1.0000,1.0,69.6
2024-07-01,1910432.23,10.0,545.34,1.0000,1.0,69.0
2024-07-02,1923288.24,10.0,549.01,1.0000,1.0,71.6
2024-07-03,1931870.59,10.0,551.46,1.0000,1.0,69.5
2024-07-05,1943010.13,10.0,554.64,1.0000,0.0,71.8
2024-07-08,1945252.05,10.0,555.28,1.0000,1.0,72.1
2024-07-09,1947143.67,10.0,555.82,1.0000,1.0,67.8
2024-07-10,1966410.17,10.0,561.32,1.0000,0.0,72.4
2024-07-11,1949455.65,10.0,556.48,1.0000,1.0,64.8
2024-07-12,1961751.18,10.0,559.99,1.0000,1.0,73.5
2024-07-15,1967145.80,10.0,561.53,1.0000,0.0,78.7
2024-07-16,1978810.79,10.0,564.86,1.0000,0.0,79.4
2024-07-17,1951067.03,10.0,556.94,1.0000,1.0,63.9
2024-07-18,1936074.19,9.79,552.66,1.0000,1.0,57.0
2024-07-19,1923218.18,8.72,548.99,1.0000,1.0,55.2
2024-07-22,1943045.16,10.0,554.65,1.0000,1.0,59.2
2024-07-23,1939997.55,10.0,553.78,1.0000,1.0,55.0
2024-07-24,1896034.90,7.66,541.23,1.0000,1.0,41.2
2024-07-25,1886156.44,7.66,538.41,1.0000,1.0,35.9
2024-07-26,1907279.53,8.72,544.44,1.0000,1.0,41.4
2024-07-29,1908400.49,8.72,544.76,1.0000,1.0,41.2
2024-07-30,1898732.21,8.72,542.00,1.0000,1.0,33.9
2024-07-31,1929593.64,9.79,550.81,1.0000,1.0,45.6
2024-08-01,1902270.24,8.72,543.01,1.0000,1.0,37.6
2024-08-02,1866854.91,7.34,532.90,1.0000,1.0,31.4
2024-08-05,1812488.35,6.81,517.38,1.0000,2.0,23.4
2024-08-06,1829197.66,7.13,522.15,1.0000,1.0,29.8
2024-08-07,1816972.19,7.13,518.66,1.0000,1.0,30.0
2024-08-08,1858973.16,8.4,530.65,1.0000,1.0,40.2
2024-08-09,1867170.18,8.4,532.99,1.0000,1.0,38.0
2024-08-12,1868151.02,8.4,533.27,1.0000,1.0,38.6
2024-08-13,1898872.33,9.79,542.04,1.0000,1.0,50.5
2024-08-14,1904862.46,9.79,543.75,1.0000,1.0,53.2
2024-08-15,1937510.42,9.79,553.07,1.0000,0.0,54.9
2024-08-16,1941854.14,10.0,554.31,1.0000,0.0,55.4
2024-08-19,1960420.04,9.47,559.61,1.0000,0.0,59.6
2024-08-20,1957232.31,9.79,558.70,1.0000,0.0,54.7
2024-08-21,1963958.07,9.79,560.62,1.0000,0.0,61.3
2024-08-22,1948544.87,9.79,556.22,1.0000,1.0,66.2
2024-08-23,1969247.60,9.79,562.13,1.0000,1.0,85.9
2024-08-26,1964553.58,9.79,560.79,1.0000,1.0,82.8
2024-08-27,1967250.89,9.79,561.56,1.0000,2.0,88.2
2024-08-28,1955831.11,9.79,558.30,1.0000,1.0,79.1
2024-08-29,1956006.26,9.79,558.35,1.0000,1.0,78.1
2024-08-30,1974677.25,9.79,563.68,1.0000,1.0,80.3
2024-09-03,1934042.45,9.47,552.08,1.0000,1.0,59.5
2024-09-04,1930084.06,9.47,550.95,1.0000,1.0,56.9
2024-09-05,1925390.04,9.79,549.61,1.0000,1.0,46.1
2024-09-06,1892987.29,8.4,540.36,1.0000,1.0,36.7
2024-09-09,1914180.44,8.72,546.41,1.0000,1.0,37.6
2024-09-10,1922517.58,8.72,548.79,1.0000,1.0,40.9
2024-09-11,1942239.47,9.79,554.42,1.0000,1.0,44.7
2024-09-12,1958598.48,9.79,559.09,1.0000,1.0,52.4
2024-09-13,1968827.24,9.79,562.01,1.0000,1.0,49.9
2024-09-16,1971734.73,9.79,562.84,1.0000,1.0,51.9
2024-09-17,1972540.42,9.79,563.07,1.0000,1.0,51.4
2024-09-18,1966690.41,9.79,561.40,1.0000,1.0,52.9
2024-09-19,2000249.15,9.79,570.98,1.0000,0.0,60.1
2024-09-20,1990685.96,9.79,568.25,1.0000,1.0,53.8
2024-09-23,1995660.22,9.79,569.67,1.0000,1.0,67.7
2024-09-24,2001370.11,9.79,571.30,1.0000,1.0,70.2
2024-09-25,1996956.33,9.79,570.04,1.0000,1.0,70.3
2024-09-26,2004873.11,9.79,572.30,1.0000,1.0,86.9
2024-09-27,2001965.62,9.79,571.47,1.0000,1.0,82.9
2024-09-30,2009987.49,9.79,573.76,1.0000,1.0,82.9
2024-10-01,1991982.07,9.79,568.62,1.0000,1.0,69.0
2024-10-02,1992822.79,9.79,568.86,1.0000,1.0,64.8
2024-10-03,1989179.67,9.47,567.82,1.0000,1.0,59.3
2024-10-04,2007255.15,9.79,572.98,1.0000,1.0,64.3
2024-10-07,1989109.61,9.47,567.80,1.0000,1.0,55.8
2024-10-08,2007920.72,8.94,573.17,1.0000,1.0,63.3
2024-10-09,2021827.63,9.47,577.14,1.0000,1.0,58.0
2024-10-10,2018289.60,9.47,576.13,1.0000,1.0,60.7
2024-10-11,2030374.95,9.47,579.58,1.0000,1.0,62.8
2024-10-14,2046979.17,9.79,584.32,1.0000,0.0,65.5
2024-10-15,2031075.55,9.47,579.78,1.0000,1.0,60.8
2024-10-16,2039903.11,9.79,582.30,1.0000,1.0,61.0
2024-10-17,2040078.26,9.79,582.35,1.0000,1.0,62.2
2024-10-18,2047924.98,9.79,584.59,1.0000,1.0,62.1
2024-10-21,2044562.10,9.79,583.63,1.0000,1.0,68.5
2024-10-22,2043476.17,9.79,583.32,1.0000,1.0,67.8
2024-10-23,2024805.18,9.79,577.99,1.0000,1.0,61.3
2024-10-24,2029183.93,9.79,579.24,1.0000,1.0,57.6
2024-10-25,2028483.33,9.47,579.04,1.0000,1.0,65.6
2024-10-28,2034753.70,9.79,580.83,1.0000,1.0,61.8
2024-10-29,2038046.52,9.79,581.77,1.0000,1.0,57.9
2024-10-30,2031881.24,9.47,580.01,1.0000,1.0,56.4
2024-10-31,1992052.13,7.34,568.64,1.0000,1.0,35.6
2024-11-01,2000459.33,8.4,571.04,1.0000,1.0,31.4
2024-11-04,1996150.64,8.4,569.81,1.0000,1.0,34.6
2024-11-05,2020286.31,9.47,576.70,1.0000,1.0,42.4
2024-11-06,2070519.33,9.79,591.04,1.0000,0.0,58.5
2024-11-07,2086528.04,9.79,595.61,1.0000,0.0,60.3
2024-11-08,2095565.78,10.0,598.19,1.0000,0.0,63.2
2024-11-11,2097562.49,10.0,598.76,1.0000,0.0,64.0
2024-11-12,2091046.91,9.47,596.90,1.0000,0.0,68.3
2024-11-13,2092062.78,9.47,597.19,1.0000,0.0,67.7
2024-11-14,2078611.26,9.47,593.35,1.0000,1.0,63.1
2024-11-15,2051988.46,9.26,585.75,1.0000,1.0,54.1
2024-11-18,2060395.66,9.26,588.15,1.0000,1.0,55.2
2024-11-19,2067927.11,9.26,590.30,1.0000,1.0,58.3
2024-11-20,2068627.71,9.26,590.50,1.0000,1.0,71.5
2024-11-21,2079732.22,9.26,593.67,1.0000,1.0,71.9
2024-11-22,2086177.74,9.26,595.51,1.0000,1.0,74.6
2024-11-25,2093253.80,9.47,597.53,1.0000,1.0,72.0
2024-11-26,2104183.16,9.47,600.65,1.0000,1.0,63.3
2024-11-27,2097807.70,10.0,598.83,1.0000,1.0,54.8
2024-11-29,2110838.86,10.0,602.55,1.0000,1.0,56.3
2024-12-02,2114622.10,10.0,603.63,1.0000,1.0,56.9
2024-12-03,2115602.94,10.0,603.91,1.0000,1.0,60.5
2024-12-04,2128739.19,10.0,607.66,1.0000,0.0,64.2
2024-12-05,2125236.19,10.0,606.66,1.0000,1.0,69.5
2024-12-06,2129264.64,10.0,607.81,1.0000,1.0,89.8
2024-12-09,2118300.25,10.0,604.68,1.0000,1.0,79.1
2024-12-10,2111714.61,10.0,602.80,1.0000,1.0,72.2
2024-12-11,2128038.59,10.0,607.46,1.0000,1.0,76.0
2024-12-12,2117074.20,10.0,604.33,1.0000,1.0,66.4
2024-12-13,2116653.84,10.0,604.21,1.0000,1.0,64.1
2024-12-16,2125691.58,10.0,606.79,1.0000,1.0,64.7
2024-12-17,2116934.08,9.79,604.29,1.0000,1.0,55.9
2024-12-18,2053845.05,7.13,586.28,1.0000,2.0,36.6
2024-12-19,2053214.51,7.34,586.10,1.0000,1.0,31.1
2024-12-20,2070904.66,8.72,591.15,1.0000,1.0,36.8
2024-12-23,2083305.28,8.72,594.69,1.0000,1.0,40.9
2024-12-24,2106460.11,10.0,601.30,1.0000,1.0,44.1
2024-12-26,2106600.23,9.47,601.34,1.0000,1.0,44.9
2024-12-27,2084426.24,8.19,595.01,1.0000,1.0,38.9
2024-12-30,2060640.87,8.19,588.22,1.0000,1.0,36.6
2024-12-31,2053144.45,7.13,586.08,1.0000,1.0,36.4
2025-01-02,2048100.13,7.13,584.64,1.0000,1.0,30.5
2025-01-03,2073707.06,8.19,591.95,1.0000,1.0,40.1
2025-01-06,2085652.29,9.26,595.36,1.0000,1.0,43.3
2025-01-07,2062077.10,8.72,588.63,1.0000,1.0,37.0
2025-01-08,2065089.68,8.72,589.49,1.0000,1.0,39.2
2025-01-10,2033562.68,7.66,580.49,1.0000,1.0,45.1
2025-01-13,2036715.38,7.66,581.39,1.0000,1.0,46.1
2025-01-14,2039517.78,7.66,582.19,1.0000,1.0,42.0
2025-01-15,2076614.55,9.79,592.78,1.0000,1.0,48.5
2025-01-16,2072621.13,9.26,591.64,1.0000,1.0,41.6
2025-01-17,2093428.95,9.26,597.58,1.0000,1.0,47.0
2025-01-21,2112590.36,9.26,603.05,1.0000,1.0,56.4
2025-01-22,2124465.53,9.26,606.44,1.0000,0.0,65.4
2025-01-23,2136060.46,9.79,609.75,1.0000,0.0,69.6
2025-01-24,2129825.12,10.0,607.97,1.0000,1.0,69.2
2025-01-27,2099699.32,9.79,599.37,1.0000,1.0,56.0
2025-01-28,2117739.77,9.79,604.52,1.0000,1.0,57.2
2025-01-29,2108246.64,9.79,601.81,1.0000,1.0,61.0
2025-01-30,2119561.33,9.79,605.04,1.0000,1.0,62.5
2025-01-31,2108281.67,9.26,601.82,1.0000,1.0,69.0
2025-02-03,2094094.52,9.26,597.77,1.0000,1.0,63.8
2025-02-04,2108141.55,9.26,601.78,1.0000,1.0,65.6
2025-02-05,2116688.87,9.26,604.22,1.0000,1.0,60.5
2025-02-06,2124045.17,9.26,606.32,1.0000,1.0,63.2
2025-02-07,2104603.52,9.26,600.77,1.0000,1.0,52.9
2025-02-10,2118895.76,9.26,604.85,1.0000,1.0,51.7
2025-02-11,2120507.14,7.98,605.31,1.0000,1.0,48.9
2025-02-12,2113676.29,7.98,603.36,1.0000,1.0,43.5
2025-02-13,2135990.40,7.98,609.73,1.0000,1.0,51.6
2025-02-14,2135885.31,8.19,609.70,1.0000,1.0,61.4
2025-02-18,2142155.68,7.98,611.49,1.0000,1.0,58.3
2025-02-19,2147200.00,7.98,612.93,1.0000,1.0,63.7
2025-02-20,2138267.35,7.98,610.38,1.0000,1.0,56.7
2025-02-21,2101696.03,6.91,599.94,1.0000,1.0,48.0
2025-02-24,2092132.84,5.85,597.21,1.0000,1.0,49.4
2025-02-25,2081728.93,5.85,594.24,1.0000,1.0,41.6
2025-02-26,2082779.83,5.85,594.54,1.0000,1.0,38.7
2025-02-27,2049536.36,5.53,585.05,1.0000,1.0,28.8
2025-02-28,2081518.75,6.91,594.18,1.0000,1.0,43.9
2025-03-03,2045052.52,6.06,583.77,1.0000,1.0,32.5
2025-03-04,2020846.79,6.06,576.86,1.0000,1.0,28.6
2025-03-05,2042565.39,6.6,583.06,1.0000,1.0,35.7
2025-03-06,2006309.34,5.53,572.71,1.0000,1.0,25.2
2025-03-07,2017553.97,5.53,575.92,1.0000,1.0,28.3
2025-03-10,1963817.95,5.32,560.58,1.0000,2.0,22.2
2025-03-11,1947493.97,5.32,555.92,1.0000,2.0,19.9
2025-03-12,1957827.82,5.53,558.87,1.0000,1.0,22.9
2025-03-13,1931730.47,5.53,551.42,1.0000,1.0,23.7
2025-03-14,1971629.64,6.6,562.81,1.0000,1.0,32.9
2025-03-17,1986832.66,6.6,567.15,1.0000,1.0,36.7
2025-03-18,1965359.27,6.6,561.02,1.0000,1.0,34.5
2025-03-19,1986762.60,6.91,567.13,1.0000,1.0,41.4
2025-03-20,1981017.68,6.91,565.49,1.0000,1.0,35.2
2025-03-21,1975728.15,6.91,563.98,1.0000,1.0,38.8
2025-03-24,2011108.45,7.77,574.08,1.0000,1.0,48.5
2025-03-25,2015942.59,7.77,575.46,1.0000,1.0,45.6
2025-03-26,1991876.98,6.7,568.59,1.0000,1.0,47.5
2025-03-27,1986587.45,6.7,567.08,1.0000,1.0,44.6
2025-03-28,1946583.19,6.38,555.66,1.0000,1.0,46.8
2025-03-31,1959649.38,6.6,559.39,1.0000,1.0,52.3
2025-04-01,1965184.12,6.38,560.97,1.0000,1.0,51.4
2025-04-02,1977619.77,7.23,564.52,1.0000,1.0,59.2
2025-04-03,1880166.31,5.0,536.70,1.0000,2.0,35.1
2025-04-04,1770102.05,5.0,505.28,1.0000,3.0,23.0
2025-04-07,1766949.35,5.53,504.38,1.0000,3.0,24.1
2025-04-08,1739275.65,5.53,496.48,1.0000,4.0,18.3
2025-04-09,1921922.07,7.66,548.62,1.0000,1.0,44.8
2025-04-10,1837709.95,6.6,524.58,1.0000,2.0,39.3
2025-04-11,1870498.03,8.09,533.94,1.0000,2.0,39.1
2025-04-14,1888643.57,8.09,539.12,1.0000,2.0,40.3
2025-04-15,1883354.04,8.09,537.61,1.0000,2.0,41.5
2025-04-16,1841493.19,7.02,525.66,1.0000,2.0,39.2
2025-04-17,1844120.44,8.19,526.41,1.0000,2.0,42.0
2025-04-21,1800227.85,7.02,513.88,1.0000,2.0,38.1
2025-04-22,1847062.96,7.87,527.25,1.0000,2.0,41.7
2025-04-23,1875682.47,8.4,535.42,1.0000,2.0,43.0
2025-04-24,1915161.28,8.19,546.69,1.0000,2.0,52.6
2025-04-25,1928998.13,9.04,550.64,1.0000,1.0,63.9
2025-04-28,1929733.76,9.26,550.85,1.0000,2.0,64.3
2025-04-29,1941889.17,9.47,554.32,1.0000,1.0,68.3
2025-04-30,1942659.83,9.04,554.54,1.0000,1.0,52.8
2025-05-01,1956426.62,9.26,558.47,1.0000,1.0,69.7
2025-05-02,1985466.49,9.26,566.76,1.0000,1.0,69.4
2025-05-05,1974081.74,8.19,563.51,1.0000,1.0,64.7
2025-05-06,1957582.61,8.19,558.80,1.0000,2.0,62.3
2025-05-07,1965814.66,8.62,561.15,1.0000,2.0,73.2
2025-05-08,1979511.39,8.62,565.06,1.0000,0.0,74.3
2025-05-09,1976989.23,8.62,564.34,1.0000,0.0,87.2
2025-05-12,2042320.18,8.94,582.99,1.0000,0.0,88.1
2025-05-13,2055806.73,8.19,586.84,1.0000,0.0,87.4
2025-05-14,2058433.98,8.19,587.59,1.0000,0.0,85.1
2025-05-15,2068487.59,8.19,590.46,1.0000,0.0,84.8
2025-05-16,2081588.81,8.19,594.20,1.0000,0.0,85.7
2025-05-19,2083865.76,8.19,594.85,1.0000,0.0,85.0
2025-05-20,2076859.76,8.19,592.85,1.0000,0.0,82.1
2025-05-21,2041864.79,7.87,582.86,1.0000,1.0,68.6
2025-05-22,2042670.48,7.87,583.09,1.0000,1.0,64.2
2025-05-23,2028728.54,7.87,579.11,1.0000,1.0,63.4
2025-05-27,2070904.66,8.19,591.15,1.0000,0.0,74.6
2025-05-28,2058924.40,8.19,587.73,1.0000,1.0,69.9
2025-05-29,2067051.36,8.19,590.05,1.0000,0.0,69.2
2025-05-30,2064739.38,8.19,589.39,1.0000,1.0,69.2
2025-06-02,2076369.34,8.19,592.71,1.0000,0.0,59.8
2025-06-03,2088209.48,8.19,596.09,1.0000,0.0,59.4
2025-06-04,2087649.00,8.19,595.93,1.0000,0.0,58.6
2025-06-05,2077560.36,8.19,593.05,1.0000,1.0,52.7
2025-06-06,2098893.63,8.19,599.14,1.0000,0.0,54.8
2025-06-09,2100785.25,8.19,599.68,1.0000,0.0,54.7
2025-06-10,2112695.45,8.19,603.08,1.0000,0.0,59.8
2025-06-11,2106670.29,8.19,601.36,1.0000,1.0,71.0
2025-06-12,2115042.46,8.19,603.75,1.0000,0.0,72.3
2025-06-13,2091397.21,7.87,597.00,1.0000,1.0,68.2
2025-06-16,2111294.25,8.19,602.68,1.0000,1.0,63.5
2025-06-17,2093253.80,7.87,597.53,1.0000,1.0,61.0
2025-06-18,2092938.53,7.87,597.44,1.0000,1.0,58.8
2025-06-20,2081869.05,7.87,594.28,1.0000,1.0,55.5
2025-06-23,2102431.66,8.19,600.15,1.0000,1.0,57.9
2025-06-24,2125656.55,8.19,606.78,1.0000,1.0,60.6
2025-06-25,2126847.57,8.19,607.12,1.0000,1.0,61.0
2025-06-26,2143486.82,8.19,611.87,1.0000,0.0,67.9
2025-06-27,2154135.94,8.19,614.91,1.0000,0.0,65.9
2025-06-30,2164434.76,8.19,617.85,1.0000,0.0,67.5
2025-07-01,2163734.16,8.19,617.65,1.0000,0.0,65.0
2025-07-02,2173542.56,8.19,620.45,1.0000,0.0,69.2
2025-07-03,2190672.23,8.19,625.34,1.0000,0.0,70.6
2025-07-07,2174348.25,8.19,620.68,1.0000,0.0,73.6
2025-07-08,2173157.23,8.19,620.34,1.0000,1.0,69.7
2025-07-09,2186188.39,8.19,624.06,1.0000,0.0,80.5
2025-07-10,2192353.67,8.19,625.82,1.0000,0.0,81.5
2025-07-11,2184647.07,8.19,623.62,1.0000,1.0,83.2
2025-07-14,2188815.64,8.19,624.81,1.0000,1.0,81.2
2025-07-15,2179462.63,8.19,622.14,1.0000,1.0,71.6
2025-07-16,2186748.87,8.19,624.22,1.0000,1.0,73.0
2025-07-17,2200130.33,8.19,628.04,1.0000,1.0,72.3
2025-07-18,2198518.95,8.19,627.58,1.0000,1.0,68.8
2025-07-21,2202687.52,8.19,628.77,1.0000,1.0,67.1
2025-07-22,2203002.79,8.19,628.86,1.0000,1.0,67.6
2025-07-23,2221743.84,8.19,634.21,1.0000,0.0,70.0
2025-07-24,2222479.47,8.19,634.42,1.0000,1.0,65.3
2025-07-25,2231867.51,8.4,637.10,1.0000,0.0,79.6
2025-07-28,2231307.03,8.19,636.94,1.0000,1.0,80.1
2025-07-29,2225421.99,8.19,635.26,1.0000,1.0,71.9
2025-07-30,2222619.59,8.19,634.46,1.0000,1.0,67.6
2025-07-31,2214282.45,8.19,632.08,1.0000,1.0,67.1
2025-08-01,2177991.37,6.81,621.72,1.0000,2.0,45.4
2025-08-04,2211094.72,8.19,631.17,1.0000,1.0,61.1
2025-08-05,2199885.12,7.13,627.97,1.0000,1.0,54.5
2025-08-06,2216734.55,8.19,632.78,1.0000,1.0,55.5
2025-08-07,2214877.96,8.19,632.25,1.0000,1.0,55.4
2025-08-08,2232147.75,8.19,637.18,1.0000,1.0,59.0
2025-08-11,2227733.97,8.19,635.92,1.0000,1.0,57.4
2025-08-12,2251449.28,8.4,642.69,1.0000,1.0,58.6
2025-08-13,2259155.88,8.4,644.89,1.0000,1.0,60.2
2025-08-14,2259366.06,8.4,644.95,1.0000,1.0,58.1
2025-08-15,2254076.53,8.19,643.44,1.0000,1.0,56.5
2025-08-18,2253586.11,8.4,643.30,1.0000,1.0,58.3
2025-08-19,2241360.64,8.19,639.81,1.0000,1.0,55.2
2025-08-20,2235405.54,8.19,638.11,1.0000,1.0,56.0
2025-08-21,2226437.86,8.19,635.55,1.0000,1.0,66.2
2025-08-22,2260627.14,8.4,645.31,1.0000,1.0,66.5
2025-08-25,2250678.62,8.4,642.47,1.0000,1.0,67.0
2025-08-26,2260101.69,8.4,645.16,1.0000,1.0,65.3
2025-08-27,2265251.10,8.4,646.63,1.0000,1.0,67.4
2025-08-28,2273272.97,8.4,648.92,1.0000,1.0,65.2
2025-08-29,2259716.36,8.19,645.05,1.0000,1.0,61.0
2025-09-02,2242972.02,8.19,640.27,1.0000,1.0,46.9
2025-09-03,2255127.43,8.19,643.74,1.0000,1.0,48.6
2025-09-04,2273973.57,8.19,649.12,1.0000,1.0,54.5
2025-09-05,2267387.93,8.19,647.24,1.0000,1.0,54.1
2025-09-08,2272957.70,8.19,648.83,1.0000,1.0,55.8
2025-09-09,2278212.20,8.19,650.33,1.0000,1.0,61.5
2025-09-10,2284797.84,8.19,652.21,1.0000,1.0,65.3
2025-09-11,2303784.10,8.4,657.63,1.0000,1.0,72.6
2025-09-12,2303013.44,8.4,657.41,1.0000,1.0,65.4
2025-09-15,2315273.94,8.19,660.91,1.0000,1.0,73.1
2025-09-16,2312086.21,8.19,660.00,1.0000,1.0,69.4
2025-09-17,2309213.75,8.19,659.18,1.0000,1.0,66.7
2025-09-18,2320002.99,8.19,662.26,1.0000,1.0,67.4
2025-09-19,2325047.31,8.19,663.70,1.0000,1.0,76.0
2025-09-22,2336046.73,8.19,666.84,1.0000,1.0,88.8
2025-09-23,2323330.84,8.19,663.21,1.0000,1.0,78.3
2025-09-24,2315939.51,8.19,661.10,1.0000,1.0,69.2
2025-09-25,2305255.36,8.19,658.05,1.0000,1.0,66.7
2025-09-26,2318461.67,8.19,661.82,1.0000,1.0,68.8
2025-09-29,2324977.25,8.19,663.68,1.0000,1.0,69.2
2025-09-30,2333734.75,8.19,666.18,1.0000,1.0,69.7
2025-10-01,2341686.56,8.19,668.45,1.0000,1.0,66.7
2025-10-02,2344383.87,8.19,669.22,1.0000,1.0,68.0
2025-10-03,2344348.84,8.19,669.21,1.0000,1.0,64.1
2025-10-06,2352756.04,8.19,671.61,1.0000,1.0,68.8
2025-10-07,2344033.57,8.19,669.12,1.0000,1.0,65.3
2025-10-08,2358010.54,8.19,673.11,1.0000,1.0,66.2
2025-10-09,2351179.69,8.19,671.16,1.0000,1.0,61.0
2025-10-10,2287635.27,5.74,653.02,1.0000,1.0,35.9
2025-10-13,2322735.33,8.19,663.04,1.0000,1.0,49.8
2025-10-14,2319897.90,7.87,662.23,1.0000,1.0,51.0
2025-10-15,2330196.72,7.87,665.17,1.0000,1.0,56.6
2025-10-16,2314328.13,6.6,660.64,1.0000,2.0,48.9
2025-10-17,2327464.38,7.87,664.39,1.0000,1.0,50.6
2025-10-20,2351670.11,8.19,671.30,1.0000,1.0,54.2
2025-10-21,2351635.08,8.19,671.29,1.0000,1.0,52.4
2025-10-22,2339409.61,8.19,667.80,1.0000,1.0,48.8
2025-10-23,2353281.49,8.19,671.76,1.0000,1.0,51.9
2025-10-24,2372512.96,8.19,677.25,1.0000,1.0,54.1
2025-10-27,2400501.93,8.19,685.24,1.0000,0.0,60.9
2025-10-28,2406877.39,8.19,687.06,1.0000,0.0,59.7
2025-10-29,2408033.38,8.19,687.39,1.0000,0.0,61.6
2025-10-30,2381550.70,8.19,679.83,1.0000,1.0,72.5
2025-10-31,2389362.39,8.19,682.06,1.0000,1.0,68.4
2025-11-03,2393846.23,8.19,683.34,1.0000,1.0,70.2
2025-11-04,2365471.93,8.19,675.24,1.0000,1.0,58.8
2025-11-05,2373668.95,8.19,677.58,1.0000,1.0,65.3
2025-11-06,2348202.14,8.19,670.31,1.0000,1.0,55.0
2025-11-07,2350514.12,7.13,670.97,1.0000,1.0,49.7
2025-11-10,2387190.53,8.19,681.44,1.0000,1.0,58.1
2025-11-11,2392655.21,8.19,683.00,1.0000,1.0,62.4
2025-11-12,2393986.35,8.19,683.38,1.0000,1.0,60.1
2025-11-13,2354262.33,6.81,672.04,1.0000,1.0,45.9
2025-11-14,2353877.00,7.13,671.93,1.0000,1.0,38.0
2025-11-17,2331948.22,5.74,665.67,1.0000,1.0,32.1
2025-11-18,2312366.45,5.74,660.08,1.0000,1.0,29.0
2025-11-19,2321299.10,6.81,662.63,1.0000,1.0,35.7
2025-11-20,2285918.80,5.53,652.53,1.0000,2.0,28.3
2025-11-21,2308688.30,6.81,659.03,1.0000,1.0,33.4
2025-11-24,2342667.40,7.87,668.73,1.0000,1.0,45.7
2025-11-25,2364701.27,8.19,675.02,1.0000,1.0,48.4
2025-11-26,2381025.25,8.19,679.68,1.0000,1.0,56.2
2025-11-28,2394021.38,8.19,683.39,1.0000,1.0,57.8
2025-12-01,2383092.02,8.19,680.27,1.0000,1.0,49.2
2025-12-02,2387505.80,8.19,681.53,1.0000,1.0,49.0
2025-12-03,2395772.88,8.19,683.89,1.0000,1.0,50.3
2025-12-04,2397524.38,8.19,684.39,1.0000,1.0,59.8
2025-12-05,2402078.28,8.19,685.69,1.0000,1.0,60.8
2025-12-08,2394862.10,8.19,683.63,1.0000,1.0,65.0
2025-12-09,2392795.33,8.19,683.04,1.0000,1.0,71.0
2025-12-10,2408663.92,8.19,687.57,1.0000,1.0,72.0
2025-12-11,2414268.72,8.4,689.17,1.0000,1.0,88.0
2025-12-12,2388311.49,8.19,681.76,1.0000,1.0,73.2
2025-12-15,2384703.40,8.19,680.73,1.0000,1.0,64.8
2025-12-16,2378187.82,8.19,678.87,1.0000,1.0,55.3
2025-12-17,2352020.41,8.19,671.40,1.0000,1.0,39.3
2025-12-18,2369780.62,8.19,676.47,1.0000,1.0,41.4
2025-12-19,2384212.98,8.4,680.59,1.0000,1.0,50.4
2025-12-22,2399065.70,8.4,684.83,1.0000,1.0,53.7
2025-12-23,2410030.09,8.4,687.96,1.0000,1.0,54.5
2025-12-24,2418507.35,8.4,690.38,1.0000,1.0,56.4
2025-12-26,2418262.14,8.4,690.31,1.0000,1.0,55.1
2025-12-29,2409644.76,8.4,687.85,1.0000,1.0,54.6
2025-12-30,2406702.24,8.4,687.01,1.0000,1.0,54.3
2025-12-31,2388871.97,8.4,681.92,1.0000,1.0,44.0
2026-01-02,2393250.72,8.4,683.17,1.0000,1.0,43.5
2026-01-05,2409189.37,8.4,687.72,1.0000,1.0,56.8
2026-01-06,2423516.64,8.4,691.81,1.0000,1.0,61.9
2026-01-07,2415704.95,8.19,689.58,1.0000,1.0,61.4
2026-01-08,2415459.74,8.19,689.51,1.0000,1.0,72.8
2026-01-09,2431433.42,8.4,694.07,1.0000,1.0,72.5
2026-01-12,2435251.69,8.19,695.16,1.0000,1.0,70.2
2026-01-13,2430382.52,8.19,693.77,1.0000,1.0,63.4
2026-01-14,2418437.29,8.19,690.36,1.0000,1.0,53.6
2026-01-15,2425022.93,8.19,692.24,1.0000,1.0,52.8
2026-01-16,2422991.19,8.19,691.66,1.0000,1.0,52.0
2026-01-20,2373668.95,5.74,677.58,1.0000,1.0,38.6
2026-01-21,2401062.41,8.19,685.40,1.0000,1.0,48.5
2026-01-22,2413603.15,8.19,688.98,1.0000,1.0,57.0
2026-01-23,2414478.90,8.19,689.23,1.0000,1.0,56.1
2026-01-26,2426739.40,8.19,692.73,1.0000,1.0,55.2
2026-01-27,2436407.68,8.19,695.49,1.0000,1.0,53.9
2026-01-28,2436162.47,8.19,695.42,1.0000,1.0,56.5
2026-01-29,2431328.33,8.19,694.04,1.0000,1.0,54.9
2026-01-30,2424077.12,8.19,691.97,1.0000,1.0,47.6
2026-02-02,2436127.44,8.19,695.41,1.0000,1.0,50.3
2026-02-03,2415529.80,8.19,689.53,1.0000,1.0,45.8
2026-02-04,2403829.78,8.19,686.19,1.0000,1.0,45.9
2026-02-05,2373809.07,5.74,677.62,1.0000,1.0,37.2
2026-02-06,2419348.07,8.19,690.62,1.0000,1.0,49.3
2026-02-09,2431013.06,8.19,693.95,1.0000,1.0,63.9
2026-02-10,2424602.57,8.19,692.12,1.0000,1.0,56.3
2026-02-11,2424042.09,8.19,691.96,1.0000,1.0,53.0
2026-02-12,2386595.02,6.81,681.27,1.0000,1.0,43.4
2026-02-13,2388276.46,6.81,681.75,1.0000,1.0,40.4
2026-02-17,2392129.76,6.81,682.85,1.0000,1.0,38.6
2026-02-18,2404180.08,8.19,686.29,1.0000,1.0,42.2
2026-02-19,2397839.65,6.81,684.48,1.0000,1.0,41.9
2026-02-20,2415179.50,8.19,689.43,1.0000,1.0,48.0
2026-02-23,2390518.38,6.81,682.39,1.0000,1.0,40.1
2026-02-24,2407893.26,8.19,687.35,1.0000,1.0,48.3
2026-02-25,2428210.66,8.19,693.15,1.0000,1.0,55.2
2026-02-26,2414724.11,8.19,689.30,1.0000,1.0,59.4
2026-02-27,2403129.18,8.19,685.99,1.0000,1.0,45.6
2026-03-02,2404495.35,7.87,686.38,1.0000,1.0,42.4
2026-03-03,2383302.20,6.81,680.33,1.0000,1.0,39.1
2026-03-04,2400116.60,7.87,685.13,1.0000,1.0,44.2
2026-03-05,2386735.14,6.81,681.31,1.0000,1.0,50.0
2026-03-06,2355453.35,5.53,672.38,1.0000,2.0,42.2
2026-03-09,2376086.02,6.6,678.27,1.0000,1.0,46.5
2026-03-10,2372267.75,6.81,677.18,1.0000,1.0,42.7
2026-03-11,2369290.20,6.81,676.33,1.0000,1.0,43.4
2026-03-12,2333314.39,5.53,666.06,1.0000,1.0,32.6
2026-03-13,2320108.08,5.53,662.29,1.0000,1.0,34.2
2026-03-16,2343718.30,6.81,669.03,1.0000,1.0,36.0
2026-03-17,2349883.58,6.81,670.79,1.0000,1.0,31.8
2026-03-18,2317095.50,5.53,661.43,1.0000,1.0,29.2
2026-03-19,2311385.61,5.74,659.80,1.0000,1.0,30.0
2026-03-20,2272046.92,5.53,648.57,1.0000,1.0,25.2
2026-03-23,2295902.35,6.6,655.38,1.0000,2.0,33.8
2026-03-24,2288195.75,6.6,653.18,1.0000,2.0,28.5
2026-03-25,2300946.67,6.6,656.82,1.0000,1.0,33.5
2026-03-26,2259856.48,5.53,645.09,1.0000,2.0,32.3
2026-03-27,2221323.48,5.21,634.09,1.0000,2.0,23.1
2026-03-30,2213897.12,5.21,631.97,1.0000,2.0,22.8
2026-03-31,2278247.23,6.6,650.34,1.0000,1.0,37.1
2026-04-01,2295411.93,7.87,655.24,1.0000,1.0,44.3
2026-04-02,2297478.70,7.87,655.83,1.0000,1.0,46.5
2026-04-06,2308338.00,7.87,658.93,1.0000,1.0,44.3
2026-04-07,2309353.87,7.66,659.22,1.0000,1.0,43.3
2026-04-08,2368169.24,7.66,676.01,1.0000,0.0,57.7
2026-04-09,2381830.94,7.98,679.91,1.0000,0.0,60.4
2026-04-10,2380254.59,7.98,679.46,1.0000,0.0,68.0
2026-04-13,2403514.51,7.98,686.10,1.0000,0.0,67.9
2026-04-14,2432799.59,8.19,694.46,1.0000,0.0,72.5
2026-04-15,2451996.03,8.19,699.94,1.0000,1.0,73.0
2026-04-16,2458021.19,8.19,701.66,1.0000,1.0,83.8
2026-04-17,2487726.63,8.19,710.14,1.0000,1.0,96.8
2026-04-20,2482752.37,8.19,708.72,1.0000,1.0,97.7
2026-04-21,2466498.45,8.19,704.08,1.0000,0.0,90.2
2026-04-22,2491474.84,8.19,711.21,1.0000,1.0,90.6
2026-04-23,2481806.56,8.19,708.45,1.0000,1.0,87.0
2026-04-24,2501038.03,8.19,713.94,1.0000,0.0,87.4
2026-04-27,2505346.72,8.19,715.17,1.0000,0.0,87.6
2026-04-28,2493156.28,8.19,711.69,1.0000,0.0,79.2
2026-04-29,2492770.95,8.19,711.58,1.0000,0.0,77.6
2026-04-30,2517572.19,8.19,718.66,1.0000,0.0,80.6
2026-05-01,2524543.16,8.19,720.65,1.0000,0.0,79.1
2026-05-04,2515295.24,8.19,718.01,1.0000,0.0,71.9
2026-05-05,2535472.52,8.19,723.77,1.0000,0.0,72.1
2026-05-06,2570712.70,8.19,733.83,1.0000,0.0,75.8
2026-05-07,2562830.95,8.19,731.58,1.0000,0.0,69.1
2026-05-08,2583989.07,8.19,737.62,1.0000,0.0,73.8
2026-05-11,2589874.11,8.19,739.30,1.0000,0.0,80.5
2026-05-12,2585950.75,8.19,738.18,1.0000,0.0,76.1
2026-05-13,2600418.14,8.19,742.31,1.0000,0.0,81.9
