date,close,prob,label
2020-01-02,324.87,0.000192,0
2020-01-03,322.41,0.000837,0
2020-01-06,323.64,0.002321,0
2020-01-07,322.73,0.008784,0
2020-01-08,324.45,0.006679,0
2020-01-09,326.65,0.017018,0
2020-01-10,325.71,0.038744,0
2020-01-13,327.95,0.080786,0
2020-01-14,327.45,0.131858,0
2020-01-15,328.19,0.203135,0
2020-01-16,330.92,0.412596,0
2020-01-17,331.95,0.308104,1
2020-01-21,331.3,0.326146,1
2020-01-22,331.34,0.399708,1
2020-01-23,331.72,0.101533,1
2020-01-24,328.77,0.091121,1
2020-01-27,323.5,0.295732,0
2020-01-28,326.89,0.22857,0
2020-01-29,326.62,0.238112,0
2020-01-30,327.68,0.182453,0
2020-01-31,321.73,0.157173,0
2020-02-03,324.12,0.205349,0
2020-02-04,329.06,0.119544,0
2020-02-05,332.86,0.110493,0
2020-02-06,333.98,0.126566,1
2020-02-07,332.2,0.133712,1
2020-02-10,334.68,0.167662,1
2020-02-11,335.26,0.131261,1
2020-02-12,337.42,0.140466,1
2020-02-13,337.06,0.125121,0
2020-02-14,337.6,0.113145,0
2020-02-18,336.73,0.109743,0
2020-02-19,338.34,0.108133,0
2020-02-20,336.95,0.094379,0
2020-02-21,333.48,0.114581,0
2020-02-24,322.42,0.230329,0
2020-02-25,312.65,0.21289,0
2020-02-26,311.5,0.206682,0
2020-02-27,297.51,0.130729,0
2020-02-28,296.26,0.104269,0
2020-03-02,309.09,0.238481,0
2020-03-03,300.24,0.240055,0
2020-03-04,312.86,0.222704,0
2020-03-05,302.46,0.408531,0
2020-03-06,297.46,0.421072,0
2020-03-09,274.23,0.194801,0
2020-03-10,288.42,0.236896,0
2020-03-11,274.36,0.098874,0
2020-03-12,248.11,0.126609,0
2020-03-13,269.32,0.135018,0
2020-03-16,239.85,0.214993,0
2020-03-17,252.8,0.096189,0
2020-03-18,240.0,0.139361,0
2020-03-19,240.51,0.318914,1
2020-03-20,228.8,0.154457,1
2020-03-23,222.95,0.401421,1
2020-03-24,243.15,0.411178,1
2020-03-25,246.79,0.348398,1
2020-03-26,261.2,0.245389,0
2020-03-27,253.42,0.476267,0
2020-03-30,261.65,0.33987,0
2020-03-31,257.75,0.120208,0
2020-04-01,246.15,0.159489,0
2020-04-02,251.83,0.038762,0
2020-04-03,248.19,0.052878,0
2020-04-06,264.86,0.019044,0
2020-04-07,265.13,0.01488,0
2020-04-08,274.03,0.033899,0
2020-04-09,278.2,0.028325,0
2020-04-13,275.66,0.048975,0
2020-04-14,283.79,0.044604,0
2020-04-15,277.76,0.096161,0
2020-04-16,279.1,0.046086,0
2020-04-17,286.64,0.049138,0
2020-04-20,281.59,0.05109,0
2020-04-21,273.04,0.018512,0
2020-04-22,279.1,0.035943,0
2020-04-23,279.08,0.042783,0
2020-04-24,282.97,0.034086,0
2020-04-27,287.05,0.045612,0
2020-04-28,285.73,0.051055,0
2020-04-29,293.21,0.081625,0
2020-04-30,290.48,0.058511,0
2020-05-01,282.79,0.056782,0
2020-05-04,283.57,0.047498,0
2020-05-05,286.19,0.061358,0
2020-05-06,284.25,0.065956,0
2020-05-07,287.68,0.088498,0
2020-05-08,292.44,0.103306,0
2020-05-11,292.5,0.096159,0
2020-05-12,286.67,0.097965,0
2020-05-13,281.6,0.074928,0
2020-05-14,284.97,0.087403,0
2020-05-15,286.28,0.07465,0
2020-05-18,295.0,0.100351,0
2020-05-19,291.97,0.145604,0
2020-05-20,296.93,0.205087,0
2020-05-21,294.88,0.170618,0
2020-05-22,295.44,0.154764,0
2020-05-26,299.08,0.118242,0
2020-05-27,303.53,0.17505,0
2020-05-28,302.97,0.14962,0
2020-05-29,304.32,0.148581,0
2020-06-01,305.55,0.229722,0
2020-06-02,308.08,0.2373,0
2020-06-03,312.18,0.229721,0
2020-06-04,311.36,0.218658,0
2020-06-05,319.34,0.255823,1
2020-06-08,323.2,0.37007,1
2020-06-09,320.79,0.282875,1
2020-06-10,319.0,0.233462,1
2020-06-11,300.61,0.116378,1
2020-06-12,304.21,0.037527,0
2020-06-15,307.05,0.058426,0
2020-06-16,312.96,0.09202,0
2020-06-17,311.66,0.119496,0
2020-06-18,311.78,0.206322,0
2020-06-19,308.64,0.17458,1
2020-06-22,310.62,0.218451,1
2020-06-23,312.05,0.190898,1
2020-06-24,304.09,0.17096,1
2020-06-25,307.35,0.153298,1
2020-06-26,300.05,0.19409,0
2020-06-29,304.46,0.158315,0
2020-06-30,308.36,0.105338,0
2020-07-01,310.52,0.178502,0
2020-07-02,312.23,0.186291,0
2020-07-06,317.05,0.302403,0
2020-07-07,313.78,0.234689,0
2020-07-08,316.18,0.228461,0
2020-07-09,314.38,0.160329,0
2020-07-10,317.59,0.133572,0
2020-07-13,314.84,0.148938,0
2020-07-14,318.92,0.201433,0
2020-07-15,321.85,0.200218,0
2020-07-16,320.79,0.24439,0
2020-07-17,321.72,0.188959,0
2020-07-20,324.32,0.234462,0
2020-07-21,325.01,0.210369,0
2020-07-22,326.86,0.195204,0
2020-07-23,322.96,0.210365,0
2020-07-24,320.88,0.198636,0
2020-07-27,323.22,0.221702,0
2020-07-28,321.17,0.218243,0
2020-07-29,325.12,0.178533,0
2020-07-30,323.96,0.165052,0
2020-07-31,326.52,0.144145,0
2020-08-03,328.79,0.201221,0
2020-08-04,330.06,0.248538,0
2020-08-05,332.11,0.25395,0
2020-08-06,334.33,0.283835,0
2020-08-07,334.57,0.230922,0
2020-08-10,335.57,0.245947,0
2020-08-11,332.8,0.19049,0
2020-08-12,337.44,0.231554,0
2020-08-13,336.83,0.208607,0
2020-08-14,336.84,0.177524,0
2020-08-17,337.91,0.184929,0
2020-08-18,338.64,0.190421,0
2020-08-19,337.23,0.113052,0
2020-08-20,338.28,0.165281,0
2020-08-21,339.48,0.165935,0
2020-08-24,342.92,0.22468,0
2020-08-25,344.12,0.235007,0
2020-08-26,347.57,0.28334,1
2020-08-27,348.33,0.275892,1
2020-08-28,350.58,0.322823,1
2020-08-31,349.31,0.248266,1
2020-09-01,352.6,0.280394,1
2020-09-02,357.7,0.302129,0
2020-09-03,345.39,0.220584,0
2020-09-04,342.57,0.12835,0
2020-09-08,333.21,0.247006,0
2020-09-09,339.79,0.153722,0
2020-09-10,333.89,0.182083,0
2020-09-11,334.06,0.241734,0
2020-09-14,338.46,0.248553,0
2020-09-15,340.17,0.293072,0
2020-09-16,338.82,0.229476,0
2020-09-17,335.84,0.302447,0
2020-09-18,330.65,0.345602,0
2020-09-21,326.97,0.338121,1
2020-09-22,330.3,0.321903,1
2020-09-23,322.64,0.361527,1
2020-09-24,323.5,0.362843,1
2020-09-25,328.73,0.329142,1
2020-09-28,334.19,0.287316,0
2020-09-29,332.37,0.276008,0
2020-09-30,334.89,0.232082,0
2020-10-01,337.04,0.281546,0
2020-10-02,333.84,0.211742,0
2020-10-05,339.76,0.242019,0
2020-10-06,334.93,0.209801,0
2020-10-07,340.76,0.226531,0
2020-10-08,343.78,0.235628,0
2020-10-09,346.85,0.258831,0
2020-10-12,352.43,0.244585,1
2020-10-13,350.13,0.24466,1
2020-10-14,347.93,0.277909,1
2020-10-15,347.5,0.228882,1
2020-10-16,347.29,0.150388,1
2020-10-19,342.01,0.149115,0
2020-10-20,343.38,0.17586,0
2020-10-21,342.73,0.162566,0
2020-10-22,344.61,0.213578,0
2020-10-23,345.78,0.219484,1
2020-10-26,339.39,0.253758,1
2020-10-27,338.22,0.277409,1
2020-10-28,326.66,0.360166,1
2020-10-29,329.98,0.263513,1
2020-10-30,326.54,0.240102,0
2020-11-02,330.2,0.276849,0
2020-11-03,336.03,0.215337,0
2020-11-04,343.54,0.281888,0
2020-11-05,350.24,0.336341,0
2020-11-06,350.16,0.324869,0
2020-11-09,354.56,0.21901,0
2020-11-10,354.04,0.2847,0
2020-11-11,356.67,0.261792,0
2020-11-12,353.21,0.173889,0
2020-11-13,358.1,0.194116,0
2020-11-16,362.57,0.171385,0
2020-11-17,360.62,0.162804,0
2020-11-18,356.28,0.1496,0
2020-11-19,357.78,0.159986,0
2020-11-20,355.33,0.100275,0
2020-11-23,357.46,0.092121,0
2020-11-24,363.22,0.097723,0
2020-11-25,362.66,0.11186,0
2020-11-27,363.67,0.175631,0
2020-11-30,362.06,0.094383,0
2020-12-01,366.02,0.127786,0
2020-12-02,366.79,0.139291,0
2020-12-03,366.69,0.117358,0
2020-12-04,369.85,0.153712,0
2020-12-07,369.09,0.163098,0
2020-12-08,370.17,0.154942,0
2020-12-09,366.85,0.113236,0
2020-12-10,366.73,0.121526,0
2020-12-11,366.3,0.149102,0
2020-12-14,364.66,0.154197,0
2020-12-15,369.59,0.116279,0
2020-12-16,370.17,0.117357,0
2020-12-17,372.24,0.129013,0
2020-12-18,369.18,0.069145,0
2020-12-21,367.86,0.197343,0
2020-12-22,367.24,0.267656,0
2020-12-23,367.57,0.261574,0
2020-12-24,369.0,0.211369,0
2020-12-28,372.17,0.202382,0
2020-12-29,371.46,0.1799,0
2020-12-30,371.99,0.182814,0
2020-12-31,373.88,0.149402,0
2021-01-04,368.79,0.213484,0
2021-01-05,371.33,0.171614,0
2021-01-06,373.55,0.11562,0
2021-01-07,379.1,0.209594,0
2021-01-08,381.26,0.181413,0
2021-01-11,378.69,0.262314,0
2021-01-12,378.77,0.235148,0
2021-01-13,379.79,0.231531,0
2021-01-14,378.46,0.195109,0
2021-01-15,375.7,0.174411,0
2021-01-19,378.65,0.193242,0
2021-01-20,383.89,0.193873,0
2021-01-21,384.24,0.192036,0
2021-01-22,382.88,0.190338,0
2021-01-25,384.39,0.18466,0
2021-01-26,383.79,0.211032,0
2021-01-27,374.41,0.195966,0
2021-01-28,377.63,0.164637,0
2021-01-29,370.07,0.212749,0
2021-02-01,376.23,0.185114,0
2021-02-02,381.55,0.127651,0
2021-02-03,381.85,0.172026,0
2021-02-04,386.19,0.189629,0
2021-02-05,387.71,0.215922,0
2021-02-08,390.51,0.250201,0
2021-02-09,390.25,0.209739,0
2021-02-10,390.08,0.167109,0
2021-02-11,390.71,0.158801,1
2021-02-12,392.64,0.146853,1
2021-02-16,392.3,0.131485,1
2021-02-17,392.39,0.129272,1
2021-02-18,390.72,0.120357,1
2021-02-19,390.03,0.091702,0
2021-02-22,387.03,0.134127,0
2021-02-23,387.5,0.111869,0
2021-02-24,391.77,0.109096,0
2021-02-25,382.33,0.148437,1
2021-02-26,380.36,0.165533,1
2021-03-01,389.58,0.134041,1
2021-03-02,386.54,0.197065,1
2021-03-03,381.42,0.212754,1
2021-03-04,376.7,0.245777,0
2021-03-05,383.63,0.205693,0
2021-03-08,381.72,0.192701,0
2021-03-09,387.17,0.203809,0
2021-03-10,389.58,0.150063,0
2021-03-11,393.53,0.218661,0
2021-03-12,394.06,0.203398,0
2021-03-15,396.41,0.213771,0
2021-03-16,395.91,0.168186,0
2021-03-17,397.26,0.133041,0
2021-03-18,391.48,0.141726,0
2021-03-19,389.48,0.118425,0
2021-03-22,392.59,0.140133,0
2021-03-23,389.5,0.120439,0
2021-03-24,387.52,0.116898,0
2021-03-25,389.7,0.107096,0
2021-03-26,395.98,0.108644,0
2021-03-29,395.78,0.096165,0
2021-03-30,394.73,0.139438,0
2021-03-31,396.33,0.111217,0
2021-04-01,400.61,0.14598,0
2021-04-05,406.36,0.182936,0
2021-04-06,406.12,0.215507,0
2021-04-07,406.59,0.213292,0
2021-04-08,408.52,0.206916,0
2021-04-09,411.49,0.194014,0
2021-04-12,411.64,0.158272,0
2021-04-13,412.86,0.157121,0
2021-04-14,411.45,0.136738,0
2021-04-15,415.87,0.14934,0
2021-04-16,417.26,0.102668,0
2021-04-19,415.21,0.11729,0
2021-04-20,412.17,0.149835,0
2021-04-21,416.07,0.128857,0
2021-04-22,412.27,0.125074,0
2021-04-23,416.74,0.119573,0
2021-04-26,417.61,0.135502,0
2021-04-27,417.52,0.150796,0
2021-04-28,417.4,0.133846,1
2021-04-29,420.06,0.134828,1
2021-04-30,417.3,0.118492,1
2021-05-03,418.2,0.12728,1
2021-05-04,415.62,0.161884,1
2021-05-05,415.75,0.211299,0
2021-05-06,419.07,0.128517,0
2021-05-07,422.12,0.146111,0
2021-05-10,417.94,0.145435,0
2021-05-11,414.21,0.190089,1
2021-05-12,405.41,0.262192,1
2021-05-13,410.28,0.180197,1
2021-05-14,416.58,0.15685,1
2021-05-17,415.52,0.168151,1
2021-05-18,411.94,0.220167,0
2021-05-19,410.86,0.204782,0
2021-05-20,415.28,0.21213,0
2021-05-21,414.94,0.181637,0
2021-05-24,419.17,0.172645,0
2021-05-25,418.24,0.158462,0
2021-05-26,419.07,0.174934,0
2021-05-27,419.29,0.128823,0
2021-05-28,420.04,0.120234,0
2021-06-01,419.67,0.11633,0
2021-06-02,420.33,0.119158,0
2021-06-03,418.77,0.113121,0
2021-06-04,422.6,0.107389,0
2021-06-07,422.19,0.098338,0
2021-06-08,422.28,0.099289,0
2021-06-09,421.65,0.102284,0
2021-06-10,423.61,0.106775,0
2021-06-11,424.31,0.125577,0
2021-06-14,425.26,0.140402,0
2021-06-15,424.48,0.14066,0
2021-06-16,422.11,0.114184,0
2021-06-17,421.97,0.099449,0
2021-06-18,414.92,0.216575,0
2021-06-21,420.86,0.17576,0
2021-06-22,423.11,0.121719,0
2021-06-23,422.6,0.139261,0
2021-06-24,425.1,0.138889,0
2021-06-25,426.61,0.140867,0
2021-06-28,427.47,0.135302,0
2021-06-29,427.7,0.151336,0
2021-06-30,428.06,0.115729,0
2021-07-01,430.43,0.127754,0
2021-07-02,433.72,0.134707,0
2021-07-06,432.93,0.120366,0
2021-07-07,434.46,0.128021,0
2021-07-08,430.92,0.102512,0
2021-07-09,435.52,0.118437,0
2021-07-12,437.08,0.125822,0
2021-07-13,435.59,0.124591,0
2021-07-14,436.24,0.098836,0
2021-07-15,434.75,0.12206,0
2021-07-16,431.34,0.140437,0
2021-07-19,424.97,0.109641,0
2021-07-20,431.06,0.151754,0
2021-07-21,434.55,0.128069,0
2021-07-22,435.46,0.142886,0
2021-07-23,439.94,0.15448,0
2021-07-26,441.02,0.208481,0
2021-07-27,439.01,0.161893,0
2021-07-28,438.83,0.157185,0
2021-07-29,440.65,0.146127,0
2021-07-30,438.51,0.099363,0
2021-08-02,437.59,0.104355,0
2021-08-03,441.15,0.105686,0
2021-08-04,438.98,0.11711,0
2021-08-05,441.76,0.116035,0
2021-08-06,442.49,0.111594,0
2021-08-09,442.13,0.121876,0
2021-08-10,442.68,0.102315,0
2021-08-11,443.78,0.111149,0
2021-08-12,445.11,0.113672,0
2021-08-13,445.92,0.114909,0
2021-08-16,446.97,0.089394,0
2021-08-17,444.04,0.099986,0
2021-08-18,439.18,0.193416,0
2021-08-19,439.86,0.163534,0
2021-08-20,443.36,0.126355,0
2021-08-23,447.26,0.134052,0
2021-08-24,447.97,0.156905,0
2021-08-25,448.91,0.181803,0
2021-08-26,446.26,0.177336,0
2021-08-27,450.25,0.12492,0
2021-08-30,452.23,0.159416,1
2021-08-31,451.56,0.140586,1
2021-09-01,451.8,0.140827,1
2021-09-02,453.19,0.166796,1
2021-09-03,453.08,0.147224,1
2021-09-07,451.46,0.14013,0
2021-09-08,450.91,0.138665,0
2021-09-09,448.98,0.140266,0
2021-09-10,445.44,0.188729,0
2021-09-13,446.58,0.173367,0
2021-09-14,444.17,0.223887,0
2021-09-15,447.88,0.17447,0
2021-09-16,447.17,0.188936,0
2021-09-17,441.4,0.278668,0
2021-09-20,434.04,0.280794,0
2021-09-21,433.63,0.396966,0
2021-09-22,437.86,0.265557,0
2021-09-23,443.18,0.213472,0
2021-09-24,443.91,0.228838,0
2021-09-27,442.64,0.293458,0
2021-09-28,433.72,0.370707,0
2021-09-29,434.45,0.3424,1
2021-09-30,429.14,0.272388,1
2021-10-01,434.24,0.204789,1
2021-10-04,428.64,0.252648,1
2021-10-05,433.1,0.281037,1
2021-10-06,434.9,0.217555,0
2021-10-07,438.66,0.277371,0
2021-10-08,437.86,0.234568,0
2021-10-11,434.69,0.329333,0
2021-10-12,433.62,0.2849,0
2021-10-13,435.18,0.236835,0
2021-10-14,442.5,0.205526,0
2021-10-15,445.87,0.126843,0
2021-10-18,447.19,0.151637,0
2021-10-19,450.64,0.216774,0
2021-10-20,452.41,0.203297,0
2021-10-21,453.59,0.176643,0
2021-10-22,453.12,0.132887,0
2021-10-25,455.55,0.142715,0
2021-10-26,455.96,0.112477,0
2021-10-27,453.94,0.104242,0
2021-10-28,458.32,0.132435,0
2021-10-29,459.25,0.110158,0
2021-11-01,460.04,0.133635,0
2021-11-02,461.9,0.151587,0
2021-11-03,464.72,0.165398,0
2021-11-04,466.91,0.152876,0
2021-11-05,468.53,0.137085,0
2021-11-08,468.93,0.166015,0
2021-11-09,467.38,0.173283,0
2021-11-10,463.62,0.185552,0
2021-11-11,463.77,0.214672,1
2021-11-12,467.27,0.138244,1
2021-11-15,467.43,0.137321,1
2021-11-16,469.28,0.143774,1
2021-11-17,468.14,0.160327,1
2021-11-18,469.73,0.156955,0
2021-11-19,468.89,0.138977,0
2021-11-22,467.57,0.136397,0
2021-11-23,468.19,0.127897,0
2021-11-24,469.44,0.143357,0
2021-11-26,458.97,0.31751,0
2021-11-29,464.6,0.205576,1
2021-11-30,455.56,0.216375,1
2021-12-01,450.5,0.278917,1
2021-12-02,457.4,0.181462,1
2021-12-03,453.42,0.261044,1
2021-12-06,458.79,0.219062,0
2021-12-07,468.28,0.179762,0
2021-12-08,469.52,0.187912,0
2021-12-09,466.35,0.176498,0
2021-12-10,470.74,0.174026,0
2021-12-13,466.57,0.130968,0
2021-12-14,463.36,0.130032,0
2021-12-15,470.6,0.084965,0
2021-12-16,466.45,0.075907,0
2021-12-17,459.87,0.104491,0
2021-12-20,454.98,0.171308,0
2021-12-21,463.06,0.15573,0
2021-12-22,467.69,0.090238,0
2021-12-23,470.6,0.098418,0
2021-12-27,477.26,0.150134,0
2021-12-28,476.87,0.19126,1
2021-12-29,477.48,0.145818,1
2021-12-30,476.16,0.138532,1
2021-12-31,474.96,0.109509,1
2022-01-03,477.71,0.086055,1
2022-01-04,477.55,0.09307,0
2022-01-05,468.38,0.109326,0
2022-01-06,467.94,0.120294,0
2022-01-07,466.09,0.129762,0
2022-01-10,465.51,0.111785,0
2022-01-11,469.75,0.133413,0
2022-01-12,471.02,0.167965,0
2022-01-13,464.53,0.227541,0
2022-01-14,464.72,0.21431,0
2022-01-18,456.49,0.32889,0
2022-01-19,451.75,0.338444,0
2022-01-20,446.75,0.388213,0
2022-01-21,437.98,0.38988,0
2022-01-24,439.84,0.343784,0
2022-01-25,434.47,0.562301,1
2022-01-26,433.38,0.615627,1
2022-01-27,431.24,0.700374,1
2022-01-28,441.95,0.569036,1
2022-01-31,449.91,0.379917,1
2022-02-01,452.95,0.397483,1
2022-02-02,457.35,0.424761,1
2022-02-03,446.6,0.471275,1
2022-02-04,448.7,0.325214,1
2022-02-07,447.26,0.31551,1
2022-02-08,450.94,0.255759,0
2022-02-09,457.54,0.235584,0
2022-02-10,449.32,0.218972,0
2022-02-11,440.46,0.268647,0
2022-02-14,439.02,0.287566,0
2022-02-15,446.1,0.198166,0
2022-02-16,446.6,0.15607,0
2022-02-17,437.06,0.284269,0
2022-02-18,434.23,0.300007,0
2022-02-22,429.57,0.383243,0
2022-02-23,421.95,0.379537,0
2022-02-24,428.3,0.236151,0
2022-02-25,437.75,0.261234,0
2022-02-28,436.63,0.23663,0
2022-03-01,429.98,0.371873,0
2022-03-02,437.89,0.346318,0
2022-03-03,435.71,0.313898,1
2022-03-04,432.17,0.274242,1
2022-03-07,419.43,0.432975,1
2022-03-08,416.25,0.375657,1
2022-03-09,427.41,0.248004,1
2022-03-10,425.48,0.227384,0
2022-03-11,420.07,0.284447,0
2022-03-14,417.0,0.385639,0
2022-03-15,426.17,0.283281,0
2022-03-16,435.62,0.149045,0
2022-03-17,441.07,0.210071,0
2022-03-18,444.52,0.162249,0
2022-03-21,444.39,0.20277,0
2022-03-22,449.59,0.20352,0
2022-03-23,443.8,0.180149,0
2022-03-24,450.49,0.134822,0
2022-03-25,452.69,0.10121,0
2022-03-28,455.91,0.118216,1
2022-03-29,461.55,0.111039,1
2022-03-30,458.7,0.115207,1
2022-03-31,451.64,0.077526,1
2022-04-01,452.92,0.081064,1
2022-04-04,456.8,0.103828,0
2022-04-05,451.03,0.088975,0
2022-04-06,446.52,0.064569,0
2022-04-07,448.77,0.107993,0
2022-04-08,447.57,0.104013,0
2022-04-11,439.92,0.128291,0
2022-04-12,438.29,0.172048,0
2022-04-13,443.31,0.185526,0
2022-04-14,437.79,0.213721,0
2022-04-18,437.97,0.24948,0
2022-04-19,445.04,0.221524,0
2022-04-20,444.71,0.230709,0
2022-04-21,438.06,0.279689,0
2022-04-22,426.04,0.346344,0
2022-04-25,428.51,0.297967,0
2022-04-26,416.1,0.384869,0
2022-04-27,417.27,0.309106,0
2022-04-28,427.81,0.263308,0
2022-04-29,412.0,0.405766,0
2022-05-02,414.48,0.290093,0
2022-05-03,416.38,0.364902,0
2022-05-04,429.06,0.208174,0
2022-05-05,413.81,0.262543,0
2022-05-06,411.34,0.343876,0
2022-05-09,398.17,0.34939,0
2022-05-10,399.09,0.349093,0
2022-05-11,392.75,0.241589,0
2022-05-12,392.34,0.388935,0
2022-05-13,401.72,0.3505,0
2022-05-16,400.09,0.403416,1
2022-05-17,408.32,0.294211,1
2022-05-18,391.86,0.489639,1
2022-05-19,389.46,0.418256,1
2022-05-20,389.63,0.299149,1
2022-05-23,396.92,0.295919,0
2022-05-24,393.89,0.222136,0
2022-05-25,397.37,0.27643,0
2022-05-26,405.31,0.258989,1
2022-05-27,415.26,0.323849,1
2022-05-31,412.93,0.247426,1
2022-06-01,409.59,0.231355,1
2022-06-02,417.39,0.248151,1
2022-06-03,410.54,0.150565,0
2022-06-06,411.79,0.132085,0
2022-06-07,415.74,0.108425,0
2022-06-08,411.22,0.152806,0
2022-06-09,401.44,0.129473,0
2022-06-10,389.8,0.177061,0
2022-06-13,375.0,0.099235,0
2022-06-14,373.87,0.122899,0
2022-06-15,379.2,0.139486,0
2022-06-16,366.65,0.141067,0
2022-06-17,365.86,0.236153,0
2022-06-21,375.07,0.394759,1
2022-06-22,374.39,0.338908,1
2022-06-23,378.06,0.269111,1
2022-06-24,390.08,0.257019,1
2022-06-27,388.59,0.262571,1
2022-06-28,380.65,0.256509,0
2022-06-29,380.34,0.252057,0
2022-06-30,377.25,0.169244,0
2022-07-01,381.24,0.123284,0
2022-07-05,381.96,0.130635,0
2022-07-06,383.25,0.160346,0
2022-07-07,388.99,0.176933,0
2022-07-08,388.67,0.147037,0
2022-07-11,384.23,0.130974,0
2022-07-12,380.83,0.128732,0
2022-07-13,378.83,0.117912,0
2022-07-14,377.91,0.124169,0
2022-07-15,385.13,0.103982,0
2022-07-18,381.95,0.128015,0
2022-07-19,392.27,0.136368,0
2022-07-20,394.77,0.134652,0
2022-07-21,398.79,0.192753,0
2022-07-22,395.09,0.136183,0
2022-07-25,395.57,0.140505,0
2022-07-26,390.89,0.163322,0
2022-07-27,401.04,0.118169,0
2022-07-28,406.07,0.129576,0
2022-07-29,411.99,0.160523,0
2022-08-01,410.77,0.16932,0
2022-08-02,408.06,0.164774,0
2022-08-03,414.45,0.140302,0
2022-08-04,414.17,0.123554,0
2022-08-05,413.47,0.078676,0
2022-08-08,412.99,0.077654,0
2022-08-09,411.35,0.081569,0
2022-08-10,419.99,0.084404,0
2022-08-11,419.99,0.081882,1
2022-08-12,427.1,0.119296,1
2022-08-15,428.86,0.131652,1
2022-08-16,429.7,0.135541,1
2022-08-17,426.65,0.101716,1
2022-08-18,427.89,0.103162,0
2022-08-19,422.14,0.087523,0
2022-08-22,413.35,0.073065,0
2022-08-23,412.35,0.078842,0
2022-08-24,413.67,0.086449,0
2022-08-25,419.51,0.108483,0
2022-08-26,405.31,0.131463,0
2022-08-29,402.63,0.173906,0
2022-08-30,398.21,0.175108,0
2022-08-31,395.18,0.191736,0
2022-09-01,396.42,0.16215,0
2022-09-02,392.24,0.255407,0
2022-09-06,390.76,0.352379,0
2022-09-07,397.78,0.305539,0
2022-09-08,400.38,0.250031,0
2022-09-09,406.6,0.259839,0
2022-09-12,410.97,0.321803,0
2022-09-13,393.1,0.411754,0
2022-09-14,394.6,0.24722,0
2022-09-15,390.12,0.247248,0
2022-09-16,385.56,0.2069,0
2022-09-19,388.55,0.186546,0
2022-09-20,384.09,0.311087,0
2022-09-21,377.39,0.369269,0
2022-09-22,374.22,0.408375,0
2022-09-23,367.95,0.347817,0
2022-09-26,364.31,0.37973,0
2022-09-27,363.38,0.482145,0
2022-09-28,370.53,0.466213,0
2022-09-29,362.79,0.526688,0
2022-09-30,357.18,0.449296,0
2022-10-03,366.61,0.522485,0
2022-10-04,377.97,0.315798,0
2022-10-05,377.09,0.256618,0
2022-10-06,373.2,0.3535,1
2022-10-07,362.79,0.472549,1
2022-10-10,360.02,0.415846,1
2022-10-11,357.74,0.310405,1
2022-10-12,356.56,0.403981,1
2022-10-13,365.97,0.2216,0
2022-10-14,357.63,0.371347,0
2022-10-17,366.82,0.30022,0
2022-10-18,371.13,0.229918,0
2022-10-19,368.5,0.242055,0
2022-10-20,365.41,0.203476,0
2022-10-21,374.29,0.130385,0
2022-10-24,378.87,0.144162,0
2022-10-25,384.92,0.174561,0
2022-10-26,382.02,0.124709,0
2022-10-27,379.98,0.18082,0
2022-10-28,389.02,0.133627,0
2022-10-31,386.21,0.08852,0
2022-11-01,384.52,0.099753,0
2022-11-02,374.87,0.077816,0
2022-11-03,371.01,0.094599,0
2022-11-04,376.35,0.050395,0
2022-11-07,379.95,0.091017,0
2022-11-08,382.0,0.09406,0
2022-11-09,374.13,0.131067,0
2022-11-10,394.69,0.150023,0
2022-11-11,398.51,0.11632,0
2022-11-14,395.12,0.113596,0
2022-11-15,398.49,0.095079,0
2022-11-16,395.45,0.110001,0
2022-11-17,394.24,0.072728,0
2022-11-18,396.03,0.04604,0
2022-11-21,394.59,0.06366,0
2022-11-22,399.9,0.059915,0
2022-11-23,402.42,0.060271,0
2022-11-25,402.33,0.080488,1
2022-11-28,395.91,0.06519,1
2022-11-29,395.23,0.066798,1
2022-11-30,407.68,0.035837,1
2022-12-01,407.38,0.046984,1
2022-12-02,406.91,0.047816,0
2022-12-05,399.59,0.075779,0
2022-12-06,393.83,0.067904,0
2022-12-07,393.16,0.046131,0
2022-12-08,396.24,0.049254,0
2022-12-09,393.28,0.068189,0
2022-12-12,398.95,0.143341,0
2022-12-13,401.97,0.129162,0
2022-12-14,399.4,0.164871,0
2022-12-15,389.63,0.193455,0
2022-12-16,383.27,0.196689,0
2022-12-19,380.02,0.213733,0
2022-12-20,380.54,0.186275,0
2022-12-21,386.23,0.147422,0
2022-12-22,380.72,0.214876,1
2022-12-23,382.91,0.283196,1
2022-12-27,381.4,0.329121,1
2022-12-28,376.66,0.343956,1
2022-12-29,383.44,0.221809,1
2022-12-30,382.43,0.253953,0
2023-01-03,380.82,0.294907,0
2023-01-04,383.76,0.23993,0
2023-01-05,379.38,0.350401,0
2023-01-06,388.08,0.211943,0
2023-01-09,387.86,0.235513,0
2023-01-10,390.58,0.254424,0
2023-01-11,395.52,0.25547,0
2023-01-12,396.96,0.237789,0
2023-01-13,398.5,0.163629,0
2023-01-17,397.77,0.158601,0
2023-01-18,391.49,0.16577,0
2023-01-19,388.64,0.1464,0
2023-01-20,395.88,0.103391,0
2023-01-23,400.63,0.10429,0
2023-01-24,400.2,0.117136,0
2023-01-25,400.35,0.119539,0
2023-01-26,404.75,0.172476,0
2023-01-27,405.68,0.152506,0
2023-01-30,400.59,0.1805,0
2023-01-31,406.48,0.125257,0
2023-02-01,410.8,0.140252,0
2023-02-02,416.78,0.168857,0
2023-02-03,412.35,0.196467,1
2023-02-06,409.83,0.24446,1
2023-02-07,415.19,0.150499,1
2023-02-08,410.65,0.180585,1
2023-02-09,407.09,0.132014,1
2023-02-10,408.04,0.148021,0
2023-02-13,412.83,0.126553,0
2023-02-14,412.64,0.084951,0
2023-02-15,413.98,0.120862,0
2023-02-16,408.28,0.174977,0
2023-02-17,407.26,0.14711,0
2023-02-21,399.09,0.239096,0
2023-02-22,398.54,0.209404,0
2023-02-23,400.66,0.160539,0
2023-02-24,396.38,0.202859,0
2023-02-27,397.73,0.23108,0
2023-02-28,396.26,0.256587,0
2023-03-01,394.74,0.28228,0
2023-03-02,397.81,0.263682,0
2023-03-03,404.19,0.245467,0
2023-03-06,404.47,0.247362,0
2023-03-07,398.27,0.285633,0
2023-03-08,398.92,0.288958,0
2023-03-09,391.56,0.351486,0
2023-03-10,385.91,0.244592,1
2023-03-13,385.36,0.31029,1
2023-03-14,391.73,0.249404,1
2023-03-15,389.28,0.223217,1
2023-03-16,396.11,0.235382,1
2023-03-17,389.99,0.313321,0
2023-03-20,393.74,0.314794,0
2023-03-21,398.91,0.242322,0
2023-03-22,392.11,0.297465,0
2023-03-23,393.17,0.217933,0
2023-03-24,395.75,0.238473,0
2023-03-27,396.49,0.255305,0
2023-03-28,395.6,0.217977,0
2023-03-29,401.35,0.178863,0
2023-03-30,403.7,0.175732,0
2023-03-31,409.39,0.146312,0
2023-04-03,410.95,0.188942,0
2023-04-04,408.67,0.174255,0
2023-04-05,407.6,0.13765,0
2023-04-06,409.19,0.118437,0
2023-04-10,409.61,0.109055,0
2023-04-11,409.72,0.116824,0
2023-04-12,408.05,0.096939,0
2023-04-13,413.47,0.11825,0
2023-04-14,412.46,0.111311,0
2023-04-17,413.94,0.121695,1
2023-04-18,414.21,0.134655,1
2023-04-19,414.14,0.144509,1
2023-04-20,411.88,0.104282,1
2023-04-21,412.2,0.126229,1
2023-04-24,412.63,0.126158,0
2023-04-25,406.08,0.173533,0
2023-04-26,404.36,0.177888,1
2023-04-27,412.41,0.10464,1
2023-04-28,415.93,0.093523,1
2023-05-01,415.51,0.10951,1
2023-05-02,410.84,0.152284,1
2023-05-03,408.02,0.203064,0
2023-05-04,405.13,0.200765,0
2023-05-05,412.63,0.107294,0
2023-05-08,412.74,0.113115,0
2023-05-09,410.93,0.177957,0
2023-05-10,412.85,0.08911,0
2023-05-11,412.13,0.121511,0
2023-05-12,411.59,0.149767,0
2023-05-15,413.01,0.124329,0
2023-05-16,410.25,0.184523,0
2023-05-17,415.23,0.086786,0
2023-05-18,419.23,0.086971,0
2023-05-19,418.62,0.082362,0
2023-05-22,418.79,0.106027,0
2023-05-23,414.09,0.139367,0
2023-05-24,411.09,0.144783,0
2023-05-25,414.65,0.11401,0
2023-05-26,420.02,0.089978,0
2023-05-30,420.18,0.096159,0
2023-05-31,417.85,0.083267,0
2023-06-01,421.82,0.125208,0
2023-06-02,427.92,0.154096,0
2023-06-05,427.1,0.151696,0
2023-06-06,428.03,0.150816,0
2023-06-07,426.55,0.127088,0
2023-06-08,429.13,0.139473,0
2023-06-09,429.9,0.095822,0
2023-06-12,433.8,0.133644,0
2023-06-13,436.66,0.123287,0
2023-06-14,437.18,0.12105,0
2023-06-15,442.6,0.150194,0
2023-06-16,439.46,0.128167,0
2023-06-20,437.18,0.181299,0
2023-06-21,434.94,0.147496,0
2023-06-22,436.51,0.139959,0
2023-06-23,433.21,0.10884,0
2023-06-26,431.44,0.142301,0
2023-06-27,436.17,0.162642,0
2023-06-28,436.39,0.157408,0
2023-06-29,438.11,0.163982,0
2023-06-30,443.28,0.113411,0
2023-07-03,443.79,0.201047,0
2023-07-05,443.13,0.151319,0
2023-07-06,439.66,0.132331,0
2023-07-07,438.55,0.155423,0
2023-07-10,439.66,0.115472,0
2023-07-11,442.46,0.114921,0
2023-07-12,446.02,0.093082,0
2023-07-13,449.56,0.136064,0
2023-07-14,449.28,0.140735,0
2023-07-17,450.84,0.155143,0
2023-07-18,454.19,0.132898,0
2023-07-19,455.2,0.14462,0
2023-07-20,452.18,0.13704,0
2023-07-21,452.18,0.121893,1
2023-07-24,454.2,0.129756,1
2023-07-25,455.44,0.12726,1
2023-07-26,455.51,0.111993,1
2023-07-27,452.49,0.114895,1
2023-07-28,456.92,0.129862,0
2023-07-31,457.79,0.130271,0
2023-08-01,456.48,0.13887,0
2023-08-02,450.13,0.15023,0
2023-08-03,448.84,0.19787,0
2023-08-04,446.81,0.163937,0
2023-08-07,450.71,0.201143,0
2023-08-08,448.75,0.199353,0
2023-08-09,445.75,0.282022,0
2023-08-10,445.91,0.26662,0
2023-08-11,445.65,0.332378,0
2023-08-14,448.11,0.301068,0
2023-08-15,442.89,0.341037,0
2023-08-16,439.64,0.361307,1
2023-08-17,436.29,0.341862,1
2023-08-18,436.5,0.325822,1
2023-08-21,439.34,0.326776,1
2023-08-22,438.15,0.373143,1
2023-08-23,443.03,0.293697,0
2023-08-24,436.89,0.360485,0
2023-08-25,439.97,0.261531,0
2023-08-28,442.76,0.271852,0
2023-08-29,449.16,0.242405,0
2023-08-30,451.01,0.137679,0
2023-08-31,450.35,0.170263,1
2023-09-01,451.19,0.173197,1
2023-09-05,449.24,0.16214,1
2023-09-06,446.22,0.1714,1
2023-09-07,444.85,0.173329,1
2023-09-08,445.52,0.175456,0
2023-09-11,448.45,0.113389,0
2023-09-12,445.99,0.158416,0
2023-09-13,446.51,0.169464,0
2023-09-14,450.36,0.108398,0
2023-09-15,443.37,0.16629,0
2023-09-18,443.63,0.208259,0
2023-09-19,442.71,0.212769,0
2023-09-20,438.64,0.250088,0
2023-09-21,431.39,0.261792,0
2023-09-22,430.42,0.291103,0
2023-09-25,432.23,0.318007,0
2023-09-26,425.88,0.345525,0
2023-09-27,426.05,0.327774,0
2023-09-28,428.52,0.367631,0
2023-09-29,427.48,0.346765,1
2023-10-02,427.31,0.395942,1
2023-10-03,421.59,0.458652,1
2023-10-04,424.66,0.416013,1
2023-10-05,424.5,0.420236,1
2023-10-06,429.54,0.279781,1
2023-10-09,432.29,0.279118,1
2023-10-10,434.54,0.316812,1
2023-10-11,436.32,0.341918,1
2023-10-12,433.66,0.297616,1
2023-10-13,431.5,0.246775,0
2023-10-16,436.04,0.260258,0
2023-10-17,436.02,0.221472,0
2023-10-18,430.21,0.215508,0
2023-10-19,426.43,0.224975,0
2023-10-20,421.19,0.316942,0
2023-10-23,420.46,0.324336,1
2023-10-24,423.63,0.27096,1
2023-10-25,417.55,0.356423,1
2023-10-26,412.55,0.343798,1
2023-10-27,410.68,0.37596,1
2023-10-30,415.59,0.318845,0
2023-10-31,418.2,0.246588,0
2023-11-01,422.66,0.211218,0
2023-11-02,430.76,0.262476,0
2023-11-03,434.69,0.190952,0
2023-11-06,435.69,0.211719,0
2023-11-07,436.93,0.192029,0
2023-11-08,437.25,0.158926,0
2023-11-09,433.84,0.096999,0
2023-11-10,440.61,0.099416,0
2023-11-13,440.19,0.109467,0
2023-11-14,448.73,0.103741,0
2023-11-15,449.68,0.101221,0
2023-11-16,450.23,0.122907,0
2023-11-17,450.79,0.089061,0
2023-11-20,454.26,0.124154,0
2023-11-21,453.27,0.112574,0
2023-11-22,455.02,0.098472,0
2023-11-24,455.3,0.132878,0
2023-11-27,454.48,0.110211,0
2023-11-28,454.93,0.086304,0
2023-11-29,454.61,0.088599,0
2023-11-30,456.4,0.070423,0
2023-12-01,459.1,0.072805,0
2023-12-04,456.69,0.099687,0
2023-12-05,456.6,0.09033,0
2023-12-06,454.76,0.087949,0
2023-12-07,458.23,0.085725,0
2023-12-08,460.2,0.070545,0
2023-12-11,461.99,0.099956,0
2023-12-12,464.1,0.115225,0
2023-12-13,470.5,0.139002,0
2023-12-14,472.01,0.119937,0
2023-12-15,469.33,0.09723,0
2023-12-18,471.97,0.148072,0
2023-12-19,474.84,0.165116,0
2023-12-20,468.26,0.156352,0
2023-12-21,472.7,0.110658,0
2023-12-22,473.65,0.123651,0
2023-12-26,475.65,0.126773,0
2023-12-27,476.51,0.107971,0
2023-12-28,476.69,0.108576,0
2023-12-29,475.31,0.075668,0
2024-01-02,472.65,0.071566,0
2024-01-03,468.79,0.111137,0
2024-01-04,467.28,0.133872,0
2024-01-05,467.92,0.129482,0
2024-01-08,474.6,0.118047,0
2024-01-09,473.88,0.118201,0
2024-01-10,476.56,0.1242,0
2024-01-11,476.35,0.124184,0
2024-01-12,476.68,0.134934,0
2024-01-16,474.93,0.107418,0
2024-01-17,472.29,0.142035,0
2024-01-18,476.49,0.097746,0
2024-01-19,482.43,0.09681,0
2024-01-22,483.45,0.118095,0
2024-01-23,484.86,0.172139,0
2024-01-24,485.39,0.142488,0
2024-01-25,488.03,0.151842,0
2024-01-26,487.41,0.121554,0
2024-01-29,491.27,0.146476,0
2024-01-30,490.89,0.12852,0
2024-01-31,482.88,0.115141,0
2024-02-01,489.2,0.091083,0
2024-02-02,494.35,0.099486,0
2024-02-05,492.55,0.108752,0
2024-02-06,493.98,0.116737,0
2024-02-07,498.1,0.143431,0
2024-02-08,498.32,0.149431,0
2024-02-09,501.2,0.131309,0
2024-02-12,500.98,0.145866,0
2024-02-13,494.08,0.129011,0
2024-02-14,498.57,0.112938,0
2024-02-15,502.01,0.123068,0
2024-02-16,499.51,0.097274,0
2024-02-20,496.76,0.142702,0
2024-02-21,497.21,0.1198,0
2024-02-22,507.5,0.134285,0
2024-02-23,507.85,0.111032,0
2024-02-26,505.99,0.123582,0
2024-02-27,506.93,0.124429,0
2024-02-28,506.26,0.108859,0
2024-02-29,508.08,0.064986,0
2024-03-01,512.85,0.10845,0
2024-03-04,512.3,0.136255,0
2024-03-05,507.18,0.165673,0
2024-03-06,509.75,0.114902,0
2024-03-07,514.81,0.131293,0
2024-03-08,511.72,0.090936,0
2024-03-11,511.28,0.105554,0
2024-03-12,516.78,0.112409,0
2024-03-13,515.97,0.119682,0
2024-03-14,514.95,0.070494,0
2024-03-15,509.83,0.116848,0
2024-03-18,512.86,0.087727,0
2024-03-19,515.71,0.104567,0
2024-03-20,520.48,0.118608,0
2024-03-21,522.2,0.127524,0
2024-03-22,521.21,0.131767,1
2024-03-25,519.77,0.153784,1
2024-03-26,518.81,0.120935,1
2024-03-27,523.17,0.089686,1
2024-03-28,523.07,0.072684,1
2024-04-01,522.16,0.096978,0
2024-04-02,518.84,0.097548,0
2024-04-03,519.41,0.108484,0
2024-04-04,513.07,0.180485,0
2024-04-05,518.43,0.112544,0
2024-04-08,518.72,0.129416,0
2024-04-09,519.32,0.125649,0
2024-04-10,514.12,0.22046,0
2024-04-11,518.0,0.157966,0
2024-04-12,510.85,0.271078,0
2024-04-15,504.45,0.329408,0
2024-04-16,503.53,0.35007,0
2024-04-17,500.55,0.378558,0
2024-04-18,499.52,0.351964,1
2024-04-19,495.16,0.359463,1
2024-04-22,499.72,0.394942,1
2024-04-23,505.65,0.299599,1
2024-04-24,505.41,0.316098,1
2024-04-25,503.49,0.323727,0
2024-04-26,508.26,0.299035,0
2024-04-29,510.06,0.307025,0
2024-04-30,501.98,0.272742,0
2024-05-01,500.35,0.261507,0
2024-05-02,505.03,0.234857,0
2024-05-03,511.29,0.185346,0
2024-05-06,516.57,0.159814,0
2024-05-07,517.14,0.153066,0
2024-05-08,517.19,0.169703,0
2024-05-09,520.17,0.163134,0
2024-05-10,520.84,0.121179,0
2024-05-13,520.91,0.137574,0
2024-05-14,523.3,0.121435,0
2024-05-15,529.78,0.146417,0
2024-05-16,528.69,0.137045,0
2024-05-17,529.45,0.111045,0
2024-05-20,530.06,0.146657,0
2024-05-21,531.36,0.143191,0
2024-05-22,529.83,0.101151,0
2024-05-23,525.96,0.143295,0
2024-05-24,529.44,0.116963,0
2024-05-28,529.81,0.11552,0
2024-05-29,526.1,0.102027,0
2024-05-30,522.61,0.171023,0
2024-05-31,527.37,0.070974,0
2024-06-03,527.8,0.125877,0
2024-06-04,528.39,0.160314,0
2024-06-05,534.67,0.162742,0
2024-06-06,534.66,0.194035,0
2024-06-07,534.01,0.14835,0
2024-06-10,535.66,0.153023,0
2024-06-11,536.95,0.152754,0
2024-06-12,541.36,0.107602,0
2024-06-13,542.45,0.132768,0
2024-06-14,542.78,0.146545,0
2024-06-17,547.1,0.138226,0
2024-06-18,548.49,0.150933,0
2024-06-20,547.0,0.0899,0
2024-06-21,544.51,0.091143,0
2024-06-24,542.74,0.165111,0
2024-06-25,544.83,0.115064,0
2024-06-26,545.51,0.108878,0
2024-06-27,546.37,0.113967,0
2024-06-28,544.22,0.077225,0
2024-07-01,545.34,0.137994,0
2024-07-02,549.01,0.139155,0
2024-07-03,551.46,0.153964,0
2024-07-05,554.64,0.144622,0
2024-07-08,555.28,0.167348,0
2024-07-09,555.82,0.189964,1
2024-07-10,561.32,0.188328,1
2024-07-11,556.48,0.157189,1
2024-07-12,559.99,0.133779,1
2024-07-15,561.53,0.155347,1
2024-07-16,564.86,0.171863,0
2024-07-17,556.94,0.185911,0
2024-07-18,552.66,0.191251,0
2024-07-19,548.99,0.181026,0
2024-07-22,554.65,0.203585,0
2024-07-23,553.78,0.204063,0
2024-07-24,541.23,0.290643,0
2024-07-25,538.41,0.315932,0
2024-07-26,544.44,0.26295,0
2024-07-29,544.76,0.241836,0
2024-07-30,542.0,0.293001,0
2024-07-31,550.81,0.242979,0
2024-08-01,543.01,0.307499,1
2024-08-02,532.9,0.351077,1
2024-08-05,517.38,0.322421,1
2024-08-06,522.15,0.357491,1
2024-08-07,518.66,0.345803,1
2024-08-08,530.65,0.282316,0
2024-08-09,532.99,0.271939,0
2024-08-12,533.27,0.339062,0
2024-08-13,542.04,0.296623,0
2024-08-14,543.75,0.288811,0
2024-08-15,553.07,0.172458,0
2024-08-16,554.31,0.179485,0
2024-08-19,559.61,0.213121,0
2024-08-20,558.7,0.168658,0
2024-08-21,560.62,0.146,0
2024-08-22,556.22,0.101486,1
2024-08-23,562.13,0.11416,1
2024-08-26,560.79,0.10531,1
2024-08-27,561.56,0.097028,1
2024-08-28,558.3,0.078824,1
2024-08-29,558.35,0.084769,0
2024-08-30,563.68,0.063942,1
2024-09-03,552.08,0.113325,1
2024-09-04,550.95,0.154079,1
2024-09-05,549.61,0.166351,1
2024-09-06,540.36,0.196634,1
2024-09-09,546.41,0.195625,0
2024-09-10,548.79,0.208763,0
2024-09-11,554.42,0.159237,0
2024-09-12,559.09,0.16062,0
2024-09-13,562.01,0.208231,0
2024-09-16,562.84,0.217163,0
2024-09-17,563.07,0.17339,0
2024-09-18,561.4,0.139002,0
2024-09-19,570.98,0.133791,0
2024-09-20,568.25,0.094555,0
2024-09-23,569.67,0.128242,0
2024-09-24,571.3,0.118527,0
2024-09-25,570.04,0.127572,0
2024-09-26,572.3,0.087911,0
2024-09-27,571.47,0.107385,0
2024-09-30,573.76,0.078633,0
2024-10-01,568.62,0.069725,0
2024-10-02,568.86,0.127394,0
2024-10-03,567.82,0.170489,0
2024-10-04,572.98,0.123754,0
2024-10-07,567.8,0.179503,0
2024-10-08,573.17,0.163651,0
2024-10-09,577.14,0.166042,0
2024-10-10,576.13,0.150889,0
2024-10-11,579.58,0.142298,0
2024-10-14,584.32,0.191275,0
2024-10-15,579.78,0.134938,0
2024-10-16,582.3,0.155126,0
2024-10-17,582.35,0.147502,1
2024-10-18,584.59,0.139376,1
2024-10-21,583.63,0.133756,1
2024-10-22,583.32,0.140901,1
2024-10-23,577.99,0.171668,1
2024-10-24,579.24,0.136861,0
2024-10-25,579.04,0.111562,0
2024-10-28,580.83,0.144677,0
2024-10-29,581.77,0.1162,0
2024-10-30,580.01,0.147469,0
2024-10-31,568.64,0.303188,0
2024-11-01,571.04,0.257799,0
2024-11-04,569.81,0.289716,0
2024-11-05,576.7,0.209326,0
2024-11-06,591.04,0.119123,0
2024-11-07,595.61,0.163352,0
2024-11-08,598.19,0.18235,0
2024-11-11,598.76,0.195586,0
2024-11-12,596.9,0.153408,0
2024-11-13,597.19,0.100494,0
2024-11-14,593.35,0.106915,0
2024-11-15,585.75,0.079144,0
2024-11-18,588.15,0.121837,0
2024-11-19,590.3,0.106813,0
2024-11-20,590.5,0.110618,0
2024-11-21,593.67,0.096201,0
2024-11-22,595.51,0.117196,0
2024-11-25,597.53,0.115846,0
2024-11-26,600.65,0.106658,0
2024-11-27,598.83,0.120735,0
2024-11-29,602.55,0.12412,0
2024-12-02,603.63,0.134883,0
2024-12-03,603.91,0.131581,0
2024-12-04,607.66,0.106665,1
2024-12-05,606.66,0.139696,1
2024-12-06,607.81,0.148607,1
2024-12-09,604.68,0.150693,1
2024-12-10,602.8,0.138779,1
2024-12-11,607.46,0.137971,0
2024-12-12,604.33,0.137382,0
2024-12-13,604.21,0.120248,0
2024-12-16,606.79,0.116568,0
2024-12-17,604.29,0.131357,0
2024-12-18,586.28,0.255373,0
2024-12-19,586.1,0.218632,0
2024-12-20,591.15,0.096821,0
2024-12-23,594.69,0.159874,0
2024-12-24,601.3,0.186012,0
2024-12-26,601.34,0.208923,0
2024-12-27,595.01,0.240538,0
2024-12-30,588.22,0.318116,0
2024-12-31,586.08,0.298591,0
2025-01-02,584.64,0.29214,1
2025-01-03,591.95,0.231103,1
2025-01-06,595.36,0.187289,1
2025-01-07,588.63,0.259867,1
2025-01-08,589.49,0.27116,1
2025-01-10,580.49,0.287332,0
2025-01-13,581.39,0.297374,0
2025-01-14,582.19,0.272498,0
2025-01-15,592.78,0.203222,0
2025-01-16,591.64,0.195583,0
2025-01-17,597.58,0.185091,0
2025-01-21,603.05,0.161755,0
2025-01-22,606.44,0.199189,0
2025-01-23,609.75,0.191976,0
2025-01-24,607.97,0.200456,0
2025-01-27,599.37,0.157941,0
2025-01-28,604.52,0.126952,0
2025-01-29,601.81,0.16456,0
2025-01-30,605.04,0.106861,0
2025-01-31,601.82,0.111589,0
2025-02-03,597.77,0.139253,0
2025-02-04,601.78,0.194498,0
2025-02-05,604.22,0.146891,0
2025-02-06,606.32,0.121212,0
2025-02-07,600.77,0.160978,1
2025-02-10,604.85,0.162132,1
2025-02-11,605.31,0.154875,1
2025-02-12,603.36,0.170137,1
2025-02-13,609.73,0.120654,1
2025-02-14,609.7,0.157932,0
2025-02-18,611.49,0.152655,0
2025-02-19,612.93,0.149473,0
2025-02-20,610.38,0.154807,0
2025-02-21,599.94,0.189918,0
2025-02-24,597.21,0.248291,0
2025-02-25,594.24,0.245298,0
2025-02-26,594.54,0.291758,0
2025-02-27,585.05,0.313544,0
2025-02-28,594.18,0.209684,0
2025-03-03,583.77,0.350109,0
2025-03-04,576.86,0.304288,0
2025-03-05,583.06,0.313446,0
2025-03-06,572.71,0.417304,0
2025-03-07,575.92,0.314104,0
2025-03-10,560.58,0.463305,0
2025-03-11,555.92,0.492031,0
2025-03-12,558.87,0.433642,0
2025-03-13,551.42,0.4988,0
2025-03-14,562.81,0.368435,0
2025-03-17,567.15,0.36749,0
2025-03-18,561.02,0.412011,0
2025-03-19,567.13,0.319871,0
2025-03-20,565.49,0.345507,0
2025-03-21,563.98,0.251353,0
2025-03-24,574.08,0.240579,0
2025-03-25,575.46,0.255288,0
2025-03-26,568.59,0.249601,0
2025-03-27,567.08,0.249601,0
2025-03-28,555.66,0.315521,0
2025-03-31,559.39,0.19409,0
2025-04-01,560.97,0.237843,0
2025-04-02,564.52,0.219648,0
2025-04-03,536.7,0.423351,0
2025-04-04,505.28,0.162154,0
2025-04-07,504.38,0.126732,0
2025-04-08,496.48,0.29429,0
2025-04-09,548.62,0.130382,1
2025-04-10,524.58,0.15963,1
2025-04-11,533.94,0.245192,1
2025-04-14,539.12,0.206376,1
2025-04-15,537.61,0.202232,1
2025-04-16,525.66,0.08009,0
2025-04-17,526.41,0.131425,0
2025-04-21,513.88,0.18201,0
2025-04-22,527.25,0.085873,0
2025-04-23,535.42,0.047259,0
2025-04-24,546.69,0.075121,0
2025-04-25,550.64,0.068765,0
2025-04-28,550.85,0.08882,0
2025-04-29,554.32,0.073945,0
2025-04-30,554.54,0.035924,0
2025-05-01,558.47,0.037652,0
2025-05-02,566.76,0.028967,0
2025-05-05,563.51,0.034315,0
2025-05-06,558.8,0.045852,0
2025-05-07,561.15,0.024882,0
2025-05-08,565.06,0.021472,0
2025-05-09,564.34,0.086995,0
2025-05-12,582.99,0.198039,0
2025-05-13,586.84,0.181708,0
2025-05-14,587.59,0.162216,0
2025-05-15,590.46,0.146873,0
2025-05-16,594.2,0.172627,0
2025-05-19,594.85,0.124462,0
2025-05-20,592.85,0.156247,0
2025-05-21,582.86,0.125874,0
2025-05-22,583.09,0.114127,0
2025-05-23,579.11,0.098719,0
2025-05-27,591.15,0.091807,0
2025-05-28,587.73,0.101573,0
2025-05-29,590.05,0.081368,0
2025-05-30,589.39,0.067591,0
2025-06-02,592.71,0.097462,0
2025-06-03,596.09,0.083946,0
2025-06-04,595.93,0.099124,0
2025-06-05,593.05,0.071372,0
2025-06-06,599.14,0.09885,0
2025-06-09,599.68,0.094208,0
2025-06-10,603.08,0.087657,0
2025-06-11,601.36,0.108236,0
2025-06-12,603.75,0.119697,0
2025-06-13,597.0,0.130588,0
2025-06-16,602.68,0.093545,0
2025-06-17,597.53,0.116812,0
2025-06-18,597.44,0.116011,0
2025-06-20,594.28,0.095373,0
2025-06-23,600.15,0.094765,0
2025-06-24,606.78,0.110929,0
2025-06-25,607.12,0.122526,0
2025-06-26,611.87,0.142138,0
2025-06-27,614.91,0.156613,0
2025-06-30,617.85,0.144447,0
2025-07-01,617.65,0.15361,0
2025-07-02,620.45,0.155528,0
2025-07-03,625.34,0.185087,0
2025-07-07,620.68,0.144839,0
2025-07-08,620.34,0.137009,0
2025-07-09,624.06,0.122342,0
2025-07-10,625.82,0.119656,0
2025-07-11,623.62,0.101204,0
2025-07-14,624.81,0.120594,0
2025-07-15,622.14,0.100015,0
2025-07-16,624.22,0.085541,0
2025-07-17,628.04,0.11186,0
2025-07-18,627.58,0.125737,0
2025-07-21,628.77,0.130726,0
2025-07-22,628.86,0.146871,0
2025-07-23,634.21,0.15285,0
2025-07-24,634.42,0.134384,0
2025-07-25,637.1,0.159948,0
2025-07-28,636.94,0.154217,0
2025-07-29,635.26,0.145303,0
2025-07-30,634.46,0.108018,0
2025-07-31,632.08,0.100762,0
2025-08-01,621.72,0.173709,0
2025-08-04,631.17,0.13353,0
2025-08-05,627.97,0.182476,0
2025-08-06,632.78,0.128093,0
2025-08-07,632.25,0.122148,0
2025-08-08,637.18,0.142086,0
2025-08-11,635.92,0.138118,0
2025-08-12,642.69,0.15424,0
2025-08-13,644.89,0.147601,0
2025-08-14,644.95,0.140832,0
2025-08-15,643.44,0.115778,0
2025-08-18,643.3,0.138456,0
2025-08-19,639.81,0.094174,0
2025-08-20,638.11,0.107608,0
2025-08-21,635.55,0.153605,0
2025-08-22,645.31,0.080158,0
2025-08-25,642.47,0.089392,0
2025-08-26,645.16,0.092481,0
2025-08-27,646.63,0.102143,0
2025-08-28,648.92,0.100892,0
2025-08-29,645.05,0.083652,0
2025-09-02,640.27,0.158469,0
2025-09-03,643.74,0.114427,0
2025-09-04,649.12,0.118992,0
2025-09-05,647.24,0.097812,0
2025-09-08,648.83,0.120803,0
2025-09-09,650.33,0.128196,0
2025-09-10,652.21,0.119505,0
2025-09-11,657.63,0.139872,0
2025-09-12,657.41,0.128248,0
2025-09-15,660.91,0.136849,0
2025-09-16,660.0,0.13593,0
2025-09-17,659.18,0.092927,0
2025-09-18,662.26,0.09588,0
2025-09-19,663.7,0.094041,0
2025-09-22,666.84,0.127441,0
2025-09-23,663.21,0.135557,0
2025-09-24,661.1,0.151435,0
2025-09-25,658.05,0.166675,0
2025-09-26,661.82,0.123701,0
2025-09-29,663.68,0.108453,0
2025-09-30,666.18,0.113265,0
2025-10-01,668.45,0.152746,0
2025-10-02,669.22,0.181,0
2025-10-03,669.21,0.161601,0
2025-10-06,671.61,0.182078,0
2025-10-07,669.12,0.160955,0
2025-10-08,673.11,0.155314,0
2025-10-09,671.16,0.147924,0
2025-10-10,653.02,0.237389,0
2025-10-13,663.04,0.176482,0
2025-10-14,662.23,0.162127,0
2025-10-15,665.17,0.166341,0
2025-10-16,660.64,0.176752,0
2025-10-17,664.39,0.215469,0
2025-10-20,671.3,0.174324,0
2025-10-21,671.29,0.164973,0
2025-10-22,667.8,0.138629,0
2025-10-23,671.76,0.153709,0
2025-10-24,677.25,0.148709,0
2025-10-27,685.24,0.1705,0
2025-10-28,687.06,0.161119,0
2025-10-29,687.39,0.135688,1
2025-10-30,679.83,0.192857,1
2025-10-31,682.06,0.093991,1
2025-11-03,683.34,0.10836,1
2025-11-04,675.24,0.131652,1
2025-11-05,677.58,0.129221,0
2025-11-06,670.31,0.1544,0
2025-11-07,670.97,0.1353,0
2025-11-10,681.44,0.150846,0
2025-11-11,683.0,0.172401,0
2025-11-12,683.38,0.168333,0
2025-11-13,672.04,0.250929,0
2025-11-14,671.93,0.259568,1
2025-11-17,665.67,0.310132,1
2025-11-18,660.08,0.30118,1
2025-11-19,662.63,0.300738,1
2025-11-20,652.53,0.320958,1
2025-11-21,659.03,0.313488,0
2025-11-24,668.73,0.291564,0
2025-11-25,675.02,0.30388,0
2025-11-26,679.68,0.302669,0
2025-11-28,683.39,0.266239,0
2025-12-01,680.27,0.242346,0
2025-12-02,681.53,0.178001,0
2025-12-03,683.89,0.163392,0
2025-12-04,684.39,0.148817,0
2025-12-05,685.69,0.118058,0
2025-12-08,683.63,0.154,0
2025-12-09,683.04,0.131588,0
2025-12-10,687.57,0.10716,0
2025-12-11,689.17,0.099676,0
2025-12-12,681.76,0.111938,0
2025-12-15,680.73,0.143188,0
2025-12-16,678.87,0.110301,0
2025-12-17,671.4,0.161402,0
2025-12-18,676.47,0.134442,0
2025-12-19,680.59,0.133296,0
2025-12-22,684.83,0.143863,0
2025-12-23,687.96,0.153239,0
2025-12-24,690.38,0.218051,0
2025-12-26,690.31,0.210592,0
2025-12-29,687.85,0.163769,0
2025-12-30,687.01,0.158562,0
2025-12-31,681.92,0.192112,0
2026-01-02,683.17,0.14509,0
2026-01-05,687.72,0.111953,0
2026-01-06,691.81,0.112234,0
2026-01-07,689.58,0.107809,0
2026-01-08,689.51,0.125603,0
2026-01-09,694.07,0.110709,0
2026-01-12,695.16,0.118311,0
2026-01-13,693.77,0.100867,0
2026-01-14,690.36,0.106059,0
2026-01-15,692.24,0.117928,0
2026-01-16,691.66,0.111582,0
2026-01-20,677.58,0.286801,0
2026-01-21,685.4,0.13505,0
2026-01-22,688.98,0.115058,0
2026-01-23,689.23,0.121351,1
2026-01-26,692.73,0.121147,1
2026-01-27,695.49,0.146736,1
2026-01-28,695.42,0.141762,1
2026-01-29,694.04,0.115317,1
2026-01-30,691.97,0.116966,0
2026-02-02,695.41,0.125561,0
2026-02-03,689.53,0.116991,0
2026-02-04,686.19,0.193405,0
2026-02-05,677.62,0.27947,0
2026-02-06,690.62,0.132308,0
2026-02-09,693.95,0.106889,0
2026-02-10,692.12,0.125347,0
2026-02-11,691.96,0.118359,0
2026-02-12,681.27,0.243002,0
2026-02-13,681.75,0.218924,0
2026-02-17,682.85,0.228481,0
2026-02-18,686.29,0.205654,0
2026-02-19,684.48,0.274552,0
2026-02-20,689.43,0.146242,0
2026-02-23,682.39,0.303034,0
2026-02-24,687.35,0.24109,0
2026-02-25,693.15,0.163009,0
2026-02-26,689.3,0.151367,0
2026-02-27,685.99,0.201227,0
2026-03-02,686.38,0.219835,0
2026-03-03,680.33,0.28957,0
2026-03-04,685.13,0.223507,0
2026-03-05,681.31,0.251479,0
2026-03-06,672.38,0.378498,0
2026-03-09,678.27,0.309858,0
2026-03-10,677.18,0.389604,0
2026-03-11,676.33,0.384287,0
2026-03-12,666.06,0.421886,0
2026-03-13,662.29,0.47981,0
2026-03-16,669.03,0.389343,0
2026-03-17,670.79,0.321114,0
2026-03-18,661.43,0.436007,0
2026-03-19,659.8,0.397895,0
2026-03-20,648.57,0.395624,0
2026-03-23,655.38,0.311155,1
2026-03-24,653.18,0.37596,1
2026-03-25,656.82,0.362057,1
2026-03-26,645.09,0.466242,1
2026-03-27,634.09,0.536018,1
2026-03-30,631.97,0.494307,0
2026-03-31,650.34,0.225048,0
2026-04-01,655.24,0.176108,0
2026-04-02,655.83,0.254299,0
2026-04-06,658.93,0.335085,0
2026-04-07,659.22,0.30904,0
2026-04-08,676.01,0.179495,0
2026-04-09,679.91,0.191742,0
2026-04-10,679.46,0.191766,0
2026-04-13,686.1,0.189282,0
2026-04-14,694.46,0.197675,0
2026-04-15,699.94,0.161328,0
2026-04-16,701.66,0.151651,0
2026-04-17,710.14,0.156464,0
2026-04-20,708.72,0.167704,0
2026-04-21,704.08,0.113335,0
2026-04-22,711.21,0.124715,0
2026-04-23,708.45,0.091027,0
2026-04-24,713.94,0.09102,0
2026-04-27,715.17,0.118708,0
2026-04-28,711.69,0.117561,0
2026-04-29,711.58,0.097106,0
2026-04-30,718.66,0.097939,0
2026-05-01,720.65,0.117572,0
2026-05-04,718.01,0.093316,0
2026-05-05,723.77,0.125977,0
2026-05-06,733.83,0.122628,0
2026-05-07,731.58,0.113093,0
2026-05-08,737.62,0.116466,0
2026-05-11,739.3,0.122576,0
2026-05-12,738.18,0.084458,0
2026-05-13,742.31,0.090978,0
